ISO-10303-21;
HEADER;
FILE_DESCRIPTION(('Open CASCADE Model'),'2;1');
FILE_NAME('Open CASCADE Shape Model','2026-09-11T10:19:20',('Author'),(
    'Open CASCADE'),'Open CASCADE STEP processor 7.9','Open CASCADE 7.9'
  ,'Unknown');
FILE_SCHEMA(('AUTOMOTIVE_DESIGN { 1 0 10303 214 1 1 1 1 }'));
ENDSEC;
DATA;
#1 = APPLICATION_PROTOCOL_DEFINITION('international standard',
  'automotive_design',2000,#2);
#2 = APPLICATION_CONTEXT(
  'core data for automotive mechanical design processes');
#3 = SHAPE_DEFINITION_REPRESENTATION(#4,#10);
#4 = PRODUCT_DEFINITION_SHAPE('','',#5);
#5 = PRODUCT_DEFINITION('design','',#6,#9);
#6 = PRODUCT_DEFINITION_FORMATION('','',#7);
#7 = PRODUCT('volare_designed','volare_designed','',(#8));
#8 = PRODUCT_CONTEXT('',#2,'mechanical');
#9 = PRODUCT_DEFINITION_CONTEXT('part definition',#2,'design');
#10 = SHAPE_REPRESENTATION('',(#11,#15,#19,#23,#27,#31,#35,#39,#43,#47,
    #51,#55,#59,#63,#67,#71,#75,#79,#83,#87,#91,#95,#99,#103,#107,#111,
    #115,#119,#123,#127,#131,#135,#139,#143,#147,#151),#155);
#11 = AXIS2_PLACEMENT_3D('',#12,#13,#14);
#12 = CARTESIAN_POINT('',(0.,0.,0.));
#13 = DIRECTION('',(0.,0.,1.));
#14 = DIRECTION('',(1.,0.,-0.));
#15 = AXIS2_PLACEMENT_3D('',#16,#17,#18);
#16 = CARTESIAN_POINT('',(0.,0.,0.));
#17 = DIRECTION('',(0.,0.,1.));
#18 = DIRECTION('',(1.,0.,-0.));
#19 = AXIS2_PLACEMENT_3D('',#20,#21,#22);
#20 = CARTESIAN_POINT('',(0.,0.,0.));
#21 = DIRECTION('',(0.,0.,1.));
#22 = DIRECTION('',(1.,0.,-0.));
#23 = AXIS2_PLACEMENT_3D('',#24,#25,#26);
#24 = CARTESIAN_POINT('',(0.,0.,0.));
#25 = DIRECTION('',(0.,0.,1.));
#26 = DIRECTION('',(1.,0.,-0.));
#27 = AXIS2_PLACEMENT_3D('',#28,#29,#30);
#28 = CARTESIAN_POINT('',(0.,0.,0.));
#29 = DIRECTION('',(0.,0.,1.));
#30 = DIRECTION('',(1.,0.,-0.));
#31 = AXIS2_PLACEMENT_3D('',#32,#33,#34);
#32 = CARTESIAN_POINT('',(0.,0.,0.));
#33 = DIRECTION('',(0.,0.,1.));
#34 = DIRECTION('',(1.,0.,-0.));
#35 = AXIS2_PLACEMENT_3D('',#36,#37,#38);
#36 = CARTESIAN_POINT('',(0.,0.,0.));
#37 = DIRECTION('',(0.,0.,1.));
#38 = DIRECTION('',(1.,0.,-0.));
#39 = AXIS2_PLACEMENT_3D('',#40,#41,#42);
#40 = CARTESIAN_POINT('',(0.,0.,0.));
#41 = DIRECTION('',(0.,0.,1.));
#42 = DIRECTION('',(1.,0.,-0.));
#43 = AXIS2_PLACEMENT_3D('',#44,#45,#46);
#44 = CARTESIAN_POINT('',(0.,0.,0.));
#45 = DIRECTION('',(0.,0.,1.));
#46 = DIRECTION('',(1.,0.,-0.));
#47 = AXIS2_PLACEMENT_3D('',#48,#49,#50);
#48 = CARTESIAN_POINT('',(0.,0.,0.));
#49 = DIRECTION('',(0.,0.,1.));
#50 = DIRECTION('',(1.,0.,-0.));
#51 = AXIS2_PLACEMENT_3D('',#52,#53,#54);
#52 = CARTESIAN_POINT('',(0.,0.,0.));
#53 = DIRECTION('',(0.,0.,1.));
#54 = DIRECTION('',(1.,0.,-0.));
#55 = AXIS2_PLACEMENT_3D('',#56,#57,#58);
#56 = CARTESIAN_POINT('',(0.,0.,0.));
#57 = DIRECTION('',(0.,0.,1.));
#58 = DIRECTION('',(1.,0.,-0.));
#59 = AXIS2_PLACEMENT_3D('',#60,#61,#62);
#60 = CARTESIAN_POINT('',(0.,0.,0.));
#61 = DIRECTION('',(0.,0.,1.));
#62 = DIRECTION('',(1.,0.,-0.));
#63 = AXIS2_PLACEMENT_3D('',#64,#65,#66);
#64 = CARTESIAN_POINT('',(0.,0.,0.));
#65 = DIRECTION('',(0.,0.,1.));
#66 = DIRECTION('',(1.,0.,-0.));
#67 = AXIS2_PLACEMENT_3D('',#68,#69,#70);
#68 = CARTESIAN_POINT('',(0.,0.,0.));
#69 = DIRECTION('',(0.,0.,1.));
#70 = DIRECTION('',(1.,0.,-0.));
#71 = AXIS2_PLACEMENT_3D('',#72,#73,#74);
#72 = CARTESIAN_POINT('',(0.,0.,0.));
#73 = DIRECTION('',(0.,0.,1.));
#74 = DIRECTION('',(1.,0.,-0.));
#75 = AXIS2_PLACEMENT_3D('',#76,#77,#78);
#76 = CARTESIAN_POINT('',(0.,0.,0.));
#77 = DIRECTION('',(0.,0.,1.));
#78 = DIRECTION('',(1.,0.,-0.));
#79 = AXIS2_PLACEMENT_3D('',#80,#81,#82);
#80 = CARTESIAN_POINT('',(0.,0.,0.));
#81 = DIRECTION('',(0.,0.,1.));
#82 = DIRECTION('',(1.,0.,-0.));
#83 = AXIS2_PLACEMENT_3D('',#84,#85,#86);
#84 = CARTESIAN_POINT('',(0.,0.,0.));
#85 = DIRECTION('',(0.,0.,1.));
#86 = DIRECTION('',(1.,0.,-0.));
#87 = AXIS2_PLACEMENT_3D('',#88,#89,#90);
#88 = CARTESIAN_POINT('',(0.,0.,0.));
#89 = DIRECTION('',(0.,0.,1.));
#90 = DIRECTION('',(1.,0.,-0.));
#91 = AXIS2_PLACEMENT_3D('',#92,#93,#94);
#92 = CARTESIAN_POINT('',(0.,0.,0.));
#93 = DIRECTION('',(0.,0.,1.));
#94 = DIRECTION('',(1.,0.,-0.));
#95 = AXIS2_PLACEMENT_3D('',#96,#97,#98);
#96 = CARTESIAN_POINT('',(0.,0.,0.));
#97 = DIRECTION('',(0.,0.,1.));
#98 = DIRECTION('',(1.,0.,-0.));
#99 = AXIS2_PLACEMENT_3D('',#100,#101,#102);
#100 = CARTESIAN_POINT('',(0.,0.,0.));
#101 = DIRECTION('',(0.,0.,1.));
#102 = DIRECTION('',(1.,0.,-0.));
#103 = AXIS2_PLACEMENT_3D('',#104,#105,#106);
#104 = CARTESIAN_POINT('',(0.,0.,0.));
#105 = DIRECTION('',(0.,0.,1.));
#106 = DIRECTION('',(1.,0.,-0.));
#107 = AXIS2_PLACEMENT_3D('',#108,#109,#110);
#108 = CARTESIAN_POINT('',(0.,0.,0.));
#109 = DIRECTION('',(0.,0.,1.));
#110 = DIRECTION('',(1.,0.,-0.));
#111 = AXIS2_PLACEMENT_3D('',#112,#113,#114);
#112 = CARTESIAN_POINT('',(0.,0.,0.));
#113 = DIRECTION('',(0.,0.,1.));
#114 = DIRECTION('',(1.,0.,-0.));
#115 = AXIS2_PLACEMENT_3D('',#116,#117,#118);
#116 = CARTESIAN_POINT('',(0.,0.,0.));
#117 = DIRECTION('',(0.,0.,1.));
#118 = DIRECTION('',(1.,0.,-0.));
#119 = AXIS2_PLACEMENT_3D('',#120,#121,#122);
#120 = CARTESIAN_POINT('',(0.,0.,0.));
#121 = DIRECTION('',(0.,0.,1.));
#122 = DIRECTION('',(1.,0.,-0.));
#123 = AXIS2_PLACEMENT_3D('',#124,#125,#126);
#124 = CARTESIAN_POINT('',(0.,0.,0.));
#125 = DIRECTION('',(0.,0.,1.));
#126 = DIRECTION('',(1.,0.,-0.));
#127 = AXIS2_PLACEMENT_3D('',#128,#129,#130);
#128 = CARTESIAN_POINT('',(0.,0.,0.));
#129 = DIRECTION('',(0.,0.,1.));
#130 = DIRECTION('',(1.,0.,-0.));
#131 = AXIS2_PLACEMENT_3D('',#132,#133,#134);
#132 = CARTESIAN_POINT('',(0.,0.,0.));
#133 = DIRECTION('',(0.,0.,1.));
#134 = DIRECTION('',(1.,0.,-0.));
#135 = AXIS2_PLACEMENT_3D('',#136,#137,#138);
#136 = CARTESIAN_POINT('',(0.,0.,0.));
#137 = DIRECTION('',(0.,0.,1.));
#138 = DIRECTION('',(1.,0.,-0.));
#139 = AXIS2_PLACEMENT_3D('',#140,#141,#142);
#140 = CARTESIAN_POINT('',(0.,0.,0.));
#141 = DIRECTION('',(0.,0.,1.));
#142 = DIRECTION('',(1.,0.,-0.));
#143 = AXIS2_PLACEMENT_3D('',#144,#145,#146);
#144 = CARTESIAN_POINT('',(0.,0.,0.));
#145 = DIRECTION('',(0.,0.,1.));
#146 = DIRECTION('',(1.,0.,-0.));
#147 = AXIS2_PLACEMENT_3D('',#148,#149,#150);
#148 = CARTESIAN_POINT('',(0.,0.,0.));
#149 = DIRECTION('',(0.,0.,1.));
#150 = DIRECTION('',(1.,0.,-0.));
#151 = AXIS2_PLACEMENT_3D('',#152,#153,#154);
#152 = CARTESIAN_POINT('',(0.,0.,0.));
#153 = DIRECTION('',(0.,0.,1.));
#154 = DIRECTION('',(1.,0.,-0.));
#155 = ( GEOMETRIC_REPRESENTATION_CONTEXT(3) 
GLOBAL_UNCERTAINTY_ASSIGNED_CONTEXT((#159)) GLOBAL_UNIT_ASSIGNED_CONTEXT
((#156,#157,#158)) REPRESENTATION_CONTEXT('Context #1',
  '3D Context with UNIT and UNCERTAINTY') );
#156 = ( LENGTH_UNIT() NAMED_UNIT(*) SI_UNIT(.MILLI.,.METRE.) );
#157 = ( NAMED_UNIT(*) PLANE_ANGLE_UNIT() SI_UNIT($,.RADIAN.) );
#158 = ( NAMED_UNIT(*) SI_UNIT($,.STERADIAN.) SOLID_ANGLE_UNIT() );
#159 = UNCERTAINTY_MEASURE_WITH_UNIT(LENGTH_MEASURE(2.E-07),#156,
  'distance_accuracy_value','confusion accuracy');
#160 = PRODUCT_RELATED_PRODUCT_CATEGORY('part',$,(#7));
#161 = SHAPE_DEFINITION_REPRESENTATION(#162,#168);
#162 = PRODUCT_DEFINITION_SHAPE('','',#163);
#163 = PRODUCT_DEFINITION('design','',#164,#167);
#164 = PRODUCT_DEFINITION_FORMATION('','',#165);
#165 = PRODUCT('FRAME/rail_port','FRAME/rail_port','',(#166));
#166 = PRODUCT_CONTEXT('',#2,'mechanical');
#167 = PRODUCT_DEFINITION_CONTEXT('part definition',#2,'design');
#168 = ADVANCED_BREP_SHAPE_REPRESENTATION('',(#11,#169),#499);
#169 = MANIFOLD_SOLID_BREP('',#170);
#170 = CLOSED_SHELL('',(#171,#291,#391,#438,#485,#492));
#171 = ADVANCED_FACE('',(#172),#186,.F.);
#172 = FACE_BOUND('',#173,.F.);
#173 = EDGE_LOOP('',(#174,#209,#237,#265));
#174 = ORIENTED_EDGE('',*,*,#175,.F.);
#175 = EDGE_CURVE('',#176,#178,#180,.T.);
#176 = VERTEX_POINT('',#177);
#177 = CARTESIAN_POINT('',(-2.0416E+03,325.,621.4));
#178 = VERTEX_POINT('',#179);
#179 = CARTESIAN_POINT('',(-2.0416E+03,325.,671.4));
#180 = SURFACE_CURVE('',#181,(#185,#197),.PCURVE_S1.);
#181 = LINE('',#182,#183);
#182 = CARTESIAN_POINT('',(-2.0416E+03,325.,621.4));
#183 = VECTOR('',#184,1.);
#184 = DIRECTION('',(0.,0.,1.));
#185 = PCURVE('',#186,#191);
#186 = PLANE('',#187);
#187 = AXIS2_PLACEMENT_3D('',#188,#189,#190);
#188 = CARTESIAN_POINT('',(-2.0416E+03,325.,621.4));
#189 = DIRECTION('',(1.,0.,0.));
#190 = DIRECTION('',(0.,0.,1.));
#191 = DEFINITIONAL_REPRESENTATION('',(#192),#196);
#192 = LINE('',#193,#194);
#193 = CARTESIAN_POINT('',(0.,0.));
#194 = VECTOR('',#195,1.);
#195 = DIRECTION('',(1.,0.));
#196 = ( GEOMETRIC_REPRESENTATION_CONTEXT(2) 
PARAMETRIC_REPRESENTATION_CONTEXT() REPRESENTATION_CONTEXT('2D SPACE',''
  ) );
#197 = PCURVE('',#198,#203);
#198 = PLANE('',#199);
#199 = AXIS2_PLACEMENT_3D('',#200,#201,#202);
#200 = CARTESIAN_POINT('',(-2.0416E+03,325.,621.4));
#201 = DIRECTION('',(0.,1.,0.));
#202 = DIRECTION('',(0.,0.,1.));
#203 = DEFINITIONAL_REPRESENTATION('',(#204),#208);
#204 = LINE('',#205,#206);
#205 = CARTESIAN_POINT('',(0.,0.));
#206 = VECTOR('',#207,1.);
#207 = DIRECTION('',(1.,0.));
#208 = ( GEOMETRIC_REPRESENTATION_CONTEXT(2) 
PARAMETRIC_REPRESENTATION_CONTEXT() REPRESENTATION_CONTEXT('2D SPACE',''
  ) );
#209 = ORIENTED_EDGE('',*,*,#210,.T.);
#210 = EDGE_CURVE('',#176,#211,#213,.T.);
#211 = VERTEX_POINT('',#212);
#212 = CARTESIAN_POINT('',(-2.0416E+03,425.,621.4));
#213 = SURFACE_CURVE('',#214,(#218,#225),.PCURVE_S1.);
#214 = LINE('',#215,#216);
#215 = CARTESIAN_POINT('',(-2.0416E+03,325.,621.4));
#216 = VECTOR('',#217,1.);
#217 = DIRECTION('',(0.,1.,0.));
#218 = PCURVE('',#186,#219);
#219 = DEFINITIONAL_REPRESENTATION('',(#220),#224);
#220 = LINE('',#221,#222);
#221 = CARTESIAN_POINT('',(0.,0.));
#222 = VECTOR('',#223,1.);
#223 = DIRECTION('',(0.,-1.));
#224 = ( GEOMETRIC_REPRESENTATION_CONTEXT(2) 
PARAMETRIC_REPRESENTATION_CONTEXT() REPRESENTATION_CONTEXT('2D SPACE',''
  ) );
#225 = PCURVE('',#226,#231);
#226 = PLANE('',#227);
#227 = AXIS2_PLACEMENT_3D('',#228,#229,#230);
#228 = CARTESIAN_POINT('',(-2.0416E+03,325.,621.4));
#229 = DIRECTION('',(0.,0.,1.));
#230 = DIRECTION('',(1.,0.,0.));
#231 = DEFINITIONAL_REPRESENTATION('',(#232),#236);
#232 = LINE('',#233,#234);
#233 = CARTESIAN_POINT('',(0.,0.));
#234 = VECTOR('',#235,1.);
#235 = DIRECTION('',(0.,1.));
#236 = ( GEOMETRIC_REPRESENTATION_CONTEXT(2) 
PARAMETRIC_REPRESENTATION_CONTEXT() REPRESENTATION_CONTEXT('2D SPACE',''
  ) );
#237 = ORIENTED_EDGE('',*,*,#238,.T.);
#238 = EDGE_CURVE('',#211,#239,#241,.T.);
#239 = VERTEX_POINT('',#240);
#240 = CARTESIAN_POINT('',(-2.0416E+03,425.,671.4));
#241 = SURFACE_CURVE('',#242,(#246,#253),.PCURVE_S1.);
#242 = LINE('',#243,#244);
#243 = CARTESIAN_POINT('',(-2.0416E+03,425.,621.4));
#244 = VECTOR('',#245,1.);
#245 = DIRECTION('',(0.,0.,1.));
#246 = PCURVE('',#186,#247);
#247 = DEFINITIONAL_REPRESENTATION('',(#248),#252);
#248 = LINE('',#249,#250);
#249 = CARTESIAN_POINT('',(0.,-100.));
#250 = VECTOR('',#251,1.);
#251 = DIRECTION('',(1.,0.));
#252 = ( GEOMETRIC_REPRESENTATION_CONTEXT(2) 
PARAMETRIC_REPRESENTATION_CONTEXT() REPRESENTATION_CONTEXT('2D SPACE',''
  ) );
#253 = PCURVE('',#254,#259);
#254 = PLANE('',#255);
#255 = AXIS2_PLACEMENT_3D('',#256,#257,#258);
#256 = CARTESIAN_POINT('',(-2.0416E+03,425.,621.4));
#257 = DIRECTION('',(0.,1.,0.));
#258 = DIRECTION('',(0.,0.,1.));
#259 = DEFINITIONAL_REPRESENTATION('',(#260),#264);
#260 = LINE('',#261,#262);
#261 = CARTESIAN_POINT('',(0.,0.));
#262 = VECTOR('',#263,1.);
#263 = DIRECTION('',(1.,0.));
#264 = ( GEOMETRIC_REPRESENTATION_CONTEXT(2) 
PARAMETRIC_REPRESENTATION_CONTEXT() REPRESENTATION_CONTEXT('2D SPACE',''
  ) );
#265 = ORIENTED_EDGE('',*,*,#266,.F.);
#266 = EDGE_CURVE('',#178,#239,#267,.T.);
#267 = SURFACE_CURVE('',#268,(#272,#279),.PCURVE_S1.);
#268 = LINE('',#269,#270);
#269 = CARTESIAN_POINT('',(-2.0416E+03,325.,671.4));
#270 = VECTOR('',#271,1.);
#271 = DIRECTION('',(0.,1.,0.));
#272 = PCURVE('',#186,#273);
#273 = DEFINITIONAL_REPRESENTATION('',(#274),#278);
#274 = LINE('',#275,#276);
#275 = CARTESIAN_POINT('',(50.,0.));
#276 = VECTOR('',#277,1.);
#277 = DIRECTION('',(0.,-1.));
#278 = ( GEOMETRIC_REPRESENTATION_CONTEXT(2) 
PARAMETRIC_REPRESENTATION_CONTEXT() REPRESENTATION_CONTEXT('2D SPACE',''
  ) );
#279 = PCURVE('',#280,#285);
#280 = PLANE('',#281);
#281 = AXIS2_PLACEMENT_3D('',#282,#283,#284);
#282 = CARTESIAN_POINT('',(-2.0416E+03,325.,671.4));
#283 = DIRECTION('',(0.,0.,1.));
#284 = DIRECTION('',(1.,0.,0.));
#285 = DEFINITIONAL_REPRESENTATION('',(#286),#290);
#286 = LINE('',#287,#288);
#287 = CARTESIAN_POINT('',(0.,0.));
#288 = VECTOR('',#289,1.);
#289 = DIRECTION('',(0.,1.));
#290 = ( GEOMETRIC_REPRESENTATION_CONTEXT(2) 
PARAMETRIC_REPRESENTATION_CONTEXT() REPRESENTATION_CONTEXT('2D SPACE',''
  ) );
#291 = ADVANCED_FACE('',(#292),#306,.T.);
#292 = FACE_BOUND('',#293,.T.);
#293 = EDGE_LOOP('',(#294,#324,#347,#370));
#294 = ORIENTED_EDGE('',*,*,#295,.F.);
#295 = EDGE_CURVE('',#296,#298,#300,.T.);
#296 = VERTEX_POINT('',#297);
#297 = CARTESIAN_POINT('',(1.071E+03,325.,621.4));
#298 = VERTEX_POINT('',#299);
#299 = CARTESIAN_POINT('',(1.071E+03,325.,671.4));
#300 = SURFACE_CURVE('',#301,(#305,#317),.PCURVE_S1.);
#301 = LINE('',#302,#303);
#302 = CARTESIAN_POINT('',(1.071E+03,325.,621.4));
#303 = VECTOR('',#304,1.);
#304 = DIRECTION('',(0.,0.,1.));
#305 = PCURVE('',#306,#311);
#306 = PLANE('',#307);
#307 = AXIS2_PLACEMENT_3D('',#308,#309,#310);
#308 = CARTESIAN_POINT('',(1.071E+03,325.,621.4));
#309 = DIRECTION('',(1.,0.,0.));
#310 = DIRECTION('',(0.,0.,1.));
#311 = DEFINITIONAL_REPRESENTATION('',(#312),#316);
#312 = LINE('',#313,#314);
#313 = CARTESIAN_POINT('',(0.,0.));
#314 = VECTOR('',#315,1.);
#315 = DIRECTION('',(1.,0.));
#316 = ( GEOMETRIC_REPRESENTATION_CONTEXT(2) 
PARAMETRIC_REPRESENTATION_CONTEXT() REPRESENTATION_CONTEXT('2D SPACE',''
  ) );
#317 = PCURVE('',#198,#318);
#318 = DEFINITIONAL_REPRESENTATION('',(#319),#323);
#319 = LINE('',#320,#321);
#320 = CARTESIAN_POINT('',(0.,3.1126E+03));
#321 = VECTOR('',#322,1.);
#322 = DIRECTION('',(1.,0.));
#323 = ( GEOMETRIC_REPRESENTATION_CONTEXT(2) 
PARAMETRIC_REPRESENTATION_CONTEXT() REPRESENTATION_CONTEXT('2D SPACE',''
  ) );
#324 = ORIENTED_EDGE('',*,*,#325,.T.);
#325 = EDGE_CURVE('',#296,#326,#328,.T.);
#326 = VERTEX_POINT('',#327);
#327 = CARTESIAN_POINT('',(1.071E+03,425.,621.4));
#328 = SURFACE_CURVE('',#329,(#333,#340),.PCURVE_S1.);
#329 = LINE('',#330,#331);
#330 = CARTESIAN_POINT('',(1.071E+03,325.,621.4));
#331 = VECTOR('',#332,1.);
#332 = DIRECTION('',(0.,1.,0.));
#333 = PCURVE('',#306,#334);
#334 = DEFINITIONAL_REPRESENTATION('',(#335),#339);
#335 = LINE('',#336,#337);
#336 = CARTESIAN_POINT('',(0.,0.));
#337 = VECTOR('',#338,1.);
#338 = DIRECTION('',(0.,-1.));
#339 = ( GEOMETRIC_REPRESENTATION_CONTEXT(2) 
PARAMETRIC_REPRESENTATION_CONTEXT() REPRESENTATION_CONTEXT('2D SPACE',''
  ) );
#340 = PCURVE('',#226,#341);
#341 = DEFINITIONAL_REPRESENTATION('',(#342),#346);
#342 = LINE('',#343,#344);
#343 = CARTESIAN_POINT('',(3.1126E+03,0.));
#344 = VECTOR('',#345,1.);
#345 = DIRECTION('',(0.,1.));
#346 = ( GEOMETRIC_REPRESENTATION_CONTEXT(2) 
PARAMETRIC_REPRESENTATION_CONTEXT() REPRESENTATION_CONTEXT('2D SPACE',''
  ) );
#347 = ORIENTED_EDGE('',*,*,#348,.T.);
#348 = EDGE_CURVE('',#326,#349,#351,.T.);
#349 = VERTEX_POINT('',#350);
#350 = CARTESIAN_POINT('',(1.071E+03,425.,671.4));
#351 = SURFACE_CURVE('',#352,(#356,#363),.PCURVE_S1.);
#352 = LINE('',#353,#354);
#353 = CARTESIAN_POINT('',(1.071E+03,425.,621.4));
#354 = VECTOR('',#355,1.);
#355 = DIRECTION('',(0.,0.,1.));
#356 = PCURVE('',#306,#357);
#357 = DEFINITIONAL_REPRESENTATION('',(#358),#362);
#358 = LINE('',#359,#360);
#359 = CARTESIAN_POINT('',(0.,-100.));
#360 = VECTOR('',#361,1.);
#361 = DIRECTION('',(1.,0.));
#362 = ( GEOMETRIC_REPRESENTATION_CONTEXT(2) 
PARAMETRIC_REPRESENTATION_CONTEXT() REPRESENTATION_CONTEXT('2D SPACE',''
  ) );
#363 = PCURVE('',#254,#364);
#364 = DEFINITIONAL_REPRESENTATION('',(#365),#369);
#365 = LINE('',#366,#367);
#366 = CARTESIAN_POINT('',(0.,3.1126E+03));
#367 = VECTOR('',#368,1.);
#368 = DIRECTION('',(1.,0.));
#369 = ( GEOMETRIC_REPRESENTATION_CONTEXT(2) 
PARAMETRIC_REPRESENTATION_CONTEXT() REPRESENTATION_CONTEXT('2D SPACE',''
  ) );
#370 = ORIENTED_EDGE('',*,*,#371,.F.);
#371 = EDGE_CURVE('',#298,#349,#372,.T.);
#372 = SURFACE_CURVE('',#373,(#377,#384),.PCURVE_S1.);
#373 = LINE('',#374,#375);
#374 = CARTESIAN_POINT('',(1.071E+03,325.,671.4));
#375 = VECTOR('',#376,1.);
#376 = DIRECTION('',(0.,1.,0.));
#377 = PCURVE('',#306,#378);
#378 = DEFINITIONAL_REPRESENTATION('',(#379),#383);
#379 = LINE('',#380,#381);
#380 = CARTESIAN_POINT('',(50.,0.));
#381 = VECTOR('',#382,1.);
#382 = DIRECTION('',(0.,-1.));
#383 = ( GEOMETRIC_REPRESENTATION_CONTEXT(2) 
PARAMETRIC_REPRESENTATION_CONTEXT() REPRESENTATION_CONTEXT('2D SPACE',''
  ) );
#384 = PCURVE('',#280,#385);
#385 = DEFINITIONAL_REPRESENTATION('',(#386),#390);
#386 = LINE('',#387,#388);
#387 = CARTESIAN_POINT('',(3.1126E+03,0.));
#388 = VECTOR('',#389,1.);
#389 = DIRECTION('',(0.,1.));
#390 = ( GEOMETRIC_REPRESENTATION_CONTEXT(2) 
PARAMETRIC_REPRESENTATION_CONTEXT() REPRESENTATION_CONTEXT('2D SPACE',''
  ) );
#391 = ADVANCED_FACE('',(#392),#198,.F.);
#392 = FACE_BOUND('',#393,.F.);
#393 = EDGE_LOOP('',(#394,#415,#416,#437));
#394 = ORIENTED_EDGE('',*,*,#395,.F.);
#395 = EDGE_CURVE('',#176,#296,#396,.T.);
#396 = SURFACE_CURVE('',#397,(#401,#408),.PCURVE_S1.);
#397 = LINE('',#398,#399);
#398 = CARTESIAN_POINT('',(-2.0416E+03,325.,621.4));
#399 = VECTOR('',#400,1.);
#400 = DIRECTION('',(1.,0.,0.));
#401 = PCURVE('',#198,#402);
#402 = DEFINITIONAL_REPRESENTATION('',(#403),#407);
#403 = LINE('',#404,#405);
#404 = CARTESIAN_POINT('',(0.,0.));
#405 = VECTOR('',#406,1.);
#406 = DIRECTION('',(0.,1.));
#407 = ( GEOMETRIC_REPRESENTATION_CONTEXT(2) 
PARAMETRIC_REPRESENTATION_CONTEXT() REPRESENTATION_CONTEXT('2D SPACE',''
  ) );
#408 = PCURVE('',#226,#409);
#409 = DEFINITIONAL_REPRESENTATION('',(#410),#414);
#410 = LINE('',#411,#412);
#411 = CARTESIAN_POINT('',(0.,0.));
#412 = VECTOR('',#413,1.);
#413 = DIRECTION('',(1.,0.));
#414 = ( GEOMETRIC_REPRESENTATION_CONTEXT(2) 
PARAMETRIC_REPRESENTATION_CONTEXT() REPRESENTATION_CONTEXT('2D SPACE',''
  ) );
#415 = ORIENTED_EDGE('',*,*,#175,.T.);
#416 = ORIENTED_EDGE('',*,*,#417,.T.);
#417 = EDGE_CURVE('',#178,#298,#418,.T.);
#418 = SURFACE_CURVE('',#419,(#423,#430),.PCURVE_S1.);
#419 = LINE('',#420,#421);
#420 = CARTESIAN_POINT('',(-2.0416E+03,325.,671.4));
#421 = VECTOR('',#422,1.);
#422 = DIRECTION('',(1.,0.,0.));
#423 = PCURVE('',#198,#424);
#424 = DEFINITIONAL_REPRESENTATION('',(#425),#429);
#425 = LINE('',#426,#427);
#426 = CARTESIAN_POINT('',(50.,0.));
#427 = VECTOR('',#428,1.);
#428 = DIRECTION('',(0.,1.));
#429 = ( GEOMETRIC_REPRESENTATION_CONTEXT(2) 
PARAMETRIC_REPRESENTATION_CONTEXT() REPRESENTATION_CONTEXT('2D SPACE',''
  ) );
#430 = PCURVE('',#280,#431);
#431 = DEFINITIONAL_REPRESENTATION('',(#432),#436);
#432 = LINE('',#433,#434);
#433 = CARTESIAN_POINT('',(0.,0.));
#434 = VECTOR('',#435,1.);
#435 = DIRECTION('',(1.,0.));
#436 = ( GEOMETRIC_REPRESENTATION_CONTEXT(2) 
PARAMETRIC_REPRESENTATION_CONTEXT() REPRESENTATION_CONTEXT('2D SPACE',''
  ) );
#437 = ORIENTED_EDGE('',*,*,#295,.F.);
#438 = ADVANCED_FACE('',(#439),#254,.T.);
#439 = FACE_BOUND('',#440,.T.);
#440 = EDGE_LOOP('',(#441,#462,#463,#484));
#441 = ORIENTED_EDGE('',*,*,#442,.F.);
#442 = EDGE_CURVE('',#211,#326,#443,.T.);
#443 = SURFACE_CURVE('',#444,(#448,#455),.PCURVE_S1.);
#444 = LINE('',#445,#446);
#445 = CARTESIAN_POINT('',(-2.0416E+03,425.,621.4));
#446 = VECTOR('',#447,1.);
#447 = DIRECTION('',(1.,0.,0.));
#448 = PCURVE('',#254,#449);
#449 = DEFINITIONAL_REPRESENTATION('',(#450),#454);
#450 = LINE('',#451,#452);
#451 = CARTESIAN_POINT('',(0.,0.));
#452 = VECTOR('',#453,1.);
#453 = DIRECTION('',(0.,1.));
#454 = ( GEOMETRIC_REPRESENTATION_CONTEXT(2) 
PARAMETRIC_REPRESENTATION_CONTEXT() REPRESENTATION_CONTEXT('2D SPACE',''
  ) );
#455 = PCURVE('',#226,#456);
#456 = DEFINITIONAL_REPRESENTATION('',(#457),#461);
#457 = LINE('',#458,#459);
#458 = CARTESIAN_POINT('',(0.,100.));
#459 = VECTOR('',#460,1.);
#460 = DIRECTION('',(1.,0.));
#461 = ( GEOMETRIC_REPRESENTATION_CONTEXT(2) 
PARAMETRIC_REPRESENTATION_CONTEXT() REPRESENTATION_CONTEXT('2D SPACE',''
  ) );
#462 = ORIENTED_EDGE('',*,*,#238,.T.);
#463 = ORIENTED_EDGE('',*,*,#464,.T.);
#464 = EDGE_CURVE('',#239,#349,#465,.T.);
#465 = SURFACE_CURVE('',#466,(#470,#477),.PCURVE_S1.);
#466 = LINE('',#467,#468);
#467 = CARTESIAN_POINT('',(-2.0416E+03,425.,671.4));
#468 = VECTOR('',#469,1.);
#469 = DIRECTION('',(1.,0.,0.));
#470 = PCURVE('',#254,#471);
#471 = DEFINITIONAL_REPRESENTATION('',(#472),#476);
#472 = LINE('',#473,#474);
#473 = CARTESIAN_POINT('',(50.,0.));
#474 = VECTOR('',#475,1.);
#475 = DIRECTION('',(0.,1.));
#476 = ( GEOMETRIC_REPRESENTATION_CONTEXT(2) 
PARAMETRIC_REPRESENTATION_CONTEXT() REPRESENTATION_CONTEXT('2D SPACE',''
  ) );
#477 = PCURVE('',#280,#478);
#478 = DEFINITIONAL_REPRESENTATION('',(#479),#483);
#479 = LINE('',#480,#481);
#480 = CARTESIAN_POINT('',(0.,100.));
#481 = VECTOR('',#482,1.);
#482 = DIRECTION('',(1.,0.));
#483 = ( GEOMETRIC_REPRESENTATION_CONTEXT(2) 
PARAMETRIC_REPRESENTATION_CONTEXT() REPRESENTATION_CONTEXT('2D SPACE',''
  ) );
#484 = ORIENTED_EDGE('',*,*,#348,.F.);
#485 = ADVANCED_FACE('',(#486),#226,.F.);
#486 = FACE_BOUND('',#487,.F.);
#487 = EDGE_LOOP('',(#488,#489,#490,#491));
#488 = ORIENTED_EDGE('',*,*,#210,.F.);
#489 = ORIENTED_EDGE('',*,*,#395,.T.);
#490 = ORIENTED_EDGE('',*,*,#325,.T.);
#491 = ORIENTED_EDGE('',*,*,#442,.F.);
#492 = ADVANCED_FACE('',(#493),#280,.T.);
#493 = FACE_BOUND('',#494,.T.);
#494 = EDGE_LOOP('',(#495,#496,#497,#498));
#495 = ORIENTED_EDGE('',*,*,#266,.F.);
#496 = ORIENTED_EDGE('',*,*,#417,.T.);
#497 = ORIENTED_EDGE('',*,*,#371,.T.);
#498 = ORIENTED_EDGE('',*,*,#464,.F.);
#499 = ( GEOMETRIC_REPRESENTATION_CONTEXT(3) 
GLOBAL_UNCERTAINTY_ASSIGNED_CONTEXT((#503)) GLOBAL_UNIT_ASSIGNED_CONTEXT
((#500,#501,#502)) REPRESENTATION_CONTEXT('Context #1',
  '3D Context with UNIT and UNCERTAINTY') );
#500 = ( LENGTH_UNIT() NAMED_UNIT(*) SI_UNIT(.MILLI.,.METRE.) );
#501 = ( NAMED_UNIT(*) PLANE_ANGLE_UNIT() SI_UNIT($,.RADIAN.) );
#502 = ( NAMED_UNIT(*) SI_UNIT($,.STERADIAN.) SOLID_ANGLE_UNIT() );
#503 = UNCERTAINTY_MEASURE_WITH_UNIT(LENGTH_MEASURE(1.E-07),#500,
  'distance_accuracy_value','confusion accuracy');
#504 = CONTEXT_DEPENDENT_SHAPE_REPRESENTATION(#505,#507);
#505 = ( REPRESENTATION_RELATIONSHIP('','',#168,#10) 
REPRESENTATION_RELATIONSHIP_WITH_TRANSFORMATION(#506) 
SHAPE_REPRESENTATION_RELATIONSHIP() );
#506 = ITEM_DEFINED_TRANSFORMATION('','',#11,#15);
#507 = PRODUCT_DEFINITION_SHAPE('Placement','Placement of an item',#508
  );
#508 = NEXT_ASSEMBLY_USAGE_OCCURRENCE('1','FRAME/rail_port','',#5,#163,$
  );
#509 = PRODUCT_RELATED_PRODUCT_CATEGORY('part',$,(#165));
#510 = SHAPE_DEFINITION_REPRESENTATION(#511,#517);
#511 = PRODUCT_DEFINITION_SHAPE('','',#512);
#512 = PRODUCT_DEFINITION('design','',#513,#516);
#513 = PRODUCT_DEFINITION_FORMATION('','',#514);
#514 = PRODUCT('FRAME/rail_stbd','FRAME/rail_stbd','',(#515));
#515 = PRODUCT_CONTEXT('',#2,'mechanical');
#516 = PRODUCT_DEFINITION_CONTEXT('part definition',#2,'design');
#517 = ADVANCED_BREP_SHAPE_REPRESENTATION('',(#11,#518),#848);
#518 = MANIFOLD_SOLID_BREP('',#519);
#519 = CLOSED_SHELL('',(#520,#640,#740,#787,#834,#841));
#520 = ADVANCED_FACE('',(#521),#535,.F.);
#521 = FACE_BOUND('',#522,.F.);
#522 = EDGE_LOOP('',(#523,#558,#586,#614));
#523 = ORIENTED_EDGE('',*,*,#524,.F.);
#524 = EDGE_CURVE('',#525,#527,#529,.T.);
#525 = VERTEX_POINT('',#526);
#526 = CARTESIAN_POINT('',(-2.0416E+03,-425.,621.4));
#527 = VERTEX_POINT('',#528);
#528 = CARTESIAN_POINT('',(-2.0416E+03,-425.,671.4));
#529 = SURFACE_CURVE('',#530,(#534,#546),.PCURVE_S1.);
#530 = LINE('',#531,#532);
#531 = CARTESIAN_POINT('',(-2.0416E+03,-425.,621.4));
#532 = VECTOR('',#533,1.);
#533 = DIRECTION('',(0.,0.,1.));
#534 = PCURVE('',#535,#540);
#535 = PLANE('',#536);
#536 = AXIS2_PLACEMENT_3D('',#537,#538,#539);
#537 = CARTESIAN_POINT('',(-2.0416E+03,-425.,621.4));
#538 = DIRECTION('',(1.,0.,0.));
#539 = DIRECTION('',(0.,0.,1.));
#540 = DEFINITIONAL_REPRESENTATION('',(#541),#545);
#541 = LINE('',#542,#543);
#542 = CARTESIAN_POINT('',(0.,0.));
#543 = VECTOR('',#544,1.);
#544 = DIRECTION('',(1.,0.));
#545 = ( GEOMETRIC_REPRESENTATION_CONTEXT(2) 
PARAMETRIC_REPRESENTATION_CONTEXT() REPRESENTATION_CONTEXT('2D SPACE',''
  ) );
#546 = PCURVE('',#547,#552);
#547 = PLANE('',#548);
#548 = AXIS2_PLACEMENT_3D('',#549,#550,#551);
#549 = CARTESIAN_POINT('',(-2.0416E+03,-425.,621.4));
#550 = DIRECTION('',(0.,1.,0.));
#551 = DIRECTION('',(0.,0.,1.));
#552 = DEFINITIONAL_REPRESENTATION('',(#553),#557);
#553 = LINE('',#554,#555);
#554 = CARTESIAN_POINT('',(0.,0.));
#555 = VECTOR('',#556,1.);
#556 = DIRECTION('',(1.,0.));
#557 = ( GEOMETRIC_REPRESENTATION_CONTEXT(2) 
PARAMETRIC_REPRESENTATION_CONTEXT() REPRESENTATION_CONTEXT('2D SPACE',''
  ) );
#558 = ORIENTED_EDGE('',*,*,#559,.T.);
#559 = EDGE_CURVE('',#525,#560,#562,.T.);
#560 = VERTEX_POINT('',#561);
#561 = CARTESIAN_POINT('',(-2.0416E+03,-325.,621.4));
#562 = SURFACE_CURVE('',#563,(#567,#574),.PCURVE_S1.);
#563 = LINE('',#564,#565);
#564 = CARTESIAN_POINT('',(-2.0416E+03,-425.,621.4));
#565 = VECTOR('',#566,1.);
#566 = DIRECTION('',(0.,1.,0.));
#567 = PCURVE('',#535,#568);
#568 = DEFINITIONAL_REPRESENTATION('',(#569),#573);
#569 = LINE('',#570,#571);
#570 = CARTESIAN_POINT('',(0.,0.));
#571 = VECTOR('',#572,1.);
#572 = DIRECTION('',(0.,-1.));
#573 = ( GEOMETRIC_REPRESENTATION_CONTEXT(2) 
PARAMETRIC_REPRESENTATION_CONTEXT() REPRESENTATION_CONTEXT('2D SPACE',''
  ) );
#574 = PCURVE('',#575,#580);
#575 = PLANE('',#576);
#576 = AXIS2_PLACEMENT_3D('',#577,#578,#579);
#577 = CARTESIAN_POINT('',(-2.0416E+03,-425.,621.4));
#578 = DIRECTION('',(0.,0.,1.));
#579 = DIRECTION('',(1.,0.,0.));
#580 = DEFINITIONAL_REPRESENTATION('',(#581),#585);
#581 = LINE('',#582,#583);
#582 = CARTESIAN_POINT('',(0.,0.));
#583 = VECTOR('',#584,1.);
#584 = DIRECTION('',(0.,1.));
#585 = ( GEOMETRIC_REPRESENTATION_CONTEXT(2) 
PARAMETRIC_REPRESENTATION_CONTEXT() REPRESENTATION_CONTEXT('2D SPACE',''
  ) );
#586 = ORIENTED_EDGE('',*,*,#587,.T.);
#587 = EDGE_CURVE('',#560,#588,#590,.T.);
#588 = VERTEX_POINT('',#589);
#589 = CARTESIAN_POINT('',(-2.0416E+03,-325.,671.4));
#590 = SURFACE_CURVE('',#591,(#595,#602),.PCURVE_S1.);
#591 = LINE('',#592,#593);
#592 = CARTESIAN_POINT('',(-2.0416E+03,-325.,621.4));
#593 = VECTOR('',#594,1.);
#594 = DIRECTION('',(0.,0.,1.));
#595 = PCURVE('',#535,#596);
#596 = DEFINITIONAL_REPRESENTATION('',(#597),#601);
#597 = LINE('',#598,#599);
#598 = CARTESIAN_POINT('',(0.,-100.));
#599 = VECTOR('',#600,1.);
#600 = DIRECTION('',(1.,0.));
#601 = ( GEOMETRIC_REPRESENTATION_CONTEXT(2) 
PARAMETRIC_REPRESENTATION_CONTEXT() REPRESENTATION_CONTEXT('2D SPACE',''
  ) );
#602 = PCURVE('',#603,#608);
#603 = PLANE('',#604);
#604 = AXIS2_PLACEMENT_3D('',#605,#606,#607);
#605 = CARTESIAN_POINT('',(-2.0416E+03,-325.,621.4));
#606 = DIRECTION('',(0.,1.,0.));
#607 = DIRECTION('',(0.,0.,1.));
#608 = DEFINITIONAL_REPRESENTATION('',(#609),#613);
#609 = LINE('',#610,#611);
#610 = CARTESIAN_POINT('',(0.,0.));
#611 = VECTOR('',#612,1.);
#612 = DIRECTION('',(1.,0.));
#613 = ( GEOMETRIC_REPRESENTATION_CONTEXT(2) 
PARAMETRIC_REPRESENTATION_CONTEXT() REPRESENTATION_CONTEXT('2D SPACE',''
  ) );
#614 = ORIENTED_EDGE('',*,*,#615,.F.);
#615 = EDGE_CURVE('',#527,#588,#616,.T.);
#616 = SURFACE_CURVE('',#617,(#621,#628),.PCURVE_S1.);
#617 = LINE('',#618,#619);
#618 = CARTESIAN_POINT('',(-2.0416E+03,-425.,671.4));
#619 = VECTOR('',#620,1.);
#620 = DIRECTION('',(0.,1.,0.));
#621 = PCURVE('',#535,#622);
#622 = DEFINITIONAL_REPRESENTATION('',(#623),#627);
#623 = LINE('',#624,#625);
#624 = CARTESIAN_POINT('',(50.,0.));
#625 = VECTOR('',#626,1.);
#626 = DIRECTION('',(0.,-1.));
#627 = ( GEOMETRIC_REPRESENTATION_CONTEXT(2) 
PARAMETRIC_REPRESENTATION_CONTEXT() REPRESENTATION_CONTEXT('2D SPACE',''
  ) );
#628 = PCURVE('',#629,#634);
#629 = PLANE('',#630);
#630 = AXIS2_PLACEMENT_3D('',#631,#632,#633);
#631 = CARTESIAN_POINT('',(-2.0416E+03,-425.,671.4));
#632 = DIRECTION('',(0.,0.,1.));
#633 = DIRECTION('',(1.,0.,0.));
#634 = DEFINITIONAL_REPRESENTATION('',(#635),#639);
#635 = LINE('',#636,#637);
#636 = CARTESIAN_POINT('',(0.,0.));
#637 = VECTOR('',#638,1.);
#638 = DIRECTION('',(0.,1.));
#639 = ( GEOMETRIC_REPRESENTATION_CONTEXT(2) 
PARAMETRIC_REPRESENTATION_CONTEXT() REPRESENTATION_CONTEXT('2D SPACE',''
  ) );
#640 = ADVANCED_FACE('',(#641),#655,.T.);
#641 = FACE_BOUND('',#642,.T.);
#642 = EDGE_LOOP('',(#643,#673,#696,#719));
#643 = ORIENTED_EDGE('',*,*,#644,.F.);
#644 = EDGE_CURVE('',#645,#647,#649,.T.);
#645 = VERTEX_POINT('',#646);
#646 = CARTESIAN_POINT('',(1.071E+03,-425.,621.4));
#647 = VERTEX_POINT('',#648);
#648 = CARTESIAN_POINT('',(1.071E+03,-425.,671.4));
#649 = SURFACE_CURVE('',#650,(#654,#666),.PCURVE_S1.);
#650 = LINE('',#651,#652);
#651 = CARTESIAN_POINT('',(1.071E+03,-425.,621.4));
#652 = VECTOR('',#653,1.);
#653 = DIRECTION('',(0.,0.,1.));
#654 = PCURVE('',#655,#660);
#655 = PLANE('',#656);
#656 = AXIS2_PLACEMENT_3D('',#657,#658,#659);
#657 = CARTESIAN_POINT('',(1.071E+03,-425.,621.4));
#658 = DIRECTION('',(1.,0.,0.));
#659 = DIRECTION('',(0.,0.,1.));
#660 = DEFINITIONAL_REPRESENTATION('',(#661),#665);
#661 = LINE('',#662,#663);
#662 = CARTESIAN_POINT('',(0.,0.));
#663 = VECTOR('',#664,1.);
#664 = DIRECTION('',(1.,0.));
#665 = ( GEOMETRIC_REPRESENTATION_CONTEXT(2) 
PARAMETRIC_REPRESENTATION_CONTEXT() REPRESENTATION_CONTEXT('2D SPACE',''
  ) );
#666 = PCURVE('',#547,#667);
#667 = DEFINITIONAL_REPRESENTATION('',(#668),#672);
#668 = LINE('',#669,#670);
#669 = CARTESIAN_POINT('',(0.,3.1126E+03));
#670 = VECTOR('',#671,1.);
#671 = DIRECTION('',(1.,0.));
#672 = ( GEOMETRIC_REPRESENTATION_CONTEXT(2) 
PARAMETRIC_REPRESENTATION_CONTEXT() REPRESENTATION_CONTEXT('2D SPACE',''
  ) );
#673 = ORIENTED_EDGE('',*,*,#674,.T.);
#674 = EDGE_CURVE('',#645,#675,#677,.T.);
#675 = VERTEX_POINT('',#676);
#676 = CARTESIAN_POINT('',(1.071E+03,-325.,621.4));
#677 = SURFACE_CURVE('',#678,(#682,#689),.PCURVE_S1.);
#678 = LINE('',#679,#680);
#679 = CARTESIAN_POINT('',(1.071E+03,-425.,621.4));
#680 = VECTOR('',#681,1.);
#681 = DIRECTION('',(0.,1.,0.));
#682 = PCURVE('',#655,#683);
#683 = DEFINITIONAL_REPRESENTATION('',(#684),#688);
#684 = LINE('',#685,#686);
#685 = CARTESIAN_POINT('',(0.,0.));
#686 = VECTOR('',#687,1.);
#687 = DIRECTION('',(0.,-1.));
#688 = ( GEOMETRIC_REPRESENTATION_CONTEXT(2) 
PARAMETRIC_REPRESENTATION_CONTEXT() REPRESENTATION_CONTEXT('2D SPACE',''
  ) );
#689 = PCURVE('',#575,#690);
#690 = DEFINITIONAL_REPRESENTATION('',(#691),#695);
#691 = LINE('',#692,#693);
#692 = CARTESIAN_POINT('',(3.1126E+03,0.));
#693 = VECTOR('',#694,1.);
#694 = DIRECTION('',(0.,1.));
#695 = ( GEOMETRIC_REPRESENTATION_CONTEXT(2) 
PARAMETRIC_REPRESENTATION_CONTEXT() REPRESENTATION_CONTEXT('2D SPACE',''
  ) );
#696 = ORIENTED_EDGE('',*,*,#697,.T.);
#697 = EDGE_CURVE('',#675,#698,#700,.T.);
#698 = VERTEX_POINT('',#699);
#699 = CARTESIAN_POINT('',(1.071E+03,-325.,671.4));
#700 = SURFACE_CURVE('',#701,(#705,#712),.PCURVE_S1.);
#701 = LINE('',#702,#703);
#702 = CARTESIAN_POINT('',(1.071E+03,-325.,621.4));
#703 = VECTOR('',#704,1.);
#704 = DIRECTION('',(0.,0.,1.));
#705 = PCURVE('',#655,#706);
#706 = DEFINITIONAL_REPRESENTATION('',(#707),#711);
#707 = LINE('',#708,#709);
#708 = CARTESIAN_POINT('',(0.,-100.));
#709 = VECTOR('',#710,1.);
#710 = DIRECTION('',(1.,0.));
#711 = ( GEOMETRIC_REPRESENTATION_CONTEXT(2) 
PARAMETRIC_REPRESENTATION_CONTEXT() REPRESENTATION_CONTEXT('2D SPACE',''
  ) );
#712 = PCURVE('',#603,#713);
#713 = DEFINITIONAL_REPRESENTATION('',(#714),#718);
#714 = LINE('',#715,#716);
#715 = CARTESIAN_POINT('',(0.,3.1126E+03));
#716 = VECTOR('',#717,1.);
#717 = DIRECTION('',(1.,0.));
#718 = ( GEOMETRIC_REPRESENTATION_CONTEXT(2) 
PARAMETRIC_REPRESENTATION_CONTEXT() REPRESENTATION_CONTEXT('2D SPACE',''
  ) );
#719 = ORIENTED_EDGE('',*,*,#720,.F.);
#720 = EDGE_CURVE('',#647,#698,#721,.T.);
#721 = SURFACE_CURVE('',#722,(#726,#733),.PCURVE_S1.);
#722 = LINE('',#723,#724);
#723 = CARTESIAN_POINT('',(1.071E+03,-425.,671.4));
#724 = VECTOR('',#725,1.);
#725 = DIRECTION('',(0.,1.,0.));
#726 = PCURVE('',#655,#727);
#727 = DEFINITIONAL_REPRESENTATION('',(#728),#732);
#728 = LINE('',#729,#730);
#729 = CARTESIAN_POINT('',(50.,0.));
#730 = VECTOR('',#731,1.);
#731 = DIRECTION('',(0.,-1.));
#732 = ( GEOMETRIC_REPRESENTATION_CONTEXT(2) 
PARAMETRIC_REPRESENTATION_CONTEXT() REPRESENTATION_CONTEXT('2D SPACE',''
  ) );
#733 = PCURVE('',#629,#734);
#734 = DEFINITIONAL_REPRESENTATION('',(#735),#739);
#735 = LINE('',#736,#737);
#736 = CARTESIAN_POINT('',(3.1126E+03,0.));
#737 = VECTOR('',#738,1.);
#738 = DIRECTION('',(0.,1.));
#739 = ( GEOMETRIC_REPRESENTATION_CONTEXT(2) 
PARAMETRIC_REPRESENTATION_CONTEXT() REPRESENTATION_CONTEXT('2D SPACE',''
  ) );
#740 = ADVANCED_FACE('',(#741),#547,.F.);
#741 = FACE_BOUND('',#742,.F.);
#742 = EDGE_LOOP('',(#743,#764,#765,#786));
#743 = ORIENTED_EDGE('',*,*,#744,.F.);
#744 = EDGE_CURVE('',#525,#645,#745,.T.);
#745 = SURFACE_CURVE('',#746,(#750,#757),.PCURVE_S1.);
#746 = LINE('',#747,#748);
#747 = CARTESIAN_POINT('',(-2.0416E+03,-425.,621.4));
#748 = VECTOR('',#749,1.);
#749 = DIRECTION('',(1.,0.,0.));
#750 = PCURVE('',#547,#751);
#751 = DEFINITIONAL_REPRESENTATION('',(#752),#756);
#752 = LINE('',#753,#754);
#753 = CARTESIAN_POINT('',(0.,0.));
#754 = VECTOR('',#755,1.);
#755 = DIRECTION('',(0.,1.));
#756 = ( GEOMETRIC_REPRESENTATION_CONTEXT(2) 
PARAMETRIC_REPRESENTATION_CONTEXT() REPRESENTATION_CONTEXT('2D SPACE',''
  ) );
#757 = PCURVE('',#575,#758);
#758 = DEFINITIONAL_REPRESENTATION('',(#759),#763);
#759 = LINE('',#760,#761);
#760 = CARTESIAN_POINT('',(0.,0.));
#761 = VECTOR('',#762,1.);
#762 = DIRECTION('',(1.,0.));
#763 = ( GEOMETRIC_REPRESENTATION_CONTEXT(2) 
PARAMETRIC_REPRESENTATION_CONTEXT() REPRESENTATION_CONTEXT('2D SPACE',''
  ) );
#764 = ORIENTED_EDGE('',*,*,#524,.T.);
#765 = ORIENTED_EDGE('',*,*,#766,.T.);
#766 = EDGE_CURVE('',#527,#647,#767,.T.);
#767 = SURFACE_CURVE('',#768,(#772,#779),.PCURVE_S1.);
#768 = LINE('',#769,#770);
#769 = CARTESIAN_POINT('',(-2.0416E+03,-425.,671.4));
#770 = VECTOR('',#771,1.);
#771 = DIRECTION('',(1.,0.,0.));
#772 = PCURVE('',#547,#773);
#773 = DEFINITIONAL_REPRESENTATION('',(#774),#778);
#774 = LINE('',#775,#776);
#775 = CARTESIAN_POINT('',(50.,0.));
#776 = VECTOR('',#777,1.);
#777 = DIRECTION('',(0.,1.));
#778 = ( GEOMETRIC_REPRESENTATION_CONTEXT(2) 
PARAMETRIC_REPRESENTATION_CONTEXT() REPRESENTATION_CONTEXT('2D SPACE',''
  ) );
#779 = PCURVE('',#629,#780);
#780 = DEFINITIONAL_REPRESENTATION('',(#781),#785);
#781 = LINE('',#782,#783);
#782 = CARTESIAN_POINT('',(0.,0.));
#783 = VECTOR('',#784,1.);
#784 = DIRECTION('',(1.,0.));
#785 = ( GEOMETRIC_REPRESENTATION_CONTEXT(2) 
PARAMETRIC_REPRESENTATION_CONTEXT() REPRESENTATION_CONTEXT('2D SPACE',''
  ) );
#786 = ORIENTED_EDGE('',*,*,#644,.F.);
#787 = ADVANCED_FACE('',(#788),#603,.T.);
#788 = FACE_BOUND('',#789,.T.);
#789 = EDGE_LOOP('',(#790,#811,#812,#833));
#790 = ORIENTED_EDGE('',*,*,#791,.F.);
#791 = EDGE_CURVE('',#560,#675,#792,.T.);
#792 = SURFACE_CURVE('',#793,(#797,#804),.PCURVE_S1.);
#793 = LINE('',#794,#795);
#794 = CARTESIAN_POINT('',(-2.0416E+03,-325.,621.4));
#795 = VECTOR('',#796,1.);
#796 = DIRECTION('',(1.,0.,0.));
#797 = PCURVE('',#603,#798);
#798 = DEFINITIONAL_REPRESENTATION('',(#799),#803);
#799 = LINE('',#800,#801);
#800 = CARTESIAN_POINT('',(0.,0.));
#801 = VECTOR('',#802,1.);
#802 = DIRECTION('',(0.,1.));
#803 = ( GEOMETRIC_REPRESENTATION_CONTEXT(2) 
PARAMETRIC_REPRESENTATION_CONTEXT() REPRESENTATION_CONTEXT('2D SPACE',''
  ) );
#804 = PCURVE('',#575,#805);
#805 = DEFINITIONAL_REPRESENTATION('',(#806),#810);
#806 = LINE('',#807,#808);
#807 = CARTESIAN_POINT('',(0.,100.));
#808 = VECTOR('',#809,1.);
#809 = DIRECTION('',(1.,0.));
#810 = ( GEOMETRIC_REPRESENTATION_CONTEXT(2) 
PARAMETRIC_REPRESENTATION_CONTEXT() REPRESENTATION_CONTEXT('2D SPACE',''
  ) );
#811 = ORIENTED_EDGE('',*,*,#587,.T.);
#812 = ORIENTED_EDGE('',*,*,#813,.T.);
#813 = EDGE_CURVE('',#588,#698,#814,.T.);
#814 = SURFACE_CURVE('',#815,(#819,#826),.PCURVE_S1.);
#815 = LINE('',#816,#817);
#816 = CARTESIAN_POINT('',(-2.0416E+03,-325.,671.4));
#817 = VECTOR('',#818,1.);
#818 = DIRECTION('',(1.,0.,0.));
#819 = PCURVE('',#603,#820);
#820 = DEFINITIONAL_REPRESENTATION('',(#821),#825);
#821 = LINE('',#822,#823);
#822 = CARTESIAN_POINT('',(50.,0.));
#823 = VECTOR('',#824,1.);
#824 = DIRECTION('',(0.,1.));
#825 = ( GEOMETRIC_REPRESENTATION_CONTEXT(2) 
PARAMETRIC_REPRESENTATION_CONTEXT() REPRESENTATION_CONTEXT('2D SPACE',''
  ) );
#826 = PCURVE('',#629,#827);
#827 = DEFINITIONAL_REPRESENTATION('',(#828),#832);
#828 = LINE('',#829,#830);
#829 = CARTESIAN_POINT('',(0.,100.));
#830 = VECTOR('',#831,1.);
#831 = DIRECTION('',(1.,0.));
#832 = ( GEOMETRIC_REPRESENTATION_CONTEXT(2) 
PARAMETRIC_REPRESENTATION_CONTEXT() REPRESENTATION_CONTEXT('2D SPACE',''
  ) );
#833 = ORIENTED_EDGE('',*,*,#697,.F.);
#834 = ADVANCED_FACE('',(#835),#575,.F.);
#835 = FACE_BOUND('',#836,.F.);
#836 = EDGE_LOOP('',(#837,#838,#839,#840));
#837 = ORIENTED_EDGE('',*,*,#559,.F.);
#838 = ORIENTED_EDGE('',*,*,#744,.T.);
#839 = ORIENTED_EDGE('',*,*,#674,.T.);
#840 = ORIENTED_EDGE('',*,*,#791,.F.);
#841 = ADVANCED_FACE('',(#842),#629,.T.);
#842 = FACE_BOUND('',#843,.T.);
#843 = EDGE_LOOP('',(#844,#845,#846,#847));
#844 = ORIENTED_EDGE('',*,*,#615,.F.);
#845 = ORIENTED_EDGE('',*,*,#766,.T.);
#846 = ORIENTED_EDGE('',*,*,#720,.T.);
#847 = ORIENTED_EDGE('',*,*,#813,.F.);
#848 = ( GEOMETRIC_REPRESENTATION_CONTEXT(3) 
GLOBAL_UNCERTAINTY_ASSIGNED_CONTEXT((#852)) GLOBAL_UNIT_ASSIGNED_CONTEXT
((#849,#850,#851)) REPRESENTATION_CONTEXT('Context #1',
  '3D Context with UNIT and UNCERTAINTY') );
#849 = ( LENGTH_UNIT() NAMED_UNIT(*) SI_UNIT(.MILLI.,.METRE.) );
#850 = ( NAMED_UNIT(*) PLANE_ANGLE_UNIT() SI_UNIT($,.RADIAN.) );
#851 = ( NAMED_UNIT(*) SI_UNIT($,.STERADIAN.) SOLID_ANGLE_UNIT() );
#852 = UNCERTAINTY_MEASURE_WITH_UNIT(LENGTH_MEASURE(1.E-07),#849,
  'distance_accuracy_value','confusion accuracy');
#853 = CONTEXT_DEPENDENT_SHAPE_REPRESENTATION(#854,#856);
#854 = ( REPRESENTATION_RELATIONSHIP('','',#517,#10) 
REPRESENTATION_RELATIONSHIP_WITH_TRANSFORMATION(#855) 
SHAPE_REPRESENTATION_RELATIONSHIP() );
#855 = ITEM_DEFINED_TRANSFORMATION('','',#11,#19);
#856 = PRODUCT_DEFINITION_SHAPE('Placement','Placement of an item',#857
  );
#857 = NEXT_ASSEMBLY_USAGE_OCCURRENCE('2','FRAME/rail_stbd','',#5,#512,$
  );
#858 = PRODUCT_RELATED_PRODUCT_CATEGORY('part',$,(#514));
#859 = SHAPE_DEFINITION_REPRESENTATION(#860,#866);
#860 = PRODUCT_DEFINITION_SHAPE('','',#861);
#861 = PRODUCT_DEFINITION('design','',#862,#865);
#862 = PRODUCT_DEFINITION_FORMATION('','',#863);
#863 = PRODUCT('FRAME/clamp_fwd_port','FRAME/clamp_fwd_port','',(#864));
#864 = PRODUCT_CONTEXT('',#2,'mechanical');
#865 = PRODUCT_DEFINITION_CONTEXT('part definition',#2,'design');
#866 = ADVANCED_BREP_SHAPE_REPRESENTATION('',(#11,#867),#1159);
#867 = MANIFOLD_SOLID_BREP('',#868);
#868 = CLOSED_SHELL('',(#869,#957,#1012,#1047,#1082,#1132));
#869 = ADVANCED_FACE('',(#870),#884,.T.);
#870 = FACE_BOUND('',#871,.F.);
#871 = EDGE_LOOP('',(#872,#902,#929,#930));
#872 = ORIENTED_EDGE('',*,*,#873,.T.);
#873 = EDGE_CURVE('',#874,#876,#878,.T.);
#874 = VERTEX_POINT('',#875);
#875 = CARTESIAN_POINT('',(1.0737E+03,375.,468.1));
#876 = VERTEX_POINT('',#877);
#877 = CARTESIAN_POINT('',(1.0737E+03,345.,468.1));
#878 = SEAM_CURVE('',#879,(#883,#895),.PCURVE_S1.);
#879 = LINE('',#880,#881);
#880 = CARTESIAN_POINT('',(1.0737E+03,375.,468.1));
#881 = VECTOR('',#882,1.);
#882 = DIRECTION('',(0.,-1.,0.));
#883 = PCURVE('',#884,#889);
#884 = CYLINDRICAL_SURFACE('',#885,62.);
#885 = AXIS2_PLACEMENT_3D('',#886,#887,#888);
#886 = CARTESIAN_POINT('',(1.0117E+03,375.,468.1));
#887 = DIRECTION('',(-0.,1.,-0.));
#888 = DIRECTION('',(1.,0.,0.));
#889 = DEFINITIONAL_REPRESENTATION('',(#890),#894);
#890 = LINE('',#891,#892);
#891 = CARTESIAN_POINT('',(-0.,0.));
#892 = VECTOR('',#893,1.);
#893 = DIRECTION('',(-0.,-1.));
#894 = ( GEOMETRIC_REPRESENTATION_CONTEXT(2) 
PARAMETRIC_REPRESENTATION_CONTEXT() REPRESENTATION_CONTEXT('2D SPACE',''
  ) );
#895 = PCURVE('',#884,#896);
#896 = DEFINITIONAL_REPRESENTATION('',(#897),#901);
#897 = LINE('',#898,#899);
#898 = CARTESIAN_POINT('',(-6.28318530718,0.));
#899 = VECTOR('',#900,1.);
#900 = DIRECTION('',(-0.,-1.));
#901 = ( GEOMETRIC_REPRESENTATION_CONTEXT(2) 
PARAMETRIC_REPRESENTATION_CONTEXT() REPRESENTATION_CONTEXT('2D SPACE',''
  ) );
#902 = ORIENTED_EDGE('',*,*,#903,.T.);
#903 = EDGE_CURVE('',#876,#876,#904,.T.);
#904 = SURFACE_CURVE('',#905,(#910,#917),.PCURVE_S1.);
#905 = CIRCLE('',#906,62.);
#906 = AXIS2_PLACEMENT_3D('',#907,#908,#909);
#907 = CARTESIAN_POINT('',(1.0117E+03,345.,468.1));
#908 = DIRECTION('',(0.,-1.,0.));
#909 = DIRECTION('',(1.,0.,0.));
#910 = PCURVE('',#884,#911);
#911 = DEFINITIONAL_REPRESENTATION('',(#912),#916);
#912 = LINE('',#913,#914);
#913 = CARTESIAN_POINT('',(-0.,-30.));
#914 = VECTOR('',#915,1.);
#915 = DIRECTION('',(-1.,0.));
#916 = ( GEOMETRIC_REPRESENTATION_CONTEXT(2) 
PARAMETRIC_REPRESENTATION_CONTEXT() REPRESENTATION_CONTEXT('2D SPACE',''
  ) );
#917 = PCURVE('',#918,#923);
#918 = PLANE('',#919);
#919 = AXIS2_PLACEMENT_3D('',#920,#921,#922);
#920 = CARTESIAN_POINT('',(1.0117E+03,345.,468.1));
#921 = DIRECTION('',(-0.,-1.,-0.));
#922 = DIRECTION('',(0.,0.,-1.));
#923 = DEFINITIONAL_REPRESENTATION('',(#924),#928);
#924 = CIRCLE('',#925,62.);
#925 = AXIS2_PLACEMENT_2D('',#926,#927);
#926 = CARTESIAN_POINT('',(0.,0.));
#927 = DIRECTION('',(0.,1.));
#928 = ( GEOMETRIC_REPRESENTATION_CONTEXT(2) 
PARAMETRIC_REPRESENTATION_CONTEXT() REPRESENTATION_CONTEXT('2D SPACE',''
  ) );
#929 = ORIENTED_EDGE('',*,*,#873,.F.);
#930 = ORIENTED_EDGE('',*,*,#931,.F.);
#931 = EDGE_CURVE('',#874,#874,#932,.T.);
#932 = SURFACE_CURVE('',#933,(#938,#945),.PCURVE_S1.);
#933 = CIRCLE('',#934,62.);
#934 = AXIS2_PLACEMENT_3D('',#935,#936,#937);
#935 = CARTESIAN_POINT('',(1.0117E+03,375.,468.1));
#936 = DIRECTION('',(0.,-1.,0.));
#937 = DIRECTION('',(1.,0.,0.));
#938 = PCURVE('',#884,#939);
#939 = DEFINITIONAL_REPRESENTATION('',(#940),#944);
#940 = LINE('',#941,#942);
#941 = CARTESIAN_POINT('',(-0.,0.));
#942 = VECTOR('',#943,1.);
#943 = DIRECTION('',(-1.,0.));
#944 = ( GEOMETRIC_REPRESENTATION_CONTEXT(2) 
PARAMETRIC_REPRESENTATION_CONTEXT() REPRESENTATION_CONTEXT('2D SPACE',''
  ) );
#945 = PCURVE('',#946,#951);
#946 = CYLINDRICAL_SURFACE('',#947,62.);
#947 = AXIS2_PLACEMENT_3D('',#948,#949,#950);
#948 = CARTESIAN_POINT('',(1.0117E+03,375.,468.1));
#949 = DIRECTION('',(0.,-1.,0.));
#950 = DIRECTION('',(1.,0.,0.));
#951 = DEFINITIONAL_REPRESENTATION('',(#952),#956);
#952 = LINE('',#953,#954);
#953 = CARTESIAN_POINT('',(0.,0.));
#954 = VECTOR('',#955,1.);
#955 = DIRECTION('',(1.,0.));
#956 = ( GEOMETRIC_REPRESENTATION_CONTEXT(2) 
PARAMETRIC_REPRESENTATION_CONTEXT() REPRESENTATION_CONTEXT('2D SPACE',''
  ) );
#957 = ADVANCED_FACE('',(#958),#946,.T.);
#958 = FACE_BOUND('',#959,.T.);
#959 = EDGE_LOOP('',(#960,#983,#1010,#1011));
#960 = ORIENTED_EDGE('',*,*,#961,.T.);
#961 = EDGE_CURVE('',#874,#962,#964,.T.);
#962 = VERTEX_POINT('',#963);
#963 = CARTESIAN_POINT('',(1.0737E+03,405.,468.1));
#964 = SEAM_CURVE('',#965,(#969,#976),.PCURVE_S1.);
#965 = LINE('',#966,#967);
#966 = CARTESIAN_POINT('',(1.0737E+03,375.,468.1));
#967 = VECTOR('',#968,1.);
#968 = DIRECTION('',(-0.,1.,-0.));
#969 = PCURVE('',#946,#970);
#970 = DEFINITIONAL_REPRESENTATION('',(#971),#975);
#971 = LINE('',#972,#973);
#972 = CARTESIAN_POINT('',(0.,0.));
#973 = VECTOR('',#974,1.);
#974 = DIRECTION('',(0.,-1.));
#975 = ( GEOMETRIC_REPRESENTATION_CONTEXT(2) 
PARAMETRIC_REPRESENTATION_CONTEXT() REPRESENTATION_CONTEXT('2D SPACE',''
  ) );
#976 = PCURVE('',#946,#977);
#977 = DEFINITIONAL_REPRESENTATION('',(#978),#982);
#978 = LINE('',#979,#980);
#979 = CARTESIAN_POINT('',(6.28318530718,0.));
#980 = VECTOR('',#981,1.);
#981 = DIRECTION('',(0.,-1.));
#982 = ( GEOMETRIC_REPRESENTATION_CONTEXT(2) 
PARAMETRIC_REPRESENTATION_CONTEXT() REPRESENTATION_CONTEXT('2D SPACE',''
  ) );
#983 = ORIENTED_EDGE('',*,*,#984,.T.);
#984 = EDGE_CURVE('',#962,#962,#985,.T.);
#985 = SURFACE_CURVE('',#986,(#991,#998),.PCURVE_S1.);
#986 = CIRCLE('',#987,62.);
#987 = AXIS2_PLACEMENT_3D('',#988,#989,#990);
#988 = CARTESIAN_POINT('',(1.0117E+03,405.,468.1));
#989 = DIRECTION('',(0.,-1.,0.));
#990 = DIRECTION('',(1.,0.,0.));
#991 = PCURVE('',#946,#992);
#992 = DEFINITIONAL_REPRESENTATION('',(#993),#997);
#993 = LINE('',#994,#995);
#994 = CARTESIAN_POINT('',(0.,-30.));
#995 = VECTOR('',#996,1.);
#996 = DIRECTION('',(1.,0.));
#997 = ( GEOMETRIC_REPRESENTATION_CONTEXT(2) 
PARAMETRIC_REPRESENTATION_CONTEXT() REPRESENTATION_CONTEXT('2D SPACE',''
  ) );
#998 = PCURVE('',#999,#1004);
#999 = PLANE('',#1000);
#1000 = AXIS2_PLACEMENT_3D('',#1001,#1002,#1003);
#1001 = CARTESIAN_POINT('',(1.0117E+03,405.,468.1));
#1002 = DIRECTION('',(-0.,-1.,-0.));
#1003 = DIRECTION('',(0.,0.,-1.));
#1004 = DEFINITIONAL_REPRESENTATION('',(#1005),#1009);
#1005 = CIRCLE('',#1006,62.);
#1006 = AXIS2_PLACEMENT_2D('',#1007,#1008);
#1007 = CARTESIAN_POINT('',(0.,0.));
#1008 = DIRECTION('',(0.,1.));
#1009 = ( GEOMETRIC_REPRESENTATION_CONTEXT(2) 
PARAMETRIC_REPRESENTATION_CONTEXT() REPRESENTATION_CONTEXT('2D SPACE',''
  ) );
#1010 = ORIENTED_EDGE('',*,*,#961,.F.);
#1011 = ORIENTED_EDGE('',*,*,#931,.F.);
#1012 = ADVANCED_FACE('',(#1013,#1016),#918,.T.);
#1013 = FACE_BOUND('',#1014,.T.);
#1014 = EDGE_LOOP('',(#1015));
#1015 = ORIENTED_EDGE('',*,*,#903,.T.);
#1016 = FACE_BOUND('',#1017,.T.);
#1017 = EDGE_LOOP('',(#1018));
#1018 = ORIENTED_EDGE('',*,*,#1019,.F.);
#1019 = EDGE_CURVE('',#1020,#1020,#1022,.T.);
#1020 = VERTEX_POINT('',#1021);
#1021 = CARTESIAN_POINT('',(1.0657E+03,345.,468.1));
#1022 = SURFACE_CURVE('',#1023,(#1028,#1035),.PCURVE_S1.);
#1023 = CIRCLE('',#1024,54.);
#1024 = AXIS2_PLACEMENT_3D('',#1025,#1026,#1027);
#1025 = CARTESIAN_POINT('',(1.0117E+03,345.,468.1));
#1026 = DIRECTION('',(0.,-1.,0.));
#1027 = DIRECTION('',(1.,0.,0.));
#1028 = PCURVE('',#918,#1029);
#1029 = DEFINITIONAL_REPRESENTATION('',(#1030),#1034);
#1030 = CIRCLE('',#1031,54.);
#1031 = AXIS2_PLACEMENT_2D('',#1032,#1033);
#1032 = CARTESIAN_POINT('',(0.,3.410605131648E-13));
#1033 = DIRECTION('',(0.,1.));
#1034 = ( GEOMETRIC_REPRESENTATION_CONTEXT(2) 
PARAMETRIC_REPRESENTATION_CONTEXT() REPRESENTATION_CONTEXT('2D SPACE',''
  ) );
#1035 = PCURVE('',#1036,#1041);
#1036 = CYLINDRICAL_SURFACE('',#1037,54.);
#1037 = AXIS2_PLACEMENT_3D('',#1038,#1039,#1040);
#1038 = CARTESIAN_POINT('',(1.0117E+03,375.,468.1));
#1039 = DIRECTION('',(-0.,1.,-0.));
#1040 = DIRECTION('',(1.,0.,0.));
#1041 = DEFINITIONAL_REPRESENTATION('',(#1042),#1046);
#1042 = LINE('',#1043,#1044);
#1043 = CARTESIAN_POINT('',(-0.,-30.));
#1044 = VECTOR('',#1045,1.);
#1045 = DIRECTION('',(-1.,0.));
#1046 = ( GEOMETRIC_REPRESENTATION_CONTEXT(2) 
PARAMETRIC_REPRESENTATION_CONTEXT() REPRESENTATION_CONTEXT('2D SPACE',''
  ) );
#1047 = ADVANCED_FACE('',(#1048,#1051),#999,.F.);
#1048 = FACE_BOUND('',#1049,.F.);
#1049 = EDGE_LOOP('',(#1050));
#1050 = ORIENTED_EDGE('',*,*,#984,.T.);
#1051 = FACE_BOUND('',#1052,.F.);
#1052 = EDGE_LOOP('',(#1053));
#1053 = ORIENTED_EDGE('',*,*,#1054,.F.);
#1054 = EDGE_CURVE('',#1055,#1055,#1057,.T.);
#1055 = VERTEX_POINT('',#1056);
#1056 = CARTESIAN_POINT('',(1.0657E+03,405.,468.1));
#1057 = SURFACE_CURVE('',#1058,(#1063,#1070),.PCURVE_S1.);
#1058 = CIRCLE('',#1059,54.);
#1059 = AXIS2_PLACEMENT_3D('',#1060,#1061,#1062);
#1060 = CARTESIAN_POINT('',(1.0117E+03,405.,468.1));
#1061 = DIRECTION('',(0.,-1.,0.));
#1062 = DIRECTION('',(1.,0.,0.));
#1063 = PCURVE('',#999,#1064);
#1064 = DEFINITIONAL_REPRESENTATION('',(#1065),#1069);
#1065 = CIRCLE('',#1066,54.);
#1066 = AXIS2_PLACEMENT_2D('',#1067,#1068);
#1067 = CARTESIAN_POINT('',(0.,3.410605131648E-13));
#1068 = DIRECTION('',(0.,1.));
#1069 = ( GEOMETRIC_REPRESENTATION_CONTEXT(2) 
PARAMETRIC_REPRESENTATION_CONTEXT() REPRESENTATION_CONTEXT('2D SPACE',''
  ) );
#1070 = PCURVE('',#1071,#1076);
#1071 = CYLINDRICAL_SURFACE('',#1072,54.);
#1072 = AXIS2_PLACEMENT_3D('',#1073,#1074,#1075);
#1073 = CARTESIAN_POINT('',(1.0117E+03,375.,468.1));
#1074 = DIRECTION('',(0.,-1.,0.));
#1075 = DIRECTION('',(1.,0.,0.));
#1076 = DEFINITIONAL_REPRESENTATION('',(#1077),#1081);
#1077 = LINE('',#1078,#1079);
#1078 = CARTESIAN_POINT('',(0.,-30.));
#1079 = VECTOR('',#1080,1.);
#1080 = DIRECTION('',(1.,0.));
#1081 = ( GEOMETRIC_REPRESENTATION_CONTEXT(2) 
PARAMETRIC_REPRESENTATION_CONTEXT() REPRESENTATION_CONTEXT('2D SPACE',''
  ) );
#1082 = ADVANCED_FACE('',(#1083),#1036,.F.);
#1083 = FACE_BOUND('',#1084,.T.);
#1084 = EDGE_LOOP('',(#1085,#1108,#1109,#1110));
#1085 = ORIENTED_EDGE('',*,*,#1086,.T.);
#1086 = EDGE_CURVE('',#1087,#1020,#1089,.T.);
#1087 = VERTEX_POINT('',#1088);
#1088 = CARTESIAN_POINT('',(1.0657E+03,375.,468.1));
#1089 = SEAM_CURVE('',#1090,(#1094,#1101),.PCURVE_S1.);
#1090 = LINE('',#1091,#1092);
#1091 = CARTESIAN_POINT('',(1.0657E+03,375.,468.1));
#1092 = VECTOR('',#1093,1.);
#1093 = DIRECTION('',(0.,-1.,0.));
#1094 = PCURVE('',#1036,#1095);
#1095 = DEFINITIONAL_REPRESENTATION('',(#1096),#1100);
#1096 = LINE('',#1097,#1098);
#1097 = CARTESIAN_POINT('',(-0.,0.));
#1098 = VECTOR('',#1099,1.);
#1099 = DIRECTION('',(-0.,-1.));
#1100 = ( GEOMETRIC_REPRESENTATION_CONTEXT(2) 
PARAMETRIC_REPRESENTATION_CONTEXT() REPRESENTATION_CONTEXT('2D SPACE',''
  ) );
#1101 = PCURVE('',#1036,#1102);
#1102 = DEFINITIONAL_REPRESENTATION('',(#1103),#1107);
#1103 = LINE('',#1104,#1105);
#1104 = CARTESIAN_POINT('',(-6.28318530718,0.));
#1105 = VECTOR('',#1106,1.);
#1106 = DIRECTION('',(-0.,-1.));
#1107 = ( GEOMETRIC_REPRESENTATION_CONTEXT(2) 
PARAMETRIC_REPRESENTATION_CONTEXT() REPRESENTATION_CONTEXT('2D SPACE',''
  ) );
#1108 = ORIENTED_EDGE('',*,*,#1019,.T.);
#1109 = ORIENTED_EDGE('',*,*,#1086,.F.);
#1110 = ORIENTED_EDGE('',*,*,#1111,.F.);
#1111 = EDGE_CURVE('',#1087,#1087,#1112,.T.);
#1112 = SURFACE_CURVE('',#1113,(#1118,#1125),.PCURVE_S1.);
#1113 = CIRCLE('',#1114,54.);
#1114 = AXIS2_PLACEMENT_3D('',#1115,#1116,#1117);
#1115 = CARTESIAN_POINT('',(1.0117E+03,375.,468.1));
#1116 = DIRECTION('',(0.,-1.,0.));
#1117 = DIRECTION('',(1.,0.,0.));
#1118 = PCURVE('',#1036,#1119);
#1119 = DEFINITIONAL_REPRESENTATION('',(#1120),#1124);
#1120 = LINE('',#1121,#1122);
#1121 = CARTESIAN_POINT('',(-0.,0.));
#1122 = VECTOR('',#1123,1.);
#1123 = DIRECTION('',(-1.,0.));
#1124 = ( GEOMETRIC_REPRESENTATION_CONTEXT(2) 
PARAMETRIC_REPRESENTATION_CONTEXT() REPRESENTATION_CONTEXT('2D SPACE',''
  ) );
#1125 = PCURVE('',#1071,#1126);
#1126 = DEFINITIONAL_REPRESENTATION('',(#1127),#1131);
#1127 = LINE('',#1128,#1129);
#1128 = CARTESIAN_POINT('',(0.,0.));
#1129 = VECTOR('',#1130,1.);
#1130 = DIRECTION('',(1.,0.));
#1131 = ( GEOMETRIC_REPRESENTATION_CONTEXT(2) 
PARAMETRIC_REPRESENTATION_CONTEXT() REPRESENTATION_CONTEXT('2D SPACE',''
  ) );
#1132 = ADVANCED_FACE('',(#1133),#1071,.F.);
#1133 = FACE_BOUND('',#1134,.F.);
#1134 = EDGE_LOOP('',(#1135,#1156,#1157,#1158));
#1135 = ORIENTED_EDGE('',*,*,#1136,.T.);
#1136 = EDGE_CURVE('',#1087,#1055,#1137,.T.);
#1137 = SEAM_CURVE('',#1138,(#1142,#1149),.PCURVE_S1.);
#1138 = LINE('',#1139,#1140);
#1139 = CARTESIAN_POINT('',(1.0657E+03,375.,468.1));
#1140 = VECTOR('',#1141,1.);
#1141 = DIRECTION('',(-0.,1.,-0.));
#1142 = PCURVE('',#1071,#1143);
#1143 = DEFINITIONAL_REPRESENTATION('',(#1144),#1148);
#1144 = LINE('',#1145,#1146);
#1145 = CARTESIAN_POINT('',(0.,0.));
#1146 = VECTOR('',#1147,1.);
#1147 = DIRECTION('',(0.,-1.));
#1148 = ( GEOMETRIC_REPRESENTATION_CONTEXT(2) 
PARAMETRIC_REPRESENTATION_CONTEXT() REPRESENTATION_CONTEXT('2D SPACE',''
  ) );
#1149 = PCURVE('',#1071,#1150);
#1150 = DEFINITIONAL_REPRESENTATION('',(#1151),#1155);
#1151 = LINE('',#1152,#1153);
#1152 = CARTESIAN_POINT('',(6.28318530718,0.));
#1153 = VECTOR('',#1154,1.);
#1154 = DIRECTION('',(0.,-1.));
#1155 = ( GEOMETRIC_REPRESENTATION_CONTEXT(2) 
PARAMETRIC_REPRESENTATION_CONTEXT() REPRESENTATION_CONTEXT('2D SPACE',''
  ) );
#1156 = ORIENTED_EDGE('',*,*,#1054,.T.);
#1157 = ORIENTED_EDGE('',*,*,#1136,.F.);
#1158 = ORIENTED_EDGE('',*,*,#1111,.F.);
#1159 = ( GEOMETRIC_REPRESENTATION_CONTEXT(3) 
GLOBAL_UNCERTAINTY_ASSIGNED_CONTEXT((#1163)) 
GLOBAL_UNIT_ASSIGNED_CONTEXT((#1160,#1161,#1162)) REPRESENTATION_CONTEXT
('Context #1','3D Context with UNIT and UNCERTAINTY') );
#1160 = ( LENGTH_UNIT() NAMED_UNIT(*) SI_UNIT(.MILLI.,.METRE.) );
#1161 = ( NAMED_UNIT(*) PLANE_ANGLE_UNIT() SI_UNIT($,.RADIAN.) );
#1162 = ( NAMED_UNIT(*) SI_UNIT($,.STERADIAN.) SOLID_ANGLE_UNIT() );
#1163 = UNCERTAINTY_MEASURE_WITH_UNIT(LENGTH_MEASURE(1.E-07),#1160,
  'distance_accuracy_value','confusion accuracy');
#1164 = CONTEXT_DEPENDENT_SHAPE_REPRESENTATION(#1165,#1167);
#1165 = ( REPRESENTATION_RELATIONSHIP('','',#866,#10) 
REPRESENTATION_RELATIONSHIP_WITH_TRANSFORMATION(#1166) 
SHAPE_REPRESENTATION_RELATIONSHIP() );
#1166 = ITEM_DEFINED_TRANSFORMATION('','',#11,#23);
#1167 = PRODUCT_DEFINITION_SHAPE('Placement','Placement of an item',
  #1168);
#1168 = NEXT_ASSEMBLY_USAGE_OCCURRENCE('3','FRAME/clamp_fwd_port','',#5,
  #861,$);
#1169 = PRODUCT_RELATED_PRODUCT_CATEGORY('part',$,(#863));
#1170 = SHAPE_DEFINITION_REPRESENTATION(#1171,#1177);
#1171 = PRODUCT_DEFINITION_SHAPE('','',#1172);
#1172 = PRODUCT_DEFINITION('design','',#1173,#1176);
#1173 = PRODUCT_DEFINITION_FORMATION('','',#1174);
#1174 = PRODUCT('FRAME/shim_fwd_port','FRAME/shim_fwd_port','',(#1175));
#1175 = PRODUCT_CONTEXT('',#2,'mechanical');
#1176 = PRODUCT_DEFINITION_CONTEXT('part definition',#2,'design');
#1177 = ADVANCED_BREP_SHAPE_REPRESENTATION('',(#11,#1178),#1508);
#1178 = MANIFOLD_SOLID_BREP('',#1179);
#1179 = CLOSED_SHELL('',(#1180,#1300,#1400,#1447,#1494,#1501));
#1180 = ADVANCED_FACE('',(#1181),#1195,.F.);
#1181 = FACE_BOUND('',#1182,.F.);
#1182 = EDGE_LOOP('',(#1183,#1218,#1246,#1274));
#1183 = ORIENTED_EDGE('',*,*,#1184,.F.);
#1184 = EDGE_CURVE('',#1185,#1187,#1189,.T.);
#1185 = VERTEX_POINT('',#1186);
#1186 = CARTESIAN_POINT('',(981.7,325.,530.1));
#1187 = VERTEX_POINT('',#1188);
#1188 = CARTESIAN_POINT('',(981.7,325.,621.4));
#1189 = SURFACE_CURVE('',#1190,(#1194,#1206),.PCURVE_S1.);
#1190 = LINE('',#1191,#1192);
#1191 = CARTESIAN_POINT('',(981.7,325.,530.1));
#1192 = VECTOR('',#1193,1.);
#1193 = DIRECTION('',(0.,0.,1.));
#1194 = PCURVE('',#1195,#1200);
#1195 = PLANE('',#1196);
#1196 = AXIS2_PLACEMENT_3D('',#1197,#1198,#1199);
#1197 = CARTESIAN_POINT('',(981.7,325.,530.1));
#1198 = DIRECTION('',(1.,0.,0.));
#1199 = DIRECTION('',(0.,0.,1.));
#1200 = DEFINITIONAL_REPRESENTATION('',(#1201),#1205);
#1201 = LINE('',#1202,#1203);
#1202 = CARTESIAN_POINT('',(0.,0.));
#1203 = VECTOR('',#1204,1.);
#1204 = DIRECTION('',(1.,0.));
#1205 = ( GEOMETRIC_REPRESENTATION_CONTEXT(2) 
PARAMETRIC_REPRESENTATION_CONTEXT() REPRESENTATION_CONTEXT('2D SPACE',''
  ) );
#1206 = PCURVE('',#1207,#1212);
#1207 = PLANE('',#1208);
#1208 = AXIS2_PLACEMENT_3D('',#1209,#1210,#1211);
#1209 = CARTESIAN_POINT('',(981.7,325.,530.1));
#1210 = DIRECTION('',(0.,1.,0.));
#1211 = DIRECTION('',(0.,0.,1.));
#1212 = DEFINITIONAL_REPRESENTATION('',(#1213),#1217);
#1213 = LINE('',#1214,#1215);
#1214 = CARTESIAN_POINT('',(0.,0.));
#1215 = VECTOR('',#1216,1.);
#1216 = DIRECTION('',(1.,0.));
#1217 = ( GEOMETRIC_REPRESENTATION_CONTEXT(2) 
PARAMETRIC_REPRESENTATION_CONTEXT() REPRESENTATION_CONTEXT('2D SPACE',''
  ) );
#1218 = ORIENTED_EDGE('',*,*,#1219,.T.);
#1219 = EDGE_CURVE('',#1185,#1220,#1222,.T.);
#1220 = VERTEX_POINT('',#1221);
#1221 = CARTESIAN_POINT('',(981.7,425.,530.1));
#1222 = SURFACE_CURVE('',#1223,(#1227,#1234),.PCURVE_S1.);
#1223 = LINE('',#1224,#1225);
#1224 = CARTESIAN_POINT('',(981.7,325.,530.1));
#1225 = VECTOR('',#1226,1.);
#1226 = DIRECTION('',(0.,1.,0.));
#1227 = PCURVE('',#1195,#1228);
#1228 = DEFINITIONAL_REPRESENTATION('',(#1229),#1233);
#1229 = LINE('',#1230,#1231);
#1230 = CARTESIAN_POINT('',(0.,0.));
#1231 = VECTOR('',#1232,1.);
#1232 = DIRECTION('',(0.,-1.));
#1233 = ( GEOMETRIC_REPRESENTATION_CONTEXT(2) 
PARAMETRIC_REPRESENTATION_CONTEXT() REPRESENTATION_CONTEXT('2D SPACE',''
  ) );
#1234 = PCURVE('',#1235,#1240);
#1235 = PLANE('',#1236);
#1236 = AXIS2_PLACEMENT_3D('',#1237,#1238,#1239);
#1237 = CARTESIAN_POINT('',(981.7,325.,530.1));
#1238 = DIRECTION('',(0.,0.,1.));
#1239 = DIRECTION('',(1.,0.,0.));
#1240 = DEFINITIONAL_REPRESENTATION('',(#1241),#1245);
#1241 = LINE('',#1242,#1243);
#1242 = CARTESIAN_POINT('',(0.,0.));
#1243 = VECTOR('',#1244,1.);
#1244 = DIRECTION('',(0.,1.));
#1245 = ( GEOMETRIC_REPRESENTATION_CONTEXT(2) 
PARAMETRIC_REPRESENTATION_CONTEXT() REPRESENTATION_CONTEXT('2D SPACE',''
  ) );
#1246 = ORIENTED_EDGE('',*,*,#1247,.T.);
#1247 = EDGE_CURVE('',#1220,#1248,#1250,.T.);
#1248 = VERTEX_POINT('',#1249);
#1249 = CARTESIAN_POINT('',(981.7,425.,621.4));
#1250 = SURFACE_CURVE('',#1251,(#1255,#1262),.PCURVE_S1.);
#1251 = LINE('',#1252,#1253);
#1252 = CARTESIAN_POINT('',(981.7,425.,530.1));
#1253 = VECTOR('',#1254,1.);
#1254 = DIRECTION('',(0.,0.,1.));
#1255 = PCURVE('',#1195,#1256);
#1256 = DEFINITIONAL_REPRESENTATION('',(#1257),#1261);
#1257 = LINE('',#1258,#1259);
#1258 = CARTESIAN_POINT('',(0.,-100.));
#1259 = VECTOR('',#1260,1.);
#1260 = DIRECTION('',(1.,0.));
#1261 = ( GEOMETRIC_REPRESENTATION_CONTEXT(2) 
PARAMETRIC_REPRESENTATION_CONTEXT() REPRESENTATION_CONTEXT('2D SPACE',''
  ) );
#1262 = PCURVE('',#1263,#1268);
#1263 = PLANE('',#1264);
#1264 = AXIS2_PLACEMENT_3D('',#1265,#1266,#1267);
#1265 = CARTESIAN_POINT('',(981.7,425.,530.1));
#1266 = DIRECTION('',(0.,1.,0.));
#1267 = DIRECTION('',(0.,0.,1.));
#1268 = DEFINITIONAL_REPRESENTATION('',(#1269),#1273);
#1269 = LINE('',#1270,#1271);
#1270 = CARTESIAN_POINT('',(0.,0.));
#1271 = VECTOR('',#1272,1.);
#1272 = DIRECTION('',(1.,0.));
#1273 = ( GEOMETRIC_REPRESENTATION_CONTEXT(2) 
PARAMETRIC_REPRESENTATION_CONTEXT() REPRESENTATION_CONTEXT('2D SPACE',''
  ) );
#1274 = ORIENTED_EDGE('',*,*,#1275,.F.);
#1275 = EDGE_CURVE('',#1187,#1248,#1276,.T.);
#1276 = SURFACE_CURVE('',#1277,(#1281,#1288),.PCURVE_S1.);
#1277 = LINE('',#1278,#1279);
#1278 = CARTESIAN_POINT('',(981.7,325.,621.4));
#1279 = VECTOR('',#1280,1.);
#1280 = DIRECTION('',(0.,1.,0.));
#1281 = PCURVE('',#1195,#1282);
#1282 = DEFINITIONAL_REPRESENTATION('',(#1283),#1287);
#1283 = LINE('',#1284,#1285);
#1284 = CARTESIAN_POINT('',(91.3,0.));
#1285 = VECTOR('',#1286,1.);
#1286 = DIRECTION('',(0.,-1.));
#1287 = ( GEOMETRIC_REPRESENTATION_CONTEXT(2) 
PARAMETRIC_REPRESENTATION_CONTEXT() REPRESENTATION_CONTEXT('2D SPACE',''
  ) );
#1288 = PCURVE('',#1289,#1294);
#1289 = PLANE('',#1290);
#1290 = AXIS2_PLACEMENT_3D('',#1291,#1292,#1293);
#1291 = CARTESIAN_POINT('',(981.7,325.,621.4));
#1292 = DIRECTION('',(0.,0.,1.));
#1293 = DIRECTION('',(1.,0.,0.));
#1294 = DEFINITIONAL_REPRESENTATION('',(#1295),#1299);
#1295 = LINE('',#1296,#1297);
#1296 = CARTESIAN_POINT('',(0.,0.));
#1297 = VECTOR('',#1298,1.);
#1298 = DIRECTION('',(0.,1.));
#1299 = ( GEOMETRIC_REPRESENTATION_CONTEXT(2) 
PARAMETRIC_REPRESENTATION_CONTEXT() REPRESENTATION_CONTEXT('2D SPACE',''
  ) );
#1300 = ADVANCED_FACE('',(#1301),#1315,.T.);
#1301 = FACE_BOUND('',#1302,.T.);
#1302 = EDGE_LOOP('',(#1303,#1333,#1356,#1379));
#1303 = ORIENTED_EDGE('',*,*,#1304,.F.);
#1304 = EDGE_CURVE('',#1305,#1307,#1309,.T.);
#1305 = VERTEX_POINT('',#1306);
#1306 = CARTESIAN_POINT('',(1.0417E+03,325.,530.1));
#1307 = VERTEX_POINT('',#1308);
#1308 = CARTESIAN_POINT('',(1.0417E+03,325.,621.4));
#1309 = SURFACE_CURVE('',#1310,(#1314,#1326),.PCURVE_S1.);
#1310 = LINE('',#1311,#1312);
#1311 = CARTESIAN_POINT('',(1.0417E+03,325.,530.1));
#1312 = VECTOR('',#1313,1.);
#1313 = DIRECTION('',(0.,0.,1.));
#1314 = PCURVE('',#1315,#1320);
#1315 = PLANE('',#1316);
#1316 = AXIS2_PLACEMENT_3D('',#1317,#1318,#1319);
#1317 = CARTESIAN_POINT('',(1.0417E+03,325.,530.1));
#1318 = DIRECTION('',(1.,0.,0.));
#1319 = DIRECTION('',(0.,0.,1.));
#1320 = DEFINITIONAL_REPRESENTATION('',(#1321),#1325);
#1321 = LINE('',#1322,#1323);
#1322 = CARTESIAN_POINT('',(0.,0.));
#1323 = VECTOR('',#1324,1.);
#1324 = DIRECTION('',(1.,0.));
#1325 = ( GEOMETRIC_REPRESENTATION_CONTEXT(2) 
PARAMETRIC_REPRESENTATION_CONTEXT() REPRESENTATION_CONTEXT('2D SPACE',''
  ) );
#1326 = PCURVE('',#1207,#1327);
#1327 = DEFINITIONAL_REPRESENTATION('',(#1328),#1332);
#1328 = LINE('',#1329,#1330);
#1329 = CARTESIAN_POINT('',(0.,60.));
#1330 = VECTOR('',#1331,1.);
#1331 = DIRECTION('',(1.,0.));
#1332 = ( GEOMETRIC_REPRESENTATION_CONTEXT(2) 
PARAMETRIC_REPRESENTATION_CONTEXT() REPRESENTATION_CONTEXT('2D SPACE',''
  ) );
#1333 = ORIENTED_EDGE('',*,*,#1334,.T.);
#1334 = EDGE_CURVE('',#1305,#1335,#1337,.T.);
#1335 = VERTEX_POINT('',#1336);
#1336 = CARTESIAN_POINT('',(1.0417E+03,425.,530.1));
#1337 = SURFACE_CURVE('',#1338,(#1342,#1349),.PCURVE_S1.);
#1338 = LINE('',#1339,#1340);
#1339 = CARTESIAN_POINT('',(1.0417E+03,325.,530.1));
#1340 = VECTOR('',#1341,1.);
#1341 = DIRECTION('',(0.,1.,0.));
#1342 = PCURVE('',#1315,#1343);
#1343 = DEFINITIONAL_REPRESENTATION('',(#1344),#1348);
#1344 = LINE('',#1345,#1346);
#1345 = CARTESIAN_POINT('',(0.,0.));
#1346 = VECTOR('',#1347,1.);
#1347 = DIRECTION('',(0.,-1.));
#1348 = ( GEOMETRIC_REPRESENTATION_CONTEXT(2) 
PARAMETRIC_REPRESENTATION_CONTEXT() REPRESENTATION_CONTEXT('2D SPACE',''
  ) );
#1349 = PCURVE('',#1235,#1350);
#1350 = DEFINITIONAL_REPRESENTATION('',(#1351),#1355);
#1351 = LINE('',#1352,#1353);
#1352 = CARTESIAN_POINT('',(60.,0.));
#1353 = VECTOR('',#1354,1.);
#1354 = DIRECTION('',(0.,1.));
#1355 = ( GEOMETRIC_REPRESENTATION_CONTEXT(2) 
PARAMETRIC_REPRESENTATION_CONTEXT() REPRESENTATION_CONTEXT('2D SPACE',''
  ) );
#1356 = ORIENTED_EDGE('',*,*,#1357,.T.);
#1357 = EDGE_CURVE('',#1335,#1358,#1360,.T.);
#1358 = VERTEX_POINT('',#1359);
#1359 = CARTESIAN_POINT('',(1.0417E+03,425.,621.4));
#1360 = SURFACE_CURVE('',#1361,(#1365,#1372),.PCURVE_S1.);
#1361 = LINE('',#1362,#1363);
#1362 = CARTESIAN_POINT('',(1.0417E+03,425.,530.1));
#1363 = VECTOR('',#1364,1.);
#1364 = DIRECTION('',(0.,0.,1.));
#1365 = PCURVE('',#1315,#1366);
#1366 = DEFINITIONAL_REPRESENTATION('',(#1367),#1371);
#1367 = LINE('',#1368,#1369);
#1368 = CARTESIAN_POINT('',(0.,-100.));
#1369 = VECTOR('',#1370,1.);
#1370 = DIRECTION('',(1.,0.));
#1371 = ( GEOMETRIC_REPRESENTATION_CONTEXT(2) 
PARAMETRIC_REPRESENTATION_CONTEXT() REPRESENTATION_CONTEXT('2D SPACE',''
  ) );
#1372 = PCURVE('',#1263,#1373);
#1373 = DEFINITIONAL_REPRESENTATION('',(#1374),#1378);
#1374 = LINE('',#1375,#1376);
#1375 = CARTESIAN_POINT('',(0.,60.));
#1376 = VECTOR('',#1377,1.);
#1377 = DIRECTION('',(1.,0.));
#1378 = ( GEOMETRIC_REPRESENTATION_CONTEXT(2) 
PARAMETRIC_REPRESENTATION_CONTEXT() REPRESENTATION_CONTEXT('2D SPACE',''
  ) );
#1379 = ORIENTED_EDGE('',*,*,#1380,.F.);
#1380 = EDGE_CURVE('',#1307,#1358,#1381,.T.);
#1381 = SURFACE_CURVE('',#1382,(#1386,#1393),.PCURVE_S1.);
#1382 = LINE('',#1383,#1384);
#1383 = CARTESIAN_POINT('',(1.0417E+03,325.,621.4));
#1384 = VECTOR('',#1385,1.);
#1385 = DIRECTION('',(0.,1.,0.));
#1386 = PCURVE('',#1315,#1387);
#1387 = DEFINITIONAL_REPRESENTATION('',(#1388),#1392);
#1388 = LINE('',#1389,#1390);
#1389 = CARTESIAN_POINT('',(91.3,0.));
#1390 = VECTOR('',#1391,1.);
#1391 = DIRECTION('',(0.,-1.));
#1392 = ( GEOMETRIC_REPRESENTATION_CONTEXT(2) 
PARAMETRIC_REPRESENTATION_CONTEXT() REPRESENTATION_CONTEXT('2D SPACE',''
  ) );
#1393 = PCURVE('',#1289,#1394);
#1394 = DEFINITIONAL_REPRESENTATION('',(#1395),#1399);
#1395 = LINE('',#1396,#1397);
#1396 = CARTESIAN_POINT('',(60.,0.));
#1397 = VECTOR('',#1398,1.);
#1398 = DIRECTION('',(0.,1.));
#1399 = ( GEOMETRIC_REPRESENTATION_CONTEXT(2) 
PARAMETRIC_REPRESENTATION_CONTEXT() REPRESENTATION_CONTEXT('2D SPACE',''
  ) );
#1400 = ADVANCED_FACE('',(#1401),#1207,.F.);
#1401 = FACE_BOUND('',#1402,.F.);
#1402 = EDGE_LOOP('',(#1403,#1424,#1425,#1446));
#1403 = ORIENTED_EDGE('',*,*,#1404,.F.);
#1404 = EDGE_CURVE('',#1185,#1305,#1405,.T.);
#1405 = SURFACE_CURVE('',#1406,(#1410,#1417),.PCURVE_S1.);
#1406 = LINE('',#1407,#1408);
#1407 = CARTESIAN_POINT('',(981.7,325.,530.1));
#1408 = VECTOR('',#1409,1.);
#1409 = DIRECTION('',(1.,0.,0.));
#1410 = PCURVE('',#1207,#1411);
#1411 = DEFINITIONAL_REPRESENTATION('',(#1412),#1416);
#1412 = LINE('',#1413,#1414);
#1413 = CARTESIAN_POINT('',(0.,0.));
#1414 = VECTOR('',#1415,1.);
#1415 = DIRECTION('',(0.,1.));
#1416 = ( GEOMETRIC_REPRESENTATION_CONTEXT(2) 
PARAMETRIC_REPRESENTATION_CONTEXT() REPRESENTATION_CONTEXT('2D SPACE',''
  ) );
#1417 = PCURVE('',#1235,#1418);
#1418 = DEFINITIONAL_REPRESENTATION('',(#1419),#1423);
#1419 = LINE('',#1420,#1421);
#1420 = CARTESIAN_POINT('',(0.,0.));
#1421 = VECTOR('',#1422,1.);
#1422 = DIRECTION('',(1.,0.));
#1423 = ( GEOMETRIC_REPRESENTATION_CONTEXT(2) 
PARAMETRIC_REPRESENTATION_CONTEXT() REPRESENTATION_CONTEXT('2D SPACE',''
  ) );
#1424 = ORIENTED_EDGE('',*,*,#1184,.T.);
#1425 = ORIENTED_EDGE('',*,*,#1426,.T.);
#1426 = EDGE_CURVE('',#1187,#1307,#1427,.T.);
#1427 = SURFACE_CURVE('',#1428,(#1432,#1439),.PCURVE_S1.);
#1428 = LINE('',#1429,#1430);
#1429 = CARTESIAN_POINT('',(981.7,325.,621.4));
#1430 = VECTOR('',#1431,1.);
#1431 = DIRECTION('',(1.,0.,0.));
#1432 = PCURVE('',#1207,#1433);
#1433 = DEFINITIONAL_REPRESENTATION('',(#1434),#1438);
#1434 = LINE('',#1435,#1436);
#1435 = CARTESIAN_POINT('',(91.3,0.));
#1436 = VECTOR('',#1437,1.);
#1437 = DIRECTION('',(0.,1.));
#1438 = ( GEOMETRIC_REPRESENTATION_CONTEXT(2) 
PARAMETRIC_REPRESENTATION_CONTEXT() REPRESENTATION_CONTEXT('2D SPACE',''
  ) );
#1439 = PCURVE('',#1289,#1440);
#1440 = DEFINITIONAL_REPRESENTATION('',(#1441),#1445);
#1441 = LINE('',#1442,#1443);
#1442 = CARTESIAN_POINT('',(0.,0.));
#1443 = VECTOR('',#1444,1.);
#1444 = DIRECTION('',(1.,0.));
#1445 = ( GEOMETRIC_REPRESENTATION_CONTEXT(2) 
PARAMETRIC_REPRESENTATION_CONTEXT() REPRESENTATION_CONTEXT('2D SPACE',''
  ) );
#1446 = ORIENTED_EDGE('',*,*,#1304,.F.);
#1447 = ADVANCED_FACE('',(#1448),#1263,.T.);
#1448 = FACE_BOUND('',#1449,.T.);
#1449 = EDGE_LOOP('',(#1450,#1471,#1472,#1493));
#1450 = ORIENTED_EDGE('',*,*,#1451,.F.);
#1451 = EDGE_CURVE('',#1220,#1335,#1452,.T.);
#1452 = SURFACE_CURVE('',#1453,(#1457,#1464),.PCURVE_S1.);
#1453 = LINE('',#1454,#1455);
#1454 = CARTESIAN_POINT('',(981.7,425.,530.1));
#1455 = VECTOR('',#1456,1.);
#1456 = DIRECTION('',(1.,0.,0.));
#1457 = PCURVE('',#1263,#1458);
#1458 = DEFINITIONAL_REPRESENTATION('',(#1459),#1463);
#1459 = LINE('',#1460,#1461);
#1460 = CARTESIAN_POINT('',(0.,0.));
#1461 = VECTOR('',#1462,1.);
#1462 = DIRECTION('',(0.,1.));
#1463 = ( GEOMETRIC_REPRESENTATION_CONTEXT(2) 
PARAMETRIC_REPRESENTATION_CONTEXT() REPRESENTATION_CONTEXT('2D SPACE',''
  ) );
#1464 = PCURVE('',#1235,#1465);
#1465 = DEFINITIONAL_REPRESENTATION('',(#1466),#1470);
#1466 = LINE('',#1467,#1468);
#1467 = CARTESIAN_POINT('',(0.,100.));
#1468 = VECTOR('',#1469,1.);
#1469 = DIRECTION('',(1.,0.));
#1470 = ( GEOMETRIC_REPRESENTATION_CONTEXT(2) 
PARAMETRIC_REPRESENTATION_CONTEXT() REPRESENTATION_CONTEXT('2D SPACE',''
  ) );
#1471 = ORIENTED_EDGE('',*,*,#1247,.T.);
#1472 = ORIENTED_EDGE('',*,*,#1473,.T.);
#1473 = EDGE_CURVE('',#1248,#1358,#1474,.T.);
#1474 = SURFACE_CURVE('',#1475,(#1479,#1486),.PCURVE_S1.);
#1475 = LINE('',#1476,#1477);
#1476 = CARTESIAN_POINT('',(981.7,425.,621.4));
#1477 = VECTOR('',#1478,1.);
#1478 = DIRECTION('',(1.,0.,0.));
#1479 = PCURVE('',#1263,#1480);
#1480 = DEFINITIONAL_REPRESENTATION('',(#1481),#1485);
#1481 = LINE('',#1482,#1483);
#1482 = CARTESIAN_POINT('',(91.3,0.));
#1483 = VECTOR('',#1484,1.);
#1484 = DIRECTION('',(0.,1.));
#1485 = ( GEOMETRIC_REPRESENTATION_CONTEXT(2) 
PARAMETRIC_REPRESENTATION_CONTEXT() REPRESENTATION_CONTEXT('2D SPACE',''
  ) );
#1486 = PCURVE('',#1289,#1487);
#1487 = DEFINITIONAL_REPRESENTATION('',(#1488),#1492);
#1488 = LINE('',#1489,#1490);
#1489 = CARTESIAN_POINT('',(0.,100.));
#1490 = VECTOR('',#1491,1.);
#1491 = DIRECTION('',(1.,0.));
#1492 = ( GEOMETRIC_REPRESENTATION_CONTEXT(2) 
PARAMETRIC_REPRESENTATION_CONTEXT() REPRESENTATION_CONTEXT('2D SPACE',''
  ) );
#1493 = ORIENTED_EDGE('',*,*,#1357,.F.);
#1494 = ADVANCED_FACE('',(#1495),#1235,.F.);
#1495 = FACE_BOUND('',#1496,.F.);
#1496 = EDGE_LOOP('',(#1497,#1498,#1499,#1500));
#1497 = ORIENTED_EDGE('',*,*,#1219,.F.);
#1498 = ORIENTED_EDGE('',*,*,#1404,.T.);
#1499 = ORIENTED_EDGE('',*,*,#1334,.T.);
#1500 = ORIENTED_EDGE('',*,*,#1451,.F.);
#1501 = ADVANCED_FACE('',(#1502),#1289,.T.);
#1502 = FACE_BOUND('',#1503,.T.);
#1503 = EDGE_LOOP('',(#1504,#1505,#1506,#1507));
#1504 = ORIENTED_EDGE('',*,*,#1275,.F.);
#1505 = ORIENTED_EDGE('',*,*,#1426,.T.);
#1506 = ORIENTED_EDGE('',*,*,#1380,.T.);
#1507 = ORIENTED_EDGE('',*,*,#1473,.F.);
#1508 = ( GEOMETRIC_REPRESENTATION_CONTEXT(3) 
GLOBAL_UNCERTAINTY_ASSIGNED_CONTEXT((#1512)) 
GLOBAL_UNIT_ASSIGNED_CONTEXT((#1509,#1510,#1511)) REPRESENTATION_CONTEXT
('Context #1','3D Context with UNIT and UNCERTAINTY') );
#1509 = ( LENGTH_UNIT() NAMED_UNIT(*) SI_UNIT(.MILLI.,.METRE.) );
#1510 = ( NAMED_UNIT(*) PLANE_ANGLE_UNIT() SI_UNIT($,.RADIAN.) );
#1511 = ( NAMED_UNIT(*) SI_UNIT($,.STERADIAN.) SOLID_ANGLE_UNIT() );
#1512 = UNCERTAINTY_MEASURE_WITH_UNIT(LENGTH_MEASURE(1.E-07),#1509,
  'distance_accuracy_value','confusion accuracy');
#1513 = CONTEXT_DEPENDENT_SHAPE_REPRESENTATION(#1514,#1516);
#1514 = ( REPRESENTATION_RELATIONSHIP('','',#1177,#10) 
REPRESENTATION_RELATIONSHIP_WITH_TRANSFORMATION(#1515) 
SHAPE_REPRESENTATION_RELATIONSHIP() );
#1515 = ITEM_DEFINED_TRANSFORMATION('','',#11,#27);
#1516 = PRODUCT_DEFINITION_SHAPE('Placement','Placement of an item',
  #1517);
#1517 = NEXT_ASSEMBLY_USAGE_OCCURRENCE('4','FRAME/shim_fwd_port','',#5,
  #1172,$);
#1518 = PRODUCT_RELATED_PRODUCT_CATEGORY('part',$,(#1174));
#1519 = SHAPE_DEFINITION_REPRESENTATION(#1520,#1526);
#1520 = PRODUCT_DEFINITION_SHAPE('','',#1521);
#1521 = PRODUCT_DEFINITION('design','',#1522,#1525);
#1522 = PRODUCT_DEFINITION_FORMATION('','',#1523);
#1523 = PRODUCT('FRAME/clamp_fwd_stbd','FRAME/clamp_fwd_stbd','',(#1524)
  );
#1524 = PRODUCT_CONTEXT('',#2,'mechanical');
#1525 = PRODUCT_DEFINITION_CONTEXT('part definition',#2,'design');
#1526 = ADVANCED_BREP_SHAPE_REPRESENTATION('',(#11,#1527),#1819);
#1527 = MANIFOLD_SOLID_BREP('',#1528);
#1528 = CLOSED_SHELL('',(#1529,#1617,#1672,#1707,#1742,#1792));
#1529 = ADVANCED_FACE('',(#1530),#1544,.T.);
#1530 = FACE_BOUND('',#1531,.F.);
#1531 = EDGE_LOOP('',(#1532,#1562,#1589,#1590));
#1532 = ORIENTED_EDGE('',*,*,#1533,.T.);
#1533 = EDGE_CURVE('',#1534,#1536,#1538,.T.);
#1534 = VERTEX_POINT('',#1535);
#1535 = CARTESIAN_POINT('',(1.0737E+03,-375.,468.1));
#1536 = VERTEX_POINT('',#1537);
#1537 = CARTESIAN_POINT('',(1.0737E+03,-405.,468.1));
#1538 = SEAM_CURVE('',#1539,(#1543,#1555),.PCURVE_S1.);
#1539 = LINE('',#1540,#1541);
#1540 = CARTESIAN_POINT('',(1.0737E+03,-375.,468.1));
#1541 = VECTOR('',#1542,1.);
#1542 = DIRECTION('',(0.,-1.,0.));
#1543 = PCURVE('',#1544,#1549);
#1544 = CYLINDRICAL_SURFACE('',#1545,62.);
#1545 = AXIS2_PLACEMENT_3D('',#1546,#1547,#1548);
#1546 = CARTESIAN_POINT('',(1.0117E+03,-375.,468.1));
#1547 = DIRECTION('',(-0.,1.,-0.));
#1548 = DIRECTION('',(1.,0.,0.));
#1549 = DEFINITIONAL_REPRESENTATION('',(#1550),#1554);
#1550 = LINE('',#1551,#1552);
#1551 = CARTESIAN_POINT('',(-0.,0.));
#1552 = VECTOR('',#1553,1.);
#1553 = DIRECTION('',(-0.,-1.));
#1554 = ( GEOMETRIC_REPRESENTATION_CONTEXT(2) 
PARAMETRIC_REPRESENTATION_CONTEXT() REPRESENTATION_CONTEXT('2D SPACE',''
  ) );
#1555 = PCURVE('',#1544,#1556);
#1556 = DEFINITIONAL_REPRESENTATION('',(#1557),#1561);
#1557 = LINE('',#1558,#1559);
#1558 = CARTESIAN_POINT('',(-6.28318530718,0.));
#1559 = VECTOR('',#1560,1.);
#1560 = DIRECTION('',(-0.,-1.));
#1561 = ( GEOMETRIC_REPRESENTATION_CONTEXT(2) 
PARAMETRIC_REPRESENTATION_CONTEXT() REPRESENTATION_CONTEXT('2D SPACE',''
  ) );
#1562 = ORIENTED_EDGE('',*,*,#1563,.T.);
#1563 = EDGE_CURVE('',#1536,#1536,#1564,.T.);
#1564 = SURFACE_CURVE('',#1565,(#1570,#1577),.PCURVE_S1.);
#1565 = CIRCLE('',#1566,62.);
#1566 = AXIS2_PLACEMENT_3D('',#1567,#1568,#1569);
#1567 = CARTESIAN_POINT('',(1.0117E+03,-405.,468.1));
#1568 = DIRECTION('',(0.,-1.,0.));
#1569 = DIRECTION('',(1.,0.,0.));
#1570 = PCURVE('',#1544,#1571);
#1571 = DEFINITIONAL_REPRESENTATION('',(#1572),#1576);
#1572 = LINE('',#1573,#1574);
#1573 = CARTESIAN_POINT('',(-0.,-30.));
#1574 = VECTOR('',#1575,1.);
#1575 = DIRECTION('',(-1.,0.));
#1576 = ( GEOMETRIC_REPRESENTATION_CONTEXT(2) 
PARAMETRIC_REPRESENTATION_CONTEXT() REPRESENTATION_CONTEXT('2D SPACE',''
  ) );
#1577 = PCURVE('',#1578,#1583);
#1578 = PLANE('',#1579);
#1579 = AXIS2_PLACEMENT_3D('',#1580,#1581,#1582);
#1580 = CARTESIAN_POINT('',(1.0117E+03,-405.,468.1));
#1581 = DIRECTION('',(-0.,-1.,-0.));
#1582 = DIRECTION('',(0.,0.,-1.));
#1583 = DEFINITIONAL_REPRESENTATION('',(#1584),#1588);
#1584 = CIRCLE('',#1585,62.);
#1585 = AXIS2_PLACEMENT_2D('',#1586,#1587);
#1586 = CARTESIAN_POINT('',(0.,0.));
#1587 = DIRECTION('',(0.,1.));
#1588 = ( GEOMETRIC_REPRESENTATION_CONTEXT(2) 
PARAMETRIC_REPRESENTATION_CONTEXT() REPRESENTATION_CONTEXT('2D SPACE',''
  ) );
#1589 = ORIENTED_EDGE('',*,*,#1533,.F.);
#1590 = ORIENTED_EDGE('',*,*,#1591,.F.);
#1591 = EDGE_CURVE('',#1534,#1534,#1592,.T.);
#1592 = SURFACE_CURVE('',#1593,(#1598,#1605),.PCURVE_S1.);
#1593 = CIRCLE('',#1594,62.);
#1594 = AXIS2_PLACEMENT_3D('',#1595,#1596,#1597);
#1595 = CARTESIAN_POINT('',(1.0117E+03,-375.,468.1));
#1596 = DIRECTION('',(0.,-1.,0.));
#1597 = DIRECTION('',(1.,0.,0.));
#1598 = PCURVE('',#1544,#1599);
#1599 = DEFINITIONAL_REPRESENTATION('',(#1600),#1604);
#1600 = LINE('',#1601,#1602);
#1601 = CARTESIAN_POINT('',(-0.,0.));
#1602 = VECTOR('',#1603,1.);
#1603 = DIRECTION('',(-1.,0.));
#1604 = ( GEOMETRIC_REPRESENTATION_CONTEXT(2) 
PARAMETRIC_REPRESENTATION_CONTEXT() REPRESENTATION_CONTEXT('2D SPACE',''
  ) );
#1605 = PCURVE('',#1606,#1611);
#1606 = CYLINDRICAL_SURFACE('',#1607,62.);
#1607 = AXIS2_PLACEMENT_3D('',#1608,#1609,#1610);
#1608 = CARTESIAN_POINT('',(1.0117E+03,-375.,468.1));
#1609 = DIRECTION('',(0.,-1.,0.));
#1610 = DIRECTION('',(1.,0.,0.));
#1611 = DEFINITIONAL_REPRESENTATION('',(#1612),#1616);
#1612 = LINE('',#1613,#1614);
#1613 = CARTESIAN_POINT('',(0.,0.));
#1614 = VECTOR('',#1615,1.);
#1615 = DIRECTION('',(1.,0.));
#1616 = ( GEOMETRIC_REPRESENTATION_CONTEXT(2) 
PARAMETRIC_REPRESENTATION_CONTEXT() REPRESENTATION_CONTEXT('2D SPACE',''
  ) );
#1617 = ADVANCED_FACE('',(#1618),#1606,.T.);
#1618 = FACE_BOUND('',#1619,.T.);
#1619 = EDGE_LOOP('',(#1620,#1643,#1670,#1671));
#1620 = ORIENTED_EDGE('',*,*,#1621,.T.);
#1621 = EDGE_CURVE('',#1534,#1622,#1624,.T.);
#1622 = VERTEX_POINT('',#1623);
#1623 = CARTESIAN_POINT('',(1.0737E+03,-345.,468.1));
#1624 = SEAM_CURVE('',#1625,(#1629,#1636),.PCURVE_S1.);
#1625 = LINE('',#1626,#1627);
#1626 = CARTESIAN_POINT('',(1.0737E+03,-375.,468.1));
#1627 = VECTOR('',#1628,1.);
#1628 = DIRECTION('',(-0.,1.,-0.));
#1629 = PCURVE('',#1606,#1630);
#1630 = DEFINITIONAL_REPRESENTATION('',(#1631),#1635);
#1631 = LINE('',#1632,#1633);
#1632 = CARTESIAN_POINT('',(0.,0.));
#1633 = VECTOR('',#1634,1.);
#1634 = DIRECTION('',(0.,-1.));
#1635 = ( GEOMETRIC_REPRESENTATION_CONTEXT(2) 
PARAMETRIC_REPRESENTATION_CONTEXT() REPRESENTATION_CONTEXT('2D SPACE',''
  ) );
#1636 = PCURVE('',#1606,#1637);
#1637 = DEFINITIONAL_REPRESENTATION('',(#1638),#1642);
#1638 = LINE('',#1639,#1640);
#1639 = CARTESIAN_POINT('',(6.28318530718,0.));
#1640 = VECTOR('',#1641,1.);
#1641 = DIRECTION('',(0.,-1.));
#1642 = ( GEOMETRIC_REPRESENTATION_CONTEXT(2) 
PARAMETRIC_REPRESENTATION_CONTEXT() REPRESENTATION_CONTEXT('2D SPACE',''
  ) );
#1643 = ORIENTED_EDGE('',*,*,#1644,.T.);
#1644 = EDGE_CURVE('',#1622,#1622,#1645,.T.);
#1645 = SURFACE_CURVE('',#1646,(#1651,#1658),.PCURVE_S1.);
#1646 = CIRCLE('',#1647,62.);
#1647 = AXIS2_PLACEMENT_3D('',#1648,#1649,#1650);
#1648 = CARTESIAN_POINT('',(1.0117E+03,-345.,468.1));
#1649 = DIRECTION('',(0.,-1.,0.));
#1650 = DIRECTION('',(1.,0.,0.));
#1651 = PCURVE('',#1606,#1652);
#1652 = DEFINITIONAL_REPRESENTATION('',(#1653),#1657);
#1653 = LINE('',#1654,#1655);
#1654 = CARTESIAN_POINT('',(0.,-30.));
#1655 = VECTOR('',#1656,1.);
#1656 = DIRECTION('',(1.,0.));
#1657 = ( GEOMETRIC_REPRESENTATION_CONTEXT(2) 
PARAMETRIC_REPRESENTATION_CONTEXT() REPRESENTATION_CONTEXT('2D SPACE',''
  ) );
#1658 = PCURVE('',#1659,#1664);
#1659 = PLANE('',#1660);
#1660 = AXIS2_PLACEMENT_3D('',#1661,#1662,#1663);
#1661 = CARTESIAN_POINT('',(1.0117E+03,-345.,468.1));
#1662 = DIRECTION('',(-0.,-1.,-0.));
#1663 = DIRECTION('',(0.,0.,-1.));
#1664 = DEFINITIONAL_REPRESENTATION('',(#1665),#1669);
#1665 = CIRCLE('',#1666,62.);
#1666 = AXIS2_PLACEMENT_2D('',#1667,#1668);
#1667 = CARTESIAN_POINT('',(0.,0.));
#1668 = DIRECTION('',(0.,1.));
#1669 = ( GEOMETRIC_REPRESENTATION_CONTEXT(2) 
PARAMETRIC_REPRESENTATION_CONTEXT() REPRESENTATION_CONTEXT('2D SPACE',''
  ) );
#1670 = ORIENTED_EDGE('',*,*,#1621,.F.);
#1671 = ORIENTED_EDGE('',*,*,#1591,.F.);
#1672 = ADVANCED_FACE('',(#1673,#1676),#1578,.T.);
#1673 = FACE_BOUND('',#1674,.T.);
#1674 = EDGE_LOOP('',(#1675));
#1675 = ORIENTED_EDGE('',*,*,#1563,.T.);
#1676 = FACE_BOUND('',#1677,.T.);
#1677 = EDGE_LOOP('',(#1678));
#1678 = ORIENTED_EDGE('',*,*,#1679,.F.);
#1679 = EDGE_CURVE('',#1680,#1680,#1682,.T.);
#1680 = VERTEX_POINT('',#1681);
#1681 = CARTESIAN_POINT('',(1.0657E+03,-405.,468.1));
#1682 = SURFACE_CURVE('',#1683,(#1688,#1695),.PCURVE_S1.);
#1683 = CIRCLE('',#1684,54.);
#1684 = AXIS2_PLACEMENT_3D('',#1685,#1686,#1687);
#1685 = CARTESIAN_POINT('',(1.0117E+03,-405.,468.1));
#1686 = DIRECTION('',(0.,-1.,0.));
#1687 = DIRECTION('',(1.,0.,0.));
#1688 = PCURVE('',#1578,#1689);
#1689 = DEFINITIONAL_REPRESENTATION('',(#1690),#1694);
#1690 = CIRCLE('',#1691,54.);
#1691 = AXIS2_PLACEMENT_2D('',#1692,#1693);
#1692 = CARTESIAN_POINT('',(0.,3.410605131648E-13));
#1693 = DIRECTION('',(0.,1.));
#1694 = ( GEOMETRIC_REPRESENTATION_CONTEXT(2) 
PARAMETRIC_REPRESENTATION_CONTEXT() REPRESENTATION_CONTEXT('2D SPACE',''
  ) );
#1695 = PCURVE('',#1696,#1701);
#1696 = CYLINDRICAL_SURFACE('',#1697,54.);
#1697 = AXIS2_PLACEMENT_3D('',#1698,#1699,#1700);
#1698 = CARTESIAN_POINT('',(1.0117E+03,-375.,468.1));
#1699 = DIRECTION('',(-0.,1.,-0.));
#1700 = DIRECTION('',(1.,0.,0.));
#1701 = DEFINITIONAL_REPRESENTATION('',(#1702),#1706);
#1702 = LINE('',#1703,#1704);
#1703 = CARTESIAN_POINT('',(-0.,-30.));
#1704 = VECTOR('',#1705,1.);
#1705 = DIRECTION('',(-1.,0.));
#1706 = ( GEOMETRIC_REPRESENTATION_CONTEXT(2) 
PARAMETRIC_REPRESENTATION_CONTEXT() REPRESENTATION_CONTEXT('2D SPACE',''
  ) );
#1707 = ADVANCED_FACE('',(#1708,#1711),#1659,.F.);
#1708 = FACE_BOUND('',#1709,.F.);
#1709 = EDGE_LOOP('',(#1710));
#1710 = ORIENTED_EDGE('',*,*,#1644,.T.);
#1711 = FACE_BOUND('',#1712,.F.);
#1712 = EDGE_LOOP('',(#1713));
#1713 = ORIENTED_EDGE('',*,*,#1714,.F.);
#1714 = EDGE_CURVE('',#1715,#1715,#1717,.T.);
#1715 = VERTEX_POINT('',#1716);
#1716 = CARTESIAN_POINT('',(1.0657E+03,-345.,468.1));
#1717 = SURFACE_CURVE('',#1718,(#1723,#1730),.PCURVE_S1.);
#1718 = CIRCLE('',#1719,54.);
#1719 = AXIS2_PLACEMENT_3D('',#1720,#1721,#1722);
#1720 = CARTESIAN_POINT('',(1.0117E+03,-345.,468.1));
#1721 = DIRECTION('',(0.,-1.,0.));
#1722 = DIRECTION('',(1.,0.,0.));
#1723 = PCURVE('',#1659,#1724);
#1724 = DEFINITIONAL_REPRESENTATION('',(#1725),#1729);
#1725 = CIRCLE('',#1726,54.);
#1726 = AXIS2_PLACEMENT_2D('',#1727,#1728);
#1727 = CARTESIAN_POINT('',(0.,3.410605131648E-13));
#1728 = DIRECTION('',(0.,1.));
#1729 = ( GEOMETRIC_REPRESENTATION_CONTEXT(2) 
PARAMETRIC_REPRESENTATION_CONTEXT() REPRESENTATION_CONTEXT('2D SPACE',''
  ) );
#1730 = PCURVE('',#1731,#1736);
#1731 = CYLINDRICAL_SURFACE('',#1732,54.);
#1732 = AXIS2_PLACEMENT_3D('',#1733,#1734,#1735);
#1733 = CARTESIAN_POINT('',(1.0117E+03,-375.,468.1));
#1734 = DIRECTION('',(0.,-1.,0.));
#1735 = DIRECTION('',(1.,0.,0.));
#1736 = DEFINITIONAL_REPRESENTATION('',(#1737),#1741);
#1737 = LINE('',#1738,#1739);
#1738 = CARTESIAN_POINT('',(0.,-30.));
#1739 = VECTOR('',#1740,1.);
#1740 = DIRECTION('',(1.,0.));
#1741 = ( GEOMETRIC_REPRESENTATION_CONTEXT(2) 
PARAMETRIC_REPRESENTATION_CONTEXT() REPRESENTATION_CONTEXT('2D SPACE',''
  ) );
#1742 = ADVANCED_FACE('',(#1743),#1696,.F.);
#1743 = FACE_BOUND('',#1744,.T.);
#1744 = EDGE_LOOP('',(#1745,#1768,#1769,#1770));
#1745 = ORIENTED_EDGE('',*,*,#1746,.T.);
#1746 = EDGE_CURVE('',#1747,#1680,#1749,.T.);
#1747 = VERTEX_POINT('',#1748);
#1748 = CARTESIAN_POINT('',(1.0657E+03,-375.,468.1));
#1749 = SEAM_CURVE('',#1750,(#1754,#1761),.PCURVE_S1.);
#1750 = LINE('',#1751,#1752);
#1751 = CARTESIAN_POINT('',(1.0657E+03,-375.,468.1));
#1752 = VECTOR('',#1753,1.);
#1753 = DIRECTION('',(0.,-1.,0.));
#1754 = PCURVE('',#1696,#1755);
#1755 = DEFINITIONAL_REPRESENTATION('',(#1756),#1760);
#1756 = LINE('',#1757,#1758);
#1757 = CARTESIAN_POINT('',(-0.,0.));
#1758 = VECTOR('',#1759,1.);
#1759 = DIRECTION('',(-0.,-1.));
#1760 = ( GEOMETRIC_REPRESENTATION_CONTEXT(2) 
PARAMETRIC_REPRESENTATION_CONTEXT() REPRESENTATION_CONTEXT('2D SPACE',''
  ) );
#1761 = PCURVE('',#1696,#1762);
#1762 = DEFINITIONAL_REPRESENTATION('',(#1763),#1767);
#1763 = LINE('',#1764,#1765);
#1764 = CARTESIAN_POINT('',(-6.28318530718,0.));
#1765 = VECTOR('',#1766,1.);
#1766 = DIRECTION('',(-0.,-1.));
#1767 = ( GEOMETRIC_REPRESENTATION_CONTEXT(2) 
PARAMETRIC_REPRESENTATION_CONTEXT() REPRESENTATION_CONTEXT('2D SPACE',''
  ) );
#1768 = ORIENTED_EDGE('',*,*,#1679,.T.);
#1769 = ORIENTED_EDGE('',*,*,#1746,.F.);
#1770 = ORIENTED_EDGE('',*,*,#1771,.F.);
#1771 = EDGE_CURVE('',#1747,#1747,#1772,.T.);
#1772 = SURFACE_CURVE('',#1773,(#1778,#1785),.PCURVE_S1.);
#1773 = CIRCLE('',#1774,54.);
#1774 = AXIS2_PLACEMENT_3D('',#1775,#1776,#1777);
#1775 = CARTESIAN_POINT('',(1.0117E+03,-375.,468.1));
#1776 = DIRECTION('',(0.,-1.,0.));
#1777 = DIRECTION('',(1.,0.,0.));
#1778 = PCURVE('',#1696,#1779);
#1779 = DEFINITIONAL_REPRESENTATION('',(#1780),#1784);
#1780 = LINE('',#1781,#1782);
#1781 = CARTESIAN_POINT('',(-0.,0.));
#1782 = VECTOR('',#1783,1.);
#1783 = DIRECTION('',(-1.,0.));
#1784 = ( GEOMETRIC_REPRESENTATION_CONTEXT(2) 
PARAMETRIC_REPRESENTATION_CONTEXT() REPRESENTATION_CONTEXT('2D SPACE',''
  ) );
#1785 = PCURVE('',#1731,#1786);
#1786 = DEFINITIONAL_REPRESENTATION('',(#1787),#1791);
#1787 = LINE('',#1788,#1789);
#1788 = CARTESIAN_POINT('',(0.,0.));
#1789 = VECTOR('',#1790,1.);
#1790 = DIRECTION('',(1.,0.));
#1791 = ( GEOMETRIC_REPRESENTATION_CONTEXT(2) 
PARAMETRIC_REPRESENTATION_CONTEXT() REPRESENTATION_CONTEXT('2D SPACE',''
  ) );
#1792 = ADVANCED_FACE('',(#1793),#1731,.F.);
#1793 = FACE_BOUND('',#1794,.F.);
#1794 = EDGE_LOOP('',(#1795,#1816,#1817,#1818));
#1795 = ORIENTED_EDGE('',*,*,#1796,.T.);
#1796 = EDGE_CURVE('',#1747,#1715,#1797,.T.);
#1797 = SEAM_CURVE('',#1798,(#1802,#1809),.PCURVE_S1.);
#1798 = LINE('',#1799,#1800);
#1799 = CARTESIAN_POINT('',(1.0657E+03,-375.,468.1));
#1800 = VECTOR('',#1801,1.);
#1801 = DIRECTION('',(-0.,1.,-0.));
#1802 = PCURVE('',#1731,#1803);
#1803 = DEFINITIONAL_REPRESENTATION('',(#1804),#1808);
#1804 = LINE('',#1805,#1806);
#1805 = CARTESIAN_POINT('',(0.,0.));
#1806 = VECTOR('',#1807,1.);
#1807 = DIRECTION('',(0.,-1.));
#1808 = ( GEOMETRIC_REPRESENTATION_CONTEXT(2) 
PARAMETRIC_REPRESENTATION_CONTEXT() REPRESENTATION_CONTEXT('2D SPACE',''
  ) );
#1809 = PCURVE('',#1731,#1810);
#1810 = DEFINITIONAL_REPRESENTATION('',(#1811),#1815);
#1811 = LINE('',#1812,#1813);
#1812 = CARTESIAN_POINT('',(6.28318530718,0.));
#1813 = VECTOR('',#1814,1.);
#1814 = DIRECTION('',(0.,-1.));
#1815 = ( GEOMETRIC_REPRESENTATION_CONTEXT(2) 
PARAMETRIC_REPRESENTATION_CONTEXT() REPRESENTATION_CONTEXT('2D SPACE',''
  ) );
#1816 = ORIENTED_EDGE('',*,*,#1714,.T.);
#1817 = ORIENTED_EDGE('',*,*,#1796,.F.);
#1818 = ORIENTED_EDGE('',*,*,#1771,.F.);
#1819 = ( GEOMETRIC_REPRESENTATION_CONTEXT(3) 
GLOBAL_UNCERTAINTY_ASSIGNED_CONTEXT((#1823)) 
GLOBAL_UNIT_ASSIGNED_CONTEXT((#1820,#1821,#1822)) REPRESENTATION_CONTEXT
('Context #1','3D Context with UNIT and UNCERTAINTY') );
#1820 = ( LENGTH_UNIT() NAMED_UNIT(*) SI_UNIT(.MILLI.,.METRE.) );
#1821 = ( NAMED_UNIT(*) PLANE_ANGLE_UNIT() SI_UNIT($,.RADIAN.) );
#1822 = ( NAMED_UNIT(*) SI_UNIT($,.STERADIAN.) SOLID_ANGLE_UNIT() );
#1823 = UNCERTAINTY_MEASURE_WITH_UNIT(LENGTH_MEASURE(1.E-07),#1820,
  'distance_accuracy_value','confusion accuracy');
#1824 = CONTEXT_DEPENDENT_SHAPE_REPRESENTATION(#1825,#1827);
#1825 = ( REPRESENTATION_RELATIONSHIP('','',#1526,#10) 
REPRESENTATION_RELATIONSHIP_WITH_TRANSFORMATION(#1826) 
SHAPE_REPRESENTATION_RELATIONSHIP() );
#1826 = ITEM_DEFINED_TRANSFORMATION('','',#11,#31);
#1827 = PRODUCT_DEFINITION_SHAPE('Placement','Placement of an item',
  #1828);
#1828 = NEXT_ASSEMBLY_USAGE_OCCURRENCE('5','FRAME/clamp_fwd_stbd','',#5,
  #1521,$);
#1829 = PRODUCT_RELATED_PRODUCT_CATEGORY('part',$,(#1523));
#1830 = SHAPE_DEFINITION_REPRESENTATION(#1831,#1837);
#1831 = PRODUCT_DEFINITION_SHAPE('','',#1832);
#1832 = PRODUCT_DEFINITION('design','',#1833,#1836);
#1833 = PRODUCT_DEFINITION_FORMATION('','',#1834);
#1834 = PRODUCT('FRAME/shim_fwd_stbd','FRAME/shim_fwd_stbd','',(#1835));
#1835 = PRODUCT_CONTEXT('',#2,'mechanical');
#1836 = PRODUCT_DEFINITION_CONTEXT('part definition',#2,'design');
#1837 = ADVANCED_BREP_SHAPE_REPRESENTATION('',(#11,#1838),#2168);
#1838 = MANIFOLD_SOLID_BREP('',#1839);
#1839 = CLOSED_SHELL('',(#1840,#1960,#2060,#2107,#2154,#2161));
#1840 = ADVANCED_FACE('',(#1841),#1855,.F.);
#1841 = FACE_BOUND('',#1842,.F.);
#1842 = EDGE_LOOP('',(#1843,#1878,#1906,#1934));
#1843 = ORIENTED_EDGE('',*,*,#1844,.F.);
#1844 = EDGE_CURVE('',#1845,#1847,#1849,.T.);
#1845 = VERTEX_POINT('',#1846);
#1846 = CARTESIAN_POINT('',(981.7,-425.,530.1));
#1847 = VERTEX_POINT('',#1848);
#1848 = CARTESIAN_POINT('',(981.7,-425.,621.4));
#1849 = SURFACE_CURVE('',#1850,(#1854,#1866),.PCURVE_S1.);
#1850 = LINE('',#1851,#1852);
#1851 = CARTESIAN_POINT('',(981.7,-425.,530.1));
#1852 = VECTOR('',#1853,1.);
#1853 = DIRECTION('',(0.,0.,1.));
#1854 = PCURVE('',#1855,#1860);
#1855 = PLANE('',#1856);
#1856 = AXIS2_PLACEMENT_3D('',#1857,#1858,#1859);
#1857 = CARTESIAN_POINT('',(981.7,-425.,530.1));
#1858 = DIRECTION('',(1.,0.,0.));
#1859 = DIRECTION('',(0.,0.,1.));
#1860 = DEFINITIONAL_REPRESENTATION('',(#1861),#1865);
#1861 = LINE('',#1862,#1863);
#1862 = CARTESIAN_POINT('',(0.,0.));
#1863 = VECTOR('',#1864,1.);
#1864 = DIRECTION('',(1.,0.));
#1865 = ( GEOMETRIC_REPRESENTATION_CONTEXT(2) 
PARAMETRIC_REPRESENTATION_CONTEXT() REPRESENTATION_CONTEXT('2D SPACE',''
  ) );
#1866 = PCURVE('',#1867,#1872);
#1867 = PLANE('',#1868);
#1868 = AXIS2_PLACEMENT_3D('',#1869,#1870,#1871);
#1869 = CARTESIAN_POINT('',(981.7,-425.,530.1));
#1870 = DIRECTION('',(0.,1.,0.));
#1871 = DIRECTION('',(0.,0.,1.));
#1872 = DEFINITIONAL_REPRESENTATION('',(#1873),#1877);
#1873 = LINE('',#1874,#1875);
#1874 = CARTESIAN_POINT('',(0.,0.));
#1875 = VECTOR('',#1876,1.);
#1876 = DIRECTION('',(1.,0.));
#1877 = ( GEOMETRIC_REPRESENTATION_CONTEXT(2) 
PARAMETRIC_REPRESENTATION_CONTEXT() REPRESENTATION_CONTEXT('2D SPACE',''
  ) );
#1878 = ORIENTED_EDGE('',*,*,#1879,.T.);
#1879 = EDGE_CURVE('',#1845,#1880,#1882,.T.);
#1880 = VERTEX_POINT('',#1881);
#1881 = CARTESIAN_POINT('',(981.7,-325.,530.1));
#1882 = SURFACE_CURVE('',#1883,(#1887,#1894),.PCURVE_S1.);
#1883 = LINE('',#1884,#1885);
#1884 = CARTESIAN_POINT('',(981.7,-425.,530.1));
#1885 = VECTOR('',#1886,1.);
#1886 = DIRECTION('',(0.,1.,0.));
#1887 = PCURVE('',#1855,#1888);
#1888 = DEFINITIONAL_REPRESENTATION('',(#1889),#1893);
#1889 = LINE('',#1890,#1891);
#1890 = CARTESIAN_POINT('',(0.,0.));
#1891 = VECTOR('',#1892,1.);
#1892 = DIRECTION('',(0.,-1.));
#1893 = ( GEOMETRIC_REPRESENTATION_CONTEXT(2) 
PARAMETRIC_REPRESENTATION_CONTEXT() REPRESENTATION_CONTEXT('2D SPACE',''
  ) );
#1894 = PCURVE('',#1895,#1900);
#1895 = PLANE('',#1896);
#1896 = AXIS2_PLACEMENT_3D('',#1897,#1898,#1899);
#1897 = CARTESIAN_POINT('',(981.7,-425.,530.1));
#1898 = DIRECTION('',(0.,0.,1.));
#1899 = DIRECTION('',(1.,0.,0.));
#1900 = DEFINITIONAL_REPRESENTATION('',(#1901),#1905);
#1901 = LINE('',#1902,#1903);
#1902 = CARTESIAN_POINT('',(0.,0.));
#1903 = VECTOR('',#1904,1.);
#1904 = DIRECTION('',(0.,1.));
#1905 = ( GEOMETRIC_REPRESENTATION_CONTEXT(2) 
PARAMETRIC_REPRESENTATION_CONTEXT() REPRESENTATION_CONTEXT('2D SPACE',''
  ) );
#1906 = ORIENTED_EDGE('',*,*,#1907,.T.);
#1907 = EDGE_CURVE('',#1880,#1908,#1910,.T.);
#1908 = VERTEX_POINT('',#1909);
#1909 = CARTESIAN_POINT('',(981.7,-325.,621.4));
#1910 = SURFACE_CURVE('',#1911,(#1915,#1922),.PCURVE_S1.);
#1911 = LINE('',#1912,#1913);
#1912 = CARTESIAN_POINT('',(981.7,-325.,530.1));
#1913 = VECTOR('',#1914,1.);
#1914 = DIRECTION('',(0.,0.,1.));
#1915 = PCURVE('',#1855,#1916);
#1916 = DEFINITIONAL_REPRESENTATION('',(#1917),#1921);
#1917 = LINE('',#1918,#1919);
#1918 = CARTESIAN_POINT('',(0.,-100.));
#1919 = VECTOR('',#1920,1.);
#1920 = DIRECTION('',(1.,0.));
#1921 = ( GEOMETRIC_REPRESENTATION_CONTEXT(2) 
PARAMETRIC_REPRESENTATION_CONTEXT() REPRESENTATION_CONTEXT('2D SPACE',''
  ) );
#1922 = PCURVE('',#1923,#1928);
#1923 = PLANE('',#1924);
#1924 = AXIS2_PLACEMENT_3D('',#1925,#1926,#1927);
#1925 = CARTESIAN_POINT('',(981.7,-325.,530.1));
#1926 = DIRECTION('',(0.,1.,0.));
#1927 = DIRECTION('',(0.,0.,1.));
#1928 = DEFINITIONAL_REPRESENTATION('',(#1929),#1933);
#1929 = LINE('',#1930,#1931);
#1930 = CARTESIAN_POINT('',(0.,0.));
#1931 = VECTOR('',#1932,1.);
#1932 = DIRECTION('',(1.,0.));
#1933 = ( GEOMETRIC_REPRESENTATION_CONTEXT(2) 
PARAMETRIC_REPRESENTATION_CONTEXT() REPRESENTATION_CONTEXT('2D SPACE',''
  ) );
#1934 = ORIENTED_EDGE('',*,*,#1935,.F.);
#1935 = EDGE_CURVE('',#1847,#1908,#1936,.T.);
#1936 = SURFACE_CURVE('',#1937,(#1941,#1948),.PCURVE_S1.);
#1937 = LINE('',#1938,#1939);
#1938 = CARTESIAN_POINT('',(981.7,-425.,621.4));
#1939 = VECTOR('',#1940,1.);
#1940 = DIRECTION('',(0.,1.,0.));
#1941 = PCURVE('',#1855,#1942);
#1942 = DEFINITIONAL_REPRESENTATION('',(#1943),#1947);
#1943 = LINE('',#1944,#1945);
#1944 = CARTESIAN_POINT('',(91.3,0.));
#1945 = VECTOR('',#1946,1.);
#1946 = DIRECTION('',(0.,-1.));
#1947 = ( GEOMETRIC_REPRESENTATION_CONTEXT(2) 
PARAMETRIC_REPRESENTATION_CONTEXT() REPRESENTATION_CONTEXT('2D SPACE',''
  ) );
#1948 = PCURVE('',#1949,#1954);
#1949 = PLANE('',#1950);
#1950 = AXIS2_PLACEMENT_3D('',#1951,#1952,#1953);
#1951 = CARTESIAN_POINT('',(981.7,-425.,621.4));
#1952 = DIRECTION('',(0.,0.,1.));
#1953 = DIRECTION('',(1.,0.,0.));
#1954 = DEFINITIONAL_REPRESENTATION('',(#1955),#1959);
#1955 = LINE('',#1956,#1957);
#1956 = CARTESIAN_POINT('',(0.,0.));
#1957 = VECTOR('',#1958,1.);
#1958 = DIRECTION('',(0.,1.));
#1959 = ( GEOMETRIC_REPRESENTATION_CONTEXT(2) 
PARAMETRIC_REPRESENTATION_CONTEXT() REPRESENTATION_CONTEXT('2D SPACE',''
  ) );
#1960 = ADVANCED_FACE('',(#1961),#1975,.T.);
#1961 = FACE_BOUND('',#1962,.T.);
#1962 = EDGE_LOOP('',(#1963,#1993,#2016,#2039));
#1963 = ORIENTED_EDGE('',*,*,#1964,.F.);
#1964 = EDGE_CURVE('',#1965,#1967,#1969,.T.);
#1965 = VERTEX_POINT('',#1966);
#1966 = CARTESIAN_POINT('',(1.0417E+03,-425.,530.1));
#1967 = VERTEX_POINT('',#1968);
#1968 = CARTESIAN_POINT('',(1.0417E+03,-425.,621.4));
#1969 = SURFACE_CURVE('',#1970,(#1974,#1986),.PCURVE_S1.);
#1970 = LINE('',#1971,#1972);
#1971 = CARTESIAN_POINT('',(1.0417E+03,-425.,530.1));
#1972 = VECTOR('',#1973,1.);
#1973 = DIRECTION('',(0.,0.,1.));
#1974 = PCURVE('',#1975,#1980);
#1975 = PLANE('',#1976);
#1976 = AXIS2_PLACEMENT_3D('',#1977,#1978,#1979);
#1977 = CARTESIAN_POINT('',(1.0417E+03,-425.,530.1));
#1978 = DIRECTION('',(1.,0.,0.));
#1979 = DIRECTION('',(0.,0.,1.));
#1980 = DEFINITIONAL_REPRESENTATION('',(#1981),#1985);
#1981 = LINE('',#1982,#1983);
#1982 = CARTESIAN_POINT('',(0.,0.));
#1983 = VECTOR('',#1984,1.);
#1984 = DIRECTION('',(1.,0.));
#1985 = ( GEOMETRIC_REPRESENTATION_CONTEXT(2) 
PARAMETRIC_REPRESENTATION_CONTEXT() REPRESENTATION_CONTEXT('2D SPACE',''
  ) );
#1986 = PCURVE('',#1867,#1987);
#1987 = DEFINITIONAL_REPRESENTATION('',(#1988),#1992);
#1988 = LINE('',#1989,#1990);
#1989 = CARTESIAN_POINT('',(0.,60.));
#1990 = VECTOR('',#1991,1.);
#1991 = DIRECTION('',(1.,0.));
#1992 = ( GEOMETRIC_REPRESENTATION_CONTEXT(2) 
PARAMETRIC_REPRESENTATION_CONTEXT() REPRESENTATION_CONTEXT('2D SPACE',''
  ) );
#1993 = ORIENTED_EDGE('',*,*,#1994,.T.);
#1994 = EDGE_CURVE('',#1965,#1995,#1997,.T.);
#1995 = VERTEX_POINT('',#1996);
#1996 = CARTESIAN_POINT('',(1.0417E+03,-325.,530.1));
#1997 = SURFACE_CURVE('',#1998,(#2002,#2009),.PCURVE_S1.);
#1998 = LINE('',#1999,#2000);
#1999 = CARTESIAN_POINT('',(1.0417E+03,-425.,530.1));
#2000 = VECTOR('',#2001,1.);
#2001 = DIRECTION('',(0.,1.,0.));
#2002 = PCURVE('',#1975,#2003);
#2003 = DEFINITIONAL_REPRESENTATION('',(#2004),#2008);
#2004 = LINE('',#2005,#2006);
#2005 = CARTESIAN_POINT('',(0.,0.));
#2006 = VECTOR('',#2007,1.);
#2007 = DIRECTION('',(0.,-1.));
#2008 = ( GEOMETRIC_REPRESENTATION_CONTEXT(2) 
PARAMETRIC_REPRESENTATION_CONTEXT() REPRESENTATION_CONTEXT('2D SPACE',''
  ) );
#2009 = PCURVE('',#1895,#2010);
#2010 = DEFINITIONAL_REPRESENTATION('',(#2011),#2015);
#2011 = LINE('',#2012,#2013);
#2012 = CARTESIAN_POINT('',(60.,0.));
#2013 = VECTOR('',#2014,1.);
#2014 = DIRECTION('',(0.,1.));
#2015 = ( GEOMETRIC_REPRESENTATION_CONTEXT(2) 
PARAMETRIC_REPRESENTATION_CONTEXT() REPRESENTATION_CONTEXT('2D SPACE',''
  ) );
#2016 = ORIENTED_EDGE('',*,*,#2017,.T.);
#2017 = EDGE_CURVE('',#1995,#2018,#2020,.T.);
#2018 = VERTEX_POINT('',#2019);
#2019 = CARTESIAN_POINT('',(1.0417E+03,-325.,621.4));
#2020 = SURFACE_CURVE('',#2021,(#2025,#2032),.PCURVE_S1.);
#2021 = LINE('',#2022,#2023);
#2022 = CARTESIAN_POINT('',(1.0417E+03,-325.,530.1));
#2023 = VECTOR('',#2024,1.);
#2024 = DIRECTION('',(0.,0.,1.));
#2025 = PCURVE('',#1975,#2026);
#2026 = DEFINITIONAL_REPRESENTATION('',(#2027),#2031);
#2027 = LINE('',#2028,#2029);
#2028 = CARTESIAN_POINT('',(0.,-100.));
#2029 = VECTOR('',#2030,1.);
#2030 = DIRECTION('',(1.,0.));
#2031 = ( GEOMETRIC_REPRESENTATION_CONTEXT(2) 
PARAMETRIC_REPRESENTATION_CONTEXT() REPRESENTATION_CONTEXT('2D SPACE',''
  ) );
#2032 = PCURVE('',#1923,#2033);
#2033 = DEFINITIONAL_REPRESENTATION('',(#2034),#2038);
#2034 = LINE('',#2035,#2036);
#2035 = CARTESIAN_POINT('',(0.,60.));
#2036 = VECTOR('',#2037,1.);
#2037 = DIRECTION('',(1.,0.));
#2038 = ( GEOMETRIC_REPRESENTATION_CONTEXT(2) 
PARAMETRIC_REPRESENTATION_CONTEXT() REPRESENTATION_CONTEXT('2D SPACE',''
  ) );
#2039 = ORIENTED_EDGE('',*,*,#2040,.F.);
#2040 = EDGE_CURVE('',#1967,#2018,#2041,.T.);
#2041 = SURFACE_CURVE('',#2042,(#2046,#2053),.PCURVE_S1.);
#2042 = LINE('',#2043,#2044);
#2043 = CARTESIAN_POINT('',(1.0417E+03,-425.,621.4));
#2044 = VECTOR('',#2045,1.);
#2045 = DIRECTION('',(0.,1.,0.));
#2046 = PCURVE('',#1975,#2047);
#2047 = DEFINITIONAL_REPRESENTATION('',(#2048),#2052);
#2048 = LINE('',#2049,#2050);
#2049 = CARTESIAN_POINT('',(91.3,0.));
#2050 = VECTOR('',#2051,1.);
#2051 = DIRECTION('',(0.,-1.));
#2052 = ( GEOMETRIC_REPRESENTATION_CONTEXT(2) 
PARAMETRIC_REPRESENTATION_CONTEXT() REPRESENTATION_CONTEXT('2D SPACE',''
  ) );
#2053 = PCURVE('',#1949,#2054);
#2054 = DEFINITIONAL_REPRESENTATION('',(#2055),#2059);
#2055 = LINE('',#2056,#2057);
#2056 = CARTESIAN_POINT('',(60.,0.));
#2057 = VECTOR('',#2058,1.);
#2058 = DIRECTION('',(0.,1.));
#2059 = ( GEOMETRIC_REPRESENTATION_CONTEXT(2) 
PARAMETRIC_REPRESENTATION_CONTEXT() REPRESENTATION_CONTEXT('2D SPACE',''
  ) );
#2060 = ADVANCED_FACE('',(#2061),#1867,.F.);
#2061 = FACE_BOUND('',#2062,.F.);
#2062 = EDGE_LOOP('',(#2063,#2084,#2085,#2106));
#2063 = ORIENTED_EDGE('',*,*,#2064,.F.);
#2064 = EDGE_CURVE('',#1845,#1965,#2065,.T.);
#2065 = SURFACE_CURVE('',#2066,(#2070,#2077),.PCURVE_S1.);
#2066 = LINE('',#2067,#2068);
#2067 = CARTESIAN_POINT('',(981.7,-425.,530.1));
#2068 = VECTOR('',#2069,1.);
#2069 = DIRECTION('',(1.,0.,0.));
#2070 = PCURVE('',#1867,#2071);
#2071 = DEFINITIONAL_REPRESENTATION('',(#2072),#2076);
#2072 = LINE('',#2073,#2074);
#2073 = CARTESIAN_POINT('',(0.,0.));
#2074 = VECTOR('',#2075,1.);
#2075 = DIRECTION('',(0.,1.));
#2076 = ( GEOMETRIC_REPRESENTATION_CONTEXT(2) 
PARAMETRIC_REPRESENTATION_CONTEXT() REPRESENTATION_CONTEXT('2D SPACE',''
  ) );
#2077 = PCURVE('',#1895,#2078);
#2078 = DEFINITIONAL_REPRESENTATION('',(#2079),#2083);
#2079 = LINE('',#2080,#2081);
#2080 = CARTESIAN_POINT('',(0.,0.));
#2081 = VECTOR('',#2082,1.);
#2082 = DIRECTION('',(1.,0.));
#2083 = ( GEOMETRIC_REPRESENTATION_CONTEXT(2) 
PARAMETRIC_REPRESENTATION_CONTEXT() REPRESENTATION_CONTEXT('2D SPACE',''
  ) );
#2084 = ORIENTED_EDGE('',*,*,#1844,.T.);
#2085 = ORIENTED_EDGE('',*,*,#2086,.T.);
#2086 = EDGE_CURVE('',#1847,#1967,#2087,.T.);
#2087 = SURFACE_CURVE('',#2088,(#2092,#2099),.PCURVE_S1.);
#2088 = LINE('',#2089,#2090);
#2089 = CARTESIAN_POINT('',(981.7,-425.,621.4));
#2090 = VECTOR('',#2091,1.);
#2091 = DIRECTION('',(1.,0.,0.));
#2092 = PCURVE('',#1867,#2093);
#2093 = DEFINITIONAL_REPRESENTATION('',(#2094),#2098);
#2094 = LINE('',#2095,#2096);
#2095 = CARTESIAN_POINT('',(91.3,0.));
#2096 = VECTOR('',#2097,1.);
#2097 = DIRECTION('',(0.,1.));
#2098 = ( GEOMETRIC_REPRESENTATION_CONTEXT(2) 
PARAMETRIC_REPRESENTATION_CONTEXT() REPRESENTATION_CONTEXT('2D SPACE',''
  ) );
#2099 = PCURVE('',#1949,#2100);
#2100 = DEFINITIONAL_REPRESENTATION('',(#2101),#2105);
#2101 = LINE('',#2102,#2103);
#2102 = CARTESIAN_POINT('',(0.,0.));
#2103 = VECTOR('',#2104,1.);
#2104 = DIRECTION('',(1.,0.));
#2105 = ( GEOMETRIC_REPRESENTATION_CONTEXT(2) 
PARAMETRIC_REPRESENTATION_CONTEXT() REPRESENTATION_CONTEXT('2D SPACE',''
  ) );
#2106 = ORIENTED_EDGE('',*,*,#1964,.F.);
#2107 = ADVANCED_FACE('',(#2108),#1923,.T.);
#2108 = FACE_BOUND('',#2109,.T.);
#2109 = EDGE_LOOP('',(#2110,#2131,#2132,#2153));
#2110 = ORIENTED_EDGE('',*,*,#2111,.F.);
#2111 = EDGE_CURVE('',#1880,#1995,#2112,.T.);
#2112 = SURFACE_CURVE('',#2113,(#2117,#2124),.PCURVE_S1.);
#2113 = LINE('',#2114,#2115);
#2114 = CARTESIAN_POINT('',(981.7,-325.,530.1));
#2115 = VECTOR('',#2116,1.);
#2116 = DIRECTION('',(1.,0.,0.));
#2117 = PCURVE('',#1923,#2118);
#2118 = DEFINITIONAL_REPRESENTATION('',(#2119),#2123);
#2119 = LINE('',#2120,#2121);
#2120 = CARTESIAN_POINT('',(0.,0.));
#2121 = VECTOR('',#2122,1.);
#2122 = DIRECTION('',(0.,1.));
#2123 = ( GEOMETRIC_REPRESENTATION_CONTEXT(2) 
PARAMETRIC_REPRESENTATION_CONTEXT() REPRESENTATION_CONTEXT('2D SPACE',''
  ) );
#2124 = PCURVE('',#1895,#2125);
#2125 = DEFINITIONAL_REPRESENTATION('',(#2126),#2130);
#2126 = LINE('',#2127,#2128);
#2127 = CARTESIAN_POINT('',(0.,100.));
#2128 = VECTOR('',#2129,1.);
#2129 = DIRECTION('',(1.,0.));
#2130 = ( GEOMETRIC_REPRESENTATION_CONTEXT(2) 
PARAMETRIC_REPRESENTATION_CONTEXT() REPRESENTATION_CONTEXT('2D SPACE',''
  ) );
#2131 = ORIENTED_EDGE('',*,*,#1907,.T.);
#2132 = ORIENTED_EDGE('',*,*,#2133,.T.);
#2133 = EDGE_CURVE('',#1908,#2018,#2134,.T.);
#2134 = SURFACE_CURVE('',#2135,(#2139,#2146),.PCURVE_S1.);
#2135 = LINE('',#2136,#2137);
#2136 = CARTESIAN_POINT('',(981.7,-325.,621.4));
#2137 = VECTOR('',#2138,1.);
#2138 = DIRECTION('',(1.,0.,0.));
#2139 = PCURVE('',#1923,#2140);
#2140 = DEFINITIONAL_REPRESENTATION('',(#2141),#2145);
#2141 = LINE('',#2142,#2143);
#2142 = CARTESIAN_POINT('',(91.3,0.));
#2143 = VECTOR('',#2144,1.);
#2144 = DIRECTION('',(0.,1.));
#2145 = ( GEOMETRIC_REPRESENTATION_CONTEXT(2) 
PARAMETRIC_REPRESENTATION_CONTEXT() REPRESENTATION_CONTEXT('2D SPACE',''
  ) );
#2146 = PCURVE('',#1949,#2147);
#2147 = DEFINITIONAL_REPRESENTATION('',(#2148),#2152);
#2148 = LINE('',#2149,#2150);
#2149 = CARTESIAN_POINT('',(0.,100.));
#2150 = VECTOR('',#2151,1.);
#2151 = DIRECTION('',(1.,0.));
#2152 = ( GEOMETRIC_REPRESENTATION_CONTEXT(2) 
PARAMETRIC_REPRESENTATION_CONTEXT() REPRESENTATION_CONTEXT('2D SPACE',''
  ) );
#2153 = ORIENTED_EDGE('',*,*,#2017,.F.);
#2154 = ADVANCED_FACE('',(#2155),#1895,.F.);
#2155 = FACE_BOUND('',#2156,.F.);
#2156 = EDGE_LOOP('',(#2157,#2158,#2159,#2160));
#2157 = ORIENTED_EDGE('',*,*,#1879,.F.);
#2158 = ORIENTED_EDGE('',*,*,#2064,.T.);
#2159 = ORIENTED_EDGE('',*,*,#1994,.T.);
#2160 = ORIENTED_EDGE('',*,*,#2111,.F.);
#2161 = ADVANCED_FACE('',(#2162),#1949,.T.);
#2162 = FACE_BOUND('',#2163,.T.);
#2163 = EDGE_LOOP('',(#2164,#2165,#2166,#2167));
#2164 = ORIENTED_EDGE('',*,*,#1935,.F.);
#2165 = ORIENTED_EDGE('',*,*,#2086,.T.);
#2166 = ORIENTED_EDGE('',*,*,#2040,.T.);
#2167 = ORIENTED_EDGE('',*,*,#2133,.F.);
#2168 = ( GEOMETRIC_REPRESENTATION_CONTEXT(3) 
GLOBAL_UNCERTAINTY_ASSIGNED_CONTEXT((#2172)) 
GLOBAL_UNIT_ASSIGNED_CONTEXT((#2169,#2170,#2171)) REPRESENTATION_CONTEXT
('Context #1','3D Context with UNIT and UNCERTAINTY') );
#2169 = ( LENGTH_UNIT() NAMED_UNIT(*) SI_UNIT(.MILLI.,.METRE.) );
#2170 = ( NAMED_UNIT(*) PLANE_ANGLE_UNIT() SI_UNIT($,.RADIAN.) );
#2171 = ( NAMED_UNIT(*) SI_UNIT($,.STERADIAN.) SOLID_ANGLE_UNIT() );
#2172 = UNCERTAINTY_MEASURE_WITH_UNIT(LENGTH_MEASURE(1.E-07),#2169,
  'distance_accuracy_value','confusion accuracy');
#2173 = CONTEXT_DEPENDENT_SHAPE_REPRESENTATION(#2174,#2176);
#2174 = ( REPRESENTATION_RELATIONSHIP('','',#1837,#10) 
REPRESENTATION_RELATIONSHIP_WITH_TRANSFORMATION(#2175) 
SHAPE_REPRESENTATION_RELATIONSHIP() );
#2175 = ITEM_DEFINED_TRANSFORMATION('','',#11,#35);
#2176 = PRODUCT_DEFINITION_SHAPE('Placement','Placement of an item',
  #2177);
#2177 = NEXT_ASSEMBLY_USAGE_OCCURRENCE('6','FRAME/shim_fwd_stbd','',#5,
  #1832,$);
#2178 = PRODUCT_RELATED_PRODUCT_CATEGORY('part',$,(#1834));
#2179 = SHAPE_DEFINITION_REPRESENTATION(#2180,#2186);
#2180 = PRODUCT_DEFINITION_SHAPE('','',#2181);
#2181 = PRODUCT_DEFINITION('design','',#2182,#2185);
#2182 = PRODUCT_DEFINITION_FORMATION('','',#2183);
#2183 = PRODUCT('FRAME/clamp_aft_port','FRAME/clamp_aft_port','',(#2184)
  );
#2184 = PRODUCT_CONTEXT('',#2,'mechanical');
#2185 = PRODUCT_DEFINITION_CONTEXT('part definition',#2,'design');
#2186 = ADVANCED_BREP_SHAPE_REPRESENTATION('',(#11,#2187),#2479);
#2187 = MANIFOLD_SOLID_BREP('',#2188);
#2188 = CLOSED_SHELL('',(#2189,#2277,#2332,#2367,#2402,#2452));
#2189 = ADVANCED_FACE('',(#2190),#2204,.T.);
#2190 = FACE_BOUND('',#2191,.F.);
#2191 = EDGE_LOOP('',(#2192,#2222,#2249,#2250));
#2192 = ORIENTED_EDGE('',*,*,#2193,.T.);
#2193 = EDGE_CURVE('',#2194,#2196,#2198,.T.);
#2194 = VERTEX_POINT('',#2195);
#2195 = CARTESIAN_POINT('',(-1.9249E+03,375.,559.4));
#2196 = VERTEX_POINT('',#2197);
#2197 = CARTESIAN_POINT('',(-1.9249E+03,345.,559.4));
#2198 = SEAM_CURVE('',#2199,(#2203,#2215),.PCURVE_S1.);
#2199 = LINE('',#2200,#2201);
#2200 = CARTESIAN_POINT('',(-1.9249E+03,375.,559.4));
#2201 = VECTOR('',#2202,1.);
#2202 = DIRECTION('',(0.,-1.,0.));
#2203 = PCURVE('',#2204,#2209);
#2204 = CYLINDRICAL_SURFACE('',#2205,62.);
#2205 = AXIS2_PLACEMENT_3D('',#2206,#2207,#2208);
#2206 = CARTESIAN_POINT('',(-1.9869E+03,375.,559.4));
#2207 = DIRECTION('',(-0.,1.,-0.));
#2208 = DIRECTION('',(1.,0.,0.));
#2209 = DEFINITIONAL_REPRESENTATION('',(#2210),#2214);
#2210 = LINE('',#2211,#2212);
#2211 = CARTESIAN_POINT('',(-0.,0.));
#2212 = VECTOR('',#2213,1.);
#2213 = DIRECTION('',(-0.,-1.));
#2214 = ( GEOMETRIC_REPRESENTATION_CONTEXT(2) 
PARAMETRIC_REPRESENTATION_CONTEXT() REPRESENTATION_CONTEXT('2D SPACE',''
  ) );
#2215 = PCURVE('',#2204,#2216);
#2216 = DEFINITIONAL_REPRESENTATION('',(#2217),#2221);
#2217 = LINE('',#2218,#2219);
#2218 = CARTESIAN_POINT('',(-6.28318530718,0.));
#2219 = VECTOR('',#2220,1.);
#2220 = DIRECTION('',(-0.,-1.));
#2221 = ( GEOMETRIC_REPRESENTATION_CONTEXT(2) 
PARAMETRIC_REPRESENTATION_CONTEXT() REPRESENTATION_CONTEXT('2D SPACE',''
  ) );
#2222 = ORIENTED_EDGE('',*,*,#2223,.T.);
#2223 = EDGE_CURVE('',#2196,#2196,#2224,.T.);
#2224 = SURFACE_CURVE('',#2225,(#2230,#2237),.PCURVE_S1.);
#2225 = CIRCLE('',#2226,62.);
#2226 = AXIS2_PLACEMENT_3D('',#2227,#2228,#2229);
#2227 = CARTESIAN_POINT('',(-1.9869E+03,345.,559.4));
#2228 = DIRECTION('',(0.,-1.,0.));
#2229 = DIRECTION('',(1.,0.,0.));
#2230 = PCURVE('',#2204,#2231);
#2231 = DEFINITIONAL_REPRESENTATION('',(#2232),#2236);
#2232 = LINE('',#2233,#2234);
#2233 = CARTESIAN_POINT('',(-0.,-30.));
#2234 = VECTOR('',#2235,1.);
#2235 = DIRECTION('',(-1.,0.));
#2236 = ( GEOMETRIC_REPRESENTATION_CONTEXT(2) 
PARAMETRIC_REPRESENTATION_CONTEXT() REPRESENTATION_CONTEXT('2D SPACE',''
  ) );
#2237 = PCURVE('',#2238,#2243);
#2238 = PLANE('',#2239);
#2239 = AXIS2_PLACEMENT_3D('',#2240,#2241,#2242);
#2240 = CARTESIAN_POINT('',(-1.9869E+03,345.,559.4));
#2241 = DIRECTION('',(-0.,-1.,-0.));
#2242 = DIRECTION('',(0.,0.,-1.));
#2243 = DEFINITIONAL_REPRESENTATION('',(#2244),#2248);
#2244 = CIRCLE('',#2245,62.);
#2245 = AXIS2_PLACEMENT_2D('',#2246,#2247);
#2246 = CARTESIAN_POINT('',(0.,0.));
#2247 = DIRECTION('',(0.,1.));
#2248 = ( GEOMETRIC_REPRESENTATION_CONTEXT(2) 
PARAMETRIC_REPRESENTATION_CONTEXT() REPRESENTATION_CONTEXT('2D SPACE',''
  ) );
#2249 = ORIENTED_EDGE('',*,*,#2193,.F.);
#2250 = ORIENTED_EDGE('',*,*,#2251,.F.);
#2251 = EDGE_CURVE('',#2194,#2194,#2252,.T.);
#2252 = SURFACE_CURVE('',#2253,(#2258,#2265),.PCURVE_S1.);
#2253 = CIRCLE('',#2254,62.);
#2254 = AXIS2_PLACEMENT_3D('',#2255,#2256,#2257);
#2255 = CARTESIAN_POINT('',(-1.9869E+03,375.,559.4));
#2256 = DIRECTION('',(0.,-1.,0.));
#2257 = DIRECTION('',(1.,0.,0.));
#2258 = PCURVE('',#2204,#2259);
#2259 = DEFINITIONAL_REPRESENTATION('',(#2260),#2264);
#2260 = LINE('',#2261,#2262);
#2261 = CARTESIAN_POINT('',(-0.,0.));
#2262 = VECTOR('',#2263,1.);
#2263 = DIRECTION('',(-1.,0.));
#2264 = ( GEOMETRIC_REPRESENTATION_CONTEXT(2) 
PARAMETRIC_REPRESENTATION_CONTEXT() REPRESENTATION_CONTEXT('2D SPACE',''
  ) );
#2265 = PCURVE('',#2266,#2271);
#2266 = CYLINDRICAL_SURFACE('',#2267,62.);
#2267 = AXIS2_PLACEMENT_3D('',#2268,#2269,#2270);
#2268 = CARTESIAN_POINT('',(-1.9869E+03,375.,559.4));
#2269 = DIRECTION('',(0.,-1.,0.));
#2270 = DIRECTION('',(1.,0.,0.));
#2271 = DEFINITIONAL_REPRESENTATION('',(#2272),#2276);
#2272 = LINE('',#2273,#2274);
#2273 = CARTESIAN_POINT('',(0.,0.));
#2274 = VECTOR('',#2275,1.);
#2275 = DIRECTION('',(1.,0.));
#2276 = ( GEOMETRIC_REPRESENTATION_CONTEXT(2) 
PARAMETRIC_REPRESENTATION_CONTEXT() REPRESENTATION_CONTEXT('2D SPACE',''
  ) );
#2277 = ADVANCED_FACE('',(#2278),#2266,.T.);
#2278 = FACE_BOUND('',#2279,.T.);
#2279 = EDGE_LOOP('',(#2280,#2303,#2330,#2331));
#2280 = ORIENTED_EDGE('',*,*,#2281,.T.);
#2281 = EDGE_CURVE('',#2194,#2282,#2284,.T.);
#2282 = VERTEX_POINT('',#2283);
#2283 = CARTESIAN_POINT('',(-1.9249E+03,405.,559.4));
#2284 = SEAM_CURVE('',#2285,(#2289,#2296),.PCURVE_S1.);
#2285 = LINE('',#2286,#2287);
#2286 = CARTESIAN_POINT('',(-1.9249E+03,375.,559.4));
#2287 = VECTOR('',#2288,1.);
#2288 = DIRECTION('',(-0.,1.,-0.));
#2289 = PCURVE('',#2266,#2290);
#2290 = DEFINITIONAL_REPRESENTATION('',(#2291),#2295);
#2291 = LINE('',#2292,#2293);
#2292 = CARTESIAN_POINT('',(0.,0.));
#2293 = VECTOR('',#2294,1.);
#2294 = DIRECTION('',(0.,-1.));
#2295 = ( GEOMETRIC_REPRESENTATION_CONTEXT(2) 
PARAMETRIC_REPRESENTATION_CONTEXT() REPRESENTATION_CONTEXT('2D SPACE',''
  ) );
#2296 = PCURVE('',#2266,#2297);
#2297 = DEFINITIONAL_REPRESENTATION('',(#2298),#2302);
#2298 = LINE('',#2299,#2300);
#2299 = CARTESIAN_POINT('',(6.28318530718,0.));
#2300 = VECTOR('',#2301,1.);
#2301 = DIRECTION('',(0.,-1.));
#2302 = ( GEOMETRIC_REPRESENTATION_CONTEXT(2) 
PARAMETRIC_REPRESENTATION_CONTEXT() REPRESENTATION_CONTEXT('2D SPACE',''
  ) );
#2303 = ORIENTED_EDGE('',*,*,#2304,.T.);
#2304 = EDGE_CURVE('',#2282,#2282,#2305,.T.);
#2305 = SURFACE_CURVE('',#2306,(#2311,#2318),.PCURVE_S1.);
#2306 = CIRCLE('',#2307,62.);
#2307 = AXIS2_PLACEMENT_3D('',#2308,#2309,#2310);
#2308 = CARTESIAN_POINT('',(-1.9869E+03,405.,559.4));
#2309 = DIRECTION('',(0.,-1.,0.));
#2310 = DIRECTION('',(1.,0.,0.));
#2311 = PCURVE('',#2266,#2312);
#2312 = DEFINITIONAL_REPRESENTATION('',(#2313),#2317);
#2313 = LINE('',#2314,#2315);
#2314 = CARTESIAN_POINT('',(0.,-30.));
#2315 = VECTOR('',#2316,1.);
#2316 = DIRECTION('',(1.,0.));
#2317 = ( GEOMETRIC_REPRESENTATION_CONTEXT(2) 
PARAMETRIC_REPRESENTATION_CONTEXT() REPRESENTATION_CONTEXT('2D SPACE',''
  ) );
#2318 = PCURVE('',#2319,#2324);
#2319 = PLANE('',#2320);
#2320 = AXIS2_PLACEMENT_3D('',#2321,#2322,#2323);
#2321 = CARTESIAN_POINT('',(-1.9869E+03,405.,559.4));
#2322 = DIRECTION('',(-0.,-1.,-0.));
#2323 = DIRECTION('',(0.,0.,-1.));
#2324 = DEFINITIONAL_REPRESENTATION('',(#2325),#2329);
#2325 = CIRCLE('',#2326,62.);
#2326 = AXIS2_PLACEMENT_2D('',#2327,#2328);
#2327 = CARTESIAN_POINT('',(0.,0.));
#2328 = DIRECTION('',(0.,1.));
#2329 = ( GEOMETRIC_REPRESENTATION_CONTEXT(2) 
PARAMETRIC_REPRESENTATION_CONTEXT() REPRESENTATION_CONTEXT('2D SPACE',''
  ) );
#2330 = ORIENTED_EDGE('',*,*,#2281,.F.);
#2331 = ORIENTED_EDGE('',*,*,#2251,.F.);
#2332 = ADVANCED_FACE('',(#2333,#2336),#2238,.T.);
#2333 = FACE_BOUND('',#2334,.T.);
#2334 = EDGE_LOOP('',(#2335));
#2335 = ORIENTED_EDGE('',*,*,#2223,.T.);
#2336 = FACE_BOUND('',#2337,.T.);
#2337 = EDGE_LOOP('',(#2338));
#2338 = ORIENTED_EDGE('',*,*,#2339,.F.);
#2339 = EDGE_CURVE('',#2340,#2340,#2342,.T.);
#2340 = VERTEX_POINT('',#2341);
#2341 = CARTESIAN_POINT('',(-1.9329E+03,345.,559.4));
#2342 = SURFACE_CURVE('',#2343,(#2348,#2355),.PCURVE_S1.);
#2343 = CIRCLE('',#2344,54.);
#2344 = AXIS2_PLACEMENT_3D('',#2345,#2346,#2347);
#2345 = CARTESIAN_POINT('',(-1.9869E+03,345.,559.4));
#2346 = DIRECTION('',(0.,-1.,0.));
#2347 = DIRECTION('',(1.,0.,0.));
#2348 = PCURVE('',#2238,#2349);
#2349 = DEFINITIONAL_REPRESENTATION('',(#2350),#2354);
#2350 = CIRCLE('',#2351,54.);
#2351 = AXIS2_PLACEMENT_2D('',#2352,#2353);
#2352 = CARTESIAN_POINT('',(0.,2.273736754432E-13));
#2353 = DIRECTION('',(0.,1.));
#2354 = ( GEOMETRIC_REPRESENTATION_CONTEXT(2) 
PARAMETRIC_REPRESENTATION_CONTEXT() REPRESENTATION_CONTEXT('2D SPACE',''
  ) );
#2355 = PCURVE('',#2356,#2361);
#2356 = CYLINDRICAL_SURFACE('',#2357,54.);
#2357 = AXIS2_PLACEMENT_3D('',#2358,#2359,#2360);
#2358 = CARTESIAN_POINT('',(-1.9869E+03,375.,559.4));
#2359 = DIRECTION('',(-0.,1.,-0.));
#2360 = DIRECTION('',(1.,0.,0.));
#2361 = DEFINITIONAL_REPRESENTATION('',(#2362),#2366);
#2362 = LINE('',#2363,#2364);
#2363 = CARTESIAN_POINT('',(-0.,-30.));
#2364 = VECTOR('',#2365,1.);
#2365 = DIRECTION('',(-1.,0.));
#2366 = ( GEOMETRIC_REPRESENTATION_CONTEXT(2) 
PARAMETRIC_REPRESENTATION_CONTEXT() REPRESENTATION_CONTEXT('2D SPACE',''
  ) );
#2367 = ADVANCED_FACE('',(#2368,#2371),#2319,.F.);
#2368 = FACE_BOUND('',#2369,.F.);
#2369 = EDGE_LOOP('',(#2370));
#2370 = ORIENTED_EDGE('',*,*,#2304,.T.);
#2371 = FACE_BOUND('',#2372,.F.);
#2372 = EDGE_LOOP('',(#2373));
#2373 = ORIENTED_EDGE('',*,*,#2374,.F.);
#2374 = EDGE_CURVE('',#2375,#2375,#2377,.T.);
#2375 = VERTEX_POINT('',#2376);
#2376 = CARTESIAN_POINT('',(-1.9329E+03,405.,559.4));
#2377 = SURFACE_CURVE('',#2378,(#2383,#2390),.PCURVE_S1.);
#2378 = CIRCLE('',#2379,54.);
#2379 = AXIS2_PLACEMENT_3D('',#2380,#2381,#2382);
#2380 = CARTESIAN_POINT('',(-1.9869E+03,405.,559.4));
#2381 = DIRECTION('',(0.,-1.,0.));
#2382 = DIRECTION('',(1.,0.,0.));
#2383 = PCURVE('',#2319,#2384);
#2384 = DEFINITIONAL_REPRESENTATION('',(#2385),#2389);
#2385 = CIRCLE('',#2386,54.);
#2386 = AXIS2_PLACEMENT_2D('',#2387,#2388);
#2387 = CARTESIAN_POINT('',(0.,2.273736754432E-13));
#2388 = DIRECTION('',(0.,1.));
#2389 = ( GEOMETRIC_REPRESENTATION_CONTEXT(2) 
PARAMETRIC_REPRESENTATION_CONTEXT() REPRESENTATION_CONTEXT('2D SPACE',''
  ) );
#2390 = PCURVE('',#2391,#2396);
#2391 = CYLINDRICAL_SURFACE('',#2392,54.);
#2392 = AXIS2_PLACEMENT_3D('',#2393,#2394,#2395);
#2393 = CARTESIAN_POINT('',(-1.9869E+03,375.,559.4));
#2394 = DIRECTION('',(0.,-1.,0.));
#2395 = DIRECTION('',(1.,0.,0.));
#2396 = DEFINITIONAL_REPRESENTATION('',(#2397),#2401);
#2397 = LINE('',#2398,#2399);
#2398 = CARTESIAN_POINT('',(0.,-30.));
#2399 = VECTOR('',#2400,1.);
#2400 = DIRECTION('',(1.,0.));
#2401 = ( GEOMETRIC_REPRESENTATION_CONTEXT(2) 
PARAMETRIC_REPRESENTATION_CONTEXT() REPRESENTATION_CONTEXT('2D SPACE',''
  ) );
#2402 = ADVANCED_FACE('',(#2403),#2356,.F.);
#2403 = FACE_BOUND('',#2404,.T.);
#2404 = EDGE_LOOP('',(#2405,#2428,#2429,#2430));
#2405 = ORIENTED_EDGE('',*,*,#2406,.T.);
#2406 = EDGE_CURVE('',#2407,#2340,#2409,.T.);
#2407 = VERTEX_POINT('',#2408);
#2408 = CARTESIAN_POINT('',(-1.9329E+03,375.,559.4));
#2409 = SEAM_CURVE('',#2410,(#2414,#2421),.PCURVE_S1.);
#2410 = LINE('',#2411,#2412);
#2411 = CARTESIAN_POINT('',(-1.9329E+03,375.,559.4));
#2412 = VECTOR('',#2413,1.);
#2413 = DIRECTION('',(0.,-1.,0.));
#2414 = PCURVE('',#2356,#2415);
#2415 = DEFINITIONAL_REPRESENTATION('',(#2416),#2420);
#2416 = LINE('',#2417,#2418);
#2417 = CARTESIAN_POINT('',(-0.,0.));
#2418 = VECTOR('',#2419,1.);
#2419 = DIRECTION('',(-0.,-1.));
#2420 = ( GEOMETRIC_REPRESENTATION_CONTEXT(2) 
PARAMETRIC_REPRESENTATION_CONTEXT() REPRESENTATION_CONTEXT('2D SPACE',''
  ) );
#2421 = PCURVE('',#2356,#2422);
#2422 = DEFINITIONAL_REPRESENTATION('',(#2423),#2427);
#2423 = LINE('',#2424,#2425);
#2424 = CARTESIAN_POINT('',(-6.28318530718,0.));
#2425 = VECTOR('',#2426,1.);
#2426 = DIRECTION('',(-0.,-1.));
#2427 = ( GEOMETRIC_REPRESENTATION_CONTEXT(2) 
PARAMETRIC_REPRESENTATION_CONTEXT() REPRESENTATION_CONTEXT('2D SPACE',''
  ) );
#2428 = ORIENTED_EDGE('',*,*,#2339,.T.);
#2429 = ORIENTED_EDGE('',*,*,#2406,.F.);
#2430 = ORIENTED_EDGE('',*,*,#2431,.F.);
#2431 = EDGE_CURVE('',#2407,#2407,#2432,.T.);
#2432 = SURFACE_CURVE('',#2433,(#2438,#2445),.PCURVE_S1.);
#2433 = CIRCLE('',#2434,54.);
#2434 = AXIS2_PLACEMENT_3D('',#2435,#2436,#2437);
#2435 = CARTESIAN_POINT('',(-1.9869E+03,375.,559.4));
#2436 = DIRECTION('',(0.,-1.,0.));
#2437 = DIRECTION('',(1.,0.,0.));
#2438 = PCURVE('',#2356,#2439);
#2439 = DEFINITIONAL_REPRESENTATION('',(#2440),#2444);
#2440 = LINE('',#2441,#2442);
#2441 = CARTESIAN_POINT('',(-0.,0.));
#2442 = VECTOR('',#2443,1.);
#2443 = DIRECTION('',(-1.,0.));
#2444 = ( GEOMETRIC_REPRESENTATION_CONTEXT(2) 
PARAMETRIC_REPRESENTATION_CONTEXT() REPRESENTATION_CONTEXT('2D SPACE',''
  ) );
#2445 = PCURVE('',#2391,#2446);
#2446 = DEFINITIONAL_REPRESENTATION('',(#2447),#2451);
#2447 = LINE('',#2448,#2449);
#2448 = CARTESIAN_POINT('',(0.,0.));
#2449 = VECTOR('',#2450,1.);
#2450 = DIRECTION('',(1.,0.));
#2451 = ( GEOMETRIC_REPRESENTATION_CONTEXT(2) 
PARAMETRIC_REPRESENTATION_CONTEXT() REPRESENTATION_CONTEXT('2D SPACE',''
  ) );
#2452 = ADVANCED_FACE('',(#2453),#2391,.F.);
#2453 = FACE_BOUND('',#2454,.F.);
#2454 = EDGE_LOOP('',(#2455,#2476,#2477,#2478));
#2455 = ORIENTED_EDGE('',*,*,#2456,.T.);
#2456 = EDGE_CURVE('',#2407,#2375,#2457,.T.);
#2457 = SEAM_CURVE('',#2458,(#2462,#2469),.PCURVE_S1.);
#2458 = LINE('',#2459,#2460);
#2459 = CARTESIAN_POINT('',(-1.9329E+03,375.,559.4));
#2460 = VECTOR('',#2461,1.);
#2461 = DIRECTION('',(-0.,1.,-0.));
#2462 = PCURVE('',#2391,#2463);
#2463 = DEFINITIONAL_REPRESENTATION('',(#2464),#2468);
#2464 = LINE('',#2465,#2466);
#2465 = CARTESIAN_POINT('',(0.,0.));
#2466 = VECTOR('',#2467,1.);
#2467 = DIRECTION('',(0.,-1.));
#2468 = ( GEOMETRIC_REPRESENTATION_CONTEXT(2) 
PARAMETRIC_REPRESENTATION_CONTEXT() REPRESENTATION_CONTEXT('2D SPACE',''
  ) );
#2469 = PCURVE('',#2391,#2470);
#2470 = DEFINITIONAL_REPRESENTATION('',(#2471),#2475);
#2471 = LINE('',#2472,#2473);
#2472 = CARTESIAN_POINT('',(6.28318530718,0.));
#2473 = VECTOR('',#2474,1.);
#2474 = DIRECTION('',(0.,-1.));
#2475 = ( GEOMETRIC_REPRESENTATION_CONTEXT(2) 
PARAMETRIC_REPRESENTATION_CONTEXT() REPRESENTATION_CONTEXT('2D SPACE',''
  ) );
#2476 = ORIENTED_EDGE('',*,*,#2374,.T.);
#2477 = ORIENTED_EDGE('',*,*,#2456,.F.);
#2478 = ORIENTED_EDGE('',*,*,#2431,.F.);
#2479 = ( GEOMETRIC_REPRESENTATION_CONTEXT(3) 
GLOBAL_UNCERTAINTY_ASSIGNED_CONTEXT((#2483)) 
GLOBAL_UNIT_ASSIGNED_CONTEXT((#2480,#2481,#2482)) REPRESENTATION_CONTEXT
('Context #1','3D Context with UNIT and UNCERTAINTY') );
#2480 = ( LENGTH_UNIT() NAMED_UNIT(*) SI_UNIT(.MILLI.,.METRE.) );
#2481 = ( NAMED_UNIT(*) PLANE_ANGLE_UNIT() SI_UNIT($,.RADIAN.) );
#2482 = ( NAMED_UNIT(*) SI_UNIT($,.STERADIAN.) SOLID_ANGLE_UNIT() );
#2483 = UNCERTAINTY_MEASURE_WITH_UNIT(LENGTH_MEASURE(1.E-07),#2480,
  'distance_accuracy_value','confusion accuracy');
#2484 = CONTEXT_DEPENDENT_SHAPE_REPRESENTATION(#2485,#2487);
#2485 = ( REPRESENTATION_RELATIONSHIP('','',#2186,#10) 
REPRESENTATION_RELATIONSHIP_WITH_TRANSFORMATION(#2486) 
SHAPE_REPRESENTATION_RELATIONSHIP() );
#2486 = ITEM_DEFINED_TRANSFORMATION('','',#11,#39);
#2487 = PRODUCT_DEFINITION_SHAPE('Placement','Placement of an item',
  #2488);
#2488 = NEXT_ASSEMBLY_USAGE_OCCURRENCE('7','FRAME/clamp_aft_port','',#5,
  #2181,$);
#2489 = PRODUCT_RELATED_PRODUCT_CATEGORY('part',$,(#2183));
#2490 = SHAPE_DEFINITION_REPRESENTATION(#2491,#2497);
#2491 = PRODUCT_DEFINITION_SHAPE('','',#2492);
#2492 = PRODUCT_DEFINITION('design','',#2493,#2496);
#2493 = PRODUCT_DEFINITION_FORMATION('','',#2494);
#2494 = PRODUCT('FRAME/clamp_aft_stbd','FRAME/clamp_aft_stbd','',(#2495)
  );
#2495 = PRODUCT_CONTEXT('',#2,'mechanical');
#2496 = PRODUCT_DEFINITION_CONTEXT('part definition',#2,'design');
#2497 = ADVANCED_BREP_SHAPE_REPRESENTATION('',(#11,#2498),#2790);
#2498 = MANIFOLD_SOLID_BREP('',#2499);
#2499 = CLOSED_SHELL('',(#2500,#2588,#2643,#2678,#2713,#2763));
#2500 = ADVANCED_FACE('',(#2501),#2515,.T.);
#2501 = FACE_BOUND('',#2502,.F.);
#2502 = EDGE_LOOP('',(#2503,#2533,#2560,#2561));
#2503 = ORIENTED_EDGE('',*,*,#2504,.T.);
#2504 = EDGE_CURVE('',#2505,#2507,#2509,.T.);
#2505 = VERTEX_POINT('',#2506);
#2506 = CARTESIAN_POINT('',(-1.9249E+03,-375.,559.4));
#2507 = VERTEX_POINT('',#2508);
#2508 = CARTESIAN_POINT('',(-1.9249E+03,-405.,559.4));
#2509 = SEAM_CURVE('',#2510,(#2514,#2526),.PCURVE_S1.);
#2510 = LINE('',#2511,#2512);
#2511 = CARTESIAN_POINT('',(-1.9249E+03,-375.,559.4));
#2512 = VECTOR('',#2513,1.);
#2513 = DIRECTION('',(0.,-1.,0.));
#2514 = PCURVE('',#2515,#2520);
#2515 = CYLINDRICAL_SURFACE('',#2516,62.);
#2516 = AXIS2_PLACEMENT_3D('',#2517,#2518,#2519);
#2517 = CARTESIAN_POINT('',(-1.9869E+03,-375.,559.4));
#2518 = DIRECTION('',(-0.,1.,-0.));
#2519 = DIRECTION('',(1.,0.,0.));
#2520 = DEFINITIONAL_REPRESENTATION('',(#2521),#2525);
#2521 = LINE('',#2522,#2523);
#2522 = CARTESIAN_POINT('',(-0.,0.));
#2523 = VECTOR('',#2524,1.);
#2524 = DIRECTION('',(-0.,-1.));
#2525 = ( GEOMETRIC_REPRESENTATION_CONTEXT(2) 
PARAMETRIC_REPRESENTATION_CONTEXT() REPRESENTATION_CONTEXT('2D SPACE',''
  ) );
#2526 = PCURVE('',#2515,#2527);
#2527 = DEFINITIONAL_REPRESENTATION('',(#2528),#2532);
#2528 = LINE('',#2529,#2530);
#2529 = CARTESIAN_POINT('',(-6.28318530718,0.));
#2530 = VECTOR('',#2531,1.);
#2531 = DIRECTION('',(-0.,-1.));
#2532 = ( GEOMETRIC_REPRESENTATION_CONTEXT(2) 
PARAMETRIC_REPRESENTATION_CONTEXT() REPRESENTATION_CONTEXT('2D SPACE',''
  ) );
#2533 = ORIENTED_EDGE('',*,*,#2534,.T.);
#2534 = EDGE_CURVE('',#2507,#2507,#2535,.T.);
#2535 = SURFACE_CURVE('',#2536,(#2541,#2548),.PCURVE_S1.);
#2536 = CIRCLE('',#2537,62.);
#2537 = AXIS2_PLACEMENT_3D('',#2538,#2539,#2540);
#2538 = CARTESIAN_POINT('',(-1.9869E+03,-405.,559.4));
#2539 = DIRECTION('',(0.,-1.,0.));
#2540 = DIRECTION('',(1.,0.,0.));
#2541 = PCURVE('',#2515,#2542);
#2542 = DEFINITIONAL_REPRESENTATION('',(#2543),#2547);
#2543 = LINE('',#2544,#2545);
#2544 = CARTESIAN_POINT('',(-0.,-30.));
#2545 = VECTOR('',#2546,1.);
#2546 = DIRECTION('',(-1.,0.));
#2547 = ( GEOMETRIC_REPRESENTATION_CONTEXT(2) 
PARAMETRIC_REPRESENTATION_CONTEXT() REPRESENTATION_CONTEXT('2D SPACE',''
  ) );
#2548 = PCURVE('',#2549,#2554);
#2549 = PLANE('',#2550);
#2550 = AXIS2_PLACEMENT_3D('',#2551,#2552,#2553);
#2551 = CARTESIAN_POINT('',(-1.9869E+03,-405.,559.4));
#2552 = DIRECTION('',(-0.,-1.,-0.));
#2553 = DIRECTION('',(0.,0.,-1.));
#2554 = DEFINITIONAL_REPRESENTATION('',(#2555),#2559);
#2555 = CIRCLE('',#2556,62.);
#2556 = AXIS2_PLACEMENT_2D('',#2557,#2558);
#2557 = CARTESIAN_POINT('',(0.,0.));
#2558 = DIRECTION('',(0.,1.));
#2559 = ( GEOMETRIC_REPRESENTATION_CONTEXT(2) 
PARAMETRIC_REPRESENTATION_CONTEXT() REPRESENTATION_CONTEXT('2D SPACE',''
  ) );
#2560 = ORIENTED_EDGE('',*,*,#2504,.F.);
#2561 = ORIENTED_EDGE('',*,*,#2562,.F.);
#2562 = EDGE_CURVE('',#2505,#2505,#2563,.T.);
#2563 = SURFACE_CURVE('',#2564,(#2569,#2576),.PCURVE_S1.);
#2564 = CIRCLE('',#2565,62.);
#2565 = AXIS2_PLACEMENT_3D('',#2566,#2567,#2568);
#2566 = CARTESIAN_POINT('',(-1.9869E+03,-375.,559.4));
#2567 = DIRECTION('',(0.,-1.,0.));
#2568 = DIRECTION('',(1.,0.,0.));
#2569 = PCURVE('',#2515,#2570);
#2570 = DEFINITIONAL_REPRESENTATION('',(#2571),#2575);
#2571 = LINE('',#2572,#2573);
#2572 = CARTESIAN_POINT('',(-0.,0.));
#2573 = VECTOR('',#2574,1.);
#2574 = DIRECTION('',(-1.,0.));
#2575 = ( GEOMETRIC_REPRESENTATION_CONTEXT(2) 
PARAMETRIC_REPRESENTATION_CONTEXT() REPRESENTATION_CONTEXT('2D SPACE',''
  ) );
#2576 = PCURVE('',#2577,#2582);
#2577 = CYLINDRICAL_SURFACE('',#2578,62.);
#2578 = AXIS2_PLACEMENT_3D('',#2579,#2580,#2581);
#2579 = CARTESIAN_POINT('',(-1.9869E+03,-375.,559.4));
#2580 = DIRECTION('',(0.,-1.,0.));
#2581 = DIRECTION('',(1.,0.,0.));
#2582 = DEFINITIONAL_REPRESENTATION('',(#2583),#2587);
#2583 = LINE('',#2584,#2585);
#2584 = CARTESIAN_POINT('',(0.,0.));
#2585 = VECTOR('',#2586,1.);
#2586 = DIRECTION('',(1.,0.));
#2587 = ( GEOMETRIC_REPRESENTATION_CONTEXT(2) 
PARAMETRIC_REPRESENTATION_CONTEXT() REPRESENTATION_CONTEXT('2D SPACE',''
  ) );
#2588 = ADVANCED_FACE('',(#2589),#2577,.T.);
#2589 = FACE_BOUND('',#2590,.T.);
#2590 = EDGE_LOOP('',(#2591,#2614,#2641,#2642));
#2591 = ORIENTED_EDGE('',*,*,#2592,.T.);
#2592 = EDGE_CURVE('',#2505,#2593,#2595,.T.);
#2593 = VERTEX_POINT('',#2594);
#2594 = CARTESIAN_POINT('',(-1.9249E+03,-345.,559.4));
#2595 = SEAM_CURVE('',#2596,(#2600,#2607),.PCURVE_S1.);
#2596 = LINE('',#2597,#2598);
#2597 = CARTESIAN_POINT('',(-1.9249E+03,-375.,559.4));
#2598 = VECTOR('',#2599,1.);
#2599 = DIRECTION('',(-0.,1.,-0.));
#2600 = PCURVE('',#2577,#2601);
#2601 = DEFINITIONAL_REPRESENTATION('',(#2602),#2606);
#2602 = LINE('',#2603,#2604);
#2603 = CARTESIAN_POINT('',(0.,0.));
#2604 = VECTOR('',#2605,1.);
#2605 = DIRECTION('',(0.,-1.));
#2606 = ( GEOMETRIC_REPRESENTATION_CONTEXT(2) 
PARAMETRIC_REPRESENTATION_CONTEXT() REPRESENTATION_CONTEXT('2D SPACE',''
  ) );
#2607 = PCURVE('',#2577,#2608);
#2608 = DEFINITIONAL_REPRESENTATION('',(#2609),#2613);
#2609 = LINE('',#2610,#2611);
#2610 = CARTESIAN_POINT('',(6.28318530718,0.));
#2611 = VECTOR('',#2612,1.);
#2612 = DIRECTION('',(0.,-1.));
#2613 = ( GEOMETRIC_REPRESENTATION_CONTEXT(2) 
PARAMETRIC_REPRESENTATION_CONTEXT() REPRESENTATION_CONTEXT('2D SPACE',''
  ) );
#2614 = ORIENTED_EDGE('',*,*,#2615,.T.);
#2615 = EDGE_CURVE('',#2593,#2593,#2616,.T.);
#2616 = SURFACE_CURVE('',#2617,(#2622,#2629),.PCURVE_S1.);
#2617 = CIRCLE('',#2618,62.);
#2618 = AXIS2_PLACEMENT_3D('',#2619,#2620,#2621);
#2619 = CARTESIAN_POINT('',(-1.9869E+03,-345.,559.4));
#2620 = DIRECTION('',(0.,-1.,0.));
#2621 = DIRECTION('',(1.,0.,0.));
#2622 = PCURVE('',#2577,#2623);
#2623 = DEFINITIONAL_REPRESENTATION('',(#2624),#2628);
#2624 = LINE('',#2625,#2626);
#2625 = CARTESIAN_POINT('',(0.,-30.));
#2626 = VECTOR('',#2627,1.);
#2627 = DIRECTION('',(1.,0.));
#2628 = ( GEOMETRIC_REPRESENTATION_CONTEXT(2) 
PARAMETRIC_REPRESENTATION_CONTEXT() REPRESENTATION_CONTEXT('2D SPACE',''
  ) );
#2629 = PCURVE('',#2630,#2635);
#2630 = PLANE('',#2631);
#2631 = AXIS2_PLACEMENT_3D('',#2632,#2633,#2634);
#2632 = CARTESIAN_POINT('',(-1.9869E+03,-345.,559.4));
#2633 = DIRECTION('',(-0.,-1.,-0.));
#2634 = DIRECTION('',(0.,0.,-1.));
#2635 = DEFINITIONAL_REPRESENTATION('',(#2636),#2640);
#2636 = CIRCLE('',#2637,62.);
#2637 = AXIS2_PLACEMENT_2D('',#2638,#2639);
#2638 = CARTESIAN_POINT('',(0.,0.));
#2639 = DIRECTION('',(0.,1.));
#2640 = ( GEOMETRIC_REPRESENTATION_CONTEXT(2) 
PARAMETRIC_REPRESENTATION_CONTEXT() REPRESENTATION_CONTEXT('2D SPACE',''
  ) );
#2641 = ORIENTED_EDGE('',*,*,#2592,.F.);
#2642 = ORIENTED_EDGE('',*,*,#2562,.F.);
#2643 = ADVANCED_FACE('',(#2644,#2647),#2549,.T.);
#2644 = FACE_BOUND('',#2645,.T.);
#2645 = EDGE_LOOP('',(#2646));
#2646 = ORIENTED_EDGE('',*,*,#2534,.T.);
#2647 = FACE_BOUND('',#2648,.T.);
#2648 = EDGE_LOOP('',(#2649));
#2649 = ORIENTED_EDGE('',*,*,#2650,.F.);
#2650 = EDGE_CURVE('',#2651,#2651,#2653,.T.);
#2651 = VERTEX_POINT('',#2652);
#2652 = CARTESIAN_POINT('',(-1.9329E+03,-405.,559.4));
#2653 = SURFACE_CURVE('',#2654,(#2659,#2666),.PCURVE_S1.);
#2654 = CIRCLE('',#2655,54.);
#2655 = AXIS2_PLACEMENT_3D('',#2656,#2657,#2658);
#2656 = CARTESIAN_POINT('',(-1.9869E+03,-405.,559.4));
#2657 = DIRECTION('',(0.,-1.,0.));
#2658 = DIRECTION('',(1.,0.,0.));
#2659 = PCURVE('',#2549,#2660);
#2660 = DEFINITIONAL_REPRESENTATION('',(#2661),#2665);
#2661 = CIRCLE('',#2662,54.);
#2662 = AXIS2_PLACEMENT_2D('',#2663,#2664);
#2663 = CARTESIAN_POINT('',(0.,2.273736754432E-13));
#2664 = DIRECTION('',(0.,1.));
#2665 = ( GEOMETRIC_REPRESENTATION_CONTEXT(2) 
PARAMETRIC_REPRESENTATION_CONTEXT() REPRESENTATION_CONTEXT('2D SPACE',''
  ) );
#2666 = PCURVE('',#2667,#2672);
#2667 = CYLINDRICAL_SURFACE('',#2668,54.);
#2668 = AXIS2_PLACEMENT_3D('',#2669,#2670,#2671);
#2669 = CARTESIAN_POINT('',(-1.9869E+03,-375.,559.4));
#2670 = DIRECTION('',(-0.,1.,-0.));
#2671 = DIRECTION('',(1.,0.,0.));
#2672 = DEFINITIONAL_REPRESENTATION('',(#2673),#2677);
#2673 = LINE('',#2674,#2675);
#2674 = CARTESIAN_POINT('',(-0.,-30.));
#2675 = VECTOR('',#2676,1.);
#2676 = DIRECTION('',(-1.,0.));
#2677 = ( GEOMETRIC_REPRESENTATION_CONTEXT(2) 
PARAMETRIC_REPRESENTATION_CONTEXT() REPRESENTATION_CONTEXT('2D SPACE',''
  ) );
#2678 = ADVANCED_FACE('',(#2679,#2682),#2630,.F.);
#2679 = FACE_BOUND('',#2680,.F.);
#2680 = EDGE_LOOP('',(#2681));
#2681 = ORIENTED_EDGE('',*,*,#2615,.T.);
#2682 = FACE_BOUND('',#2683,.F.);
#2683 = EDGE_LOOP('',(#2684));
#2684 = ORIENTED_EDGE('',*,*,#2685,.F.);
#2685 = EDGE_CURVE('',#2686,#2686,#2688,.T.);
#2686 = VERTEX_POINT('',#2687);
#2687 = CARTESIAN_POINT('',(-1.9329E+03,-345.,559.4));
#2688 = SURFACE_CURVE('',#2689,(#2694,#2701),.PCURVE_S1.);
#2689 = CIRCLE('',#2690,54.);
#2690 = AXIS2_PLACEMENT_3D('',#2691,#2692,#2693);
#2691 = CARTESIAN_POINT('',(-1.9869E+03,-345.,559.4));
#2692 = DIRECTION('',(0.,-1.,0.));
#2693 = DIRECTION('',(1.,0.,0.));
#2694 = PCURVE('',#2630,#2695);
#2695 = DEFINITIONAL_REPRESENTATION('',(#2696),#2700);
#2696 = CIRCLE('',#2697,54.);
#2697 = AXIS2_PLACEMENT_2D('',#2698,#2699);
#2698 = CARTESIAN_POINT('',(0.,2.273736754432E-13));
#2699 = DIRECTION('',(0.,1.));
#2700 = ( GEOMETRIC_REPRESENTATION_CONTEXT(2) 
PARAMETRIC_REPRESENTATION_CONTEXT() REPRESENTATION_CONTEXT('2D SPACE',''
  ) );
#2701 = PCURVE('',#2702,#2707);
#2702 = CYLINDRICAL_SURFACE('',#2703,54.);
#2703 = AXIS2_PLACEMENT_3D('',#2704,#2705,#2706);
#2704 = CARTESIAN_POINT('',(-1.9869E+03,-375.,559.4));
#2705 = DIRECTION('',(0.,-1.,0.));
#2706 = DIRECTION('',(1.,0.,0.));
#2707 = DEFINITIONAL_REPRESENTATION('',(#2708),#2712);
#2708 = LINE('',#2709,#2710);
#2709 = CARTESIAN_POINT('',(0.,-30.));
#2710 = VECTOR('',#2711,1.);
#2711 = DIRECTION('',(1.,0.));
#2712 = ( GEOMETRIC_REPRESENTATION_CONTEXT(2) 
PARAMETRIC_REPRESENTATION_CONTEXT() REPRESENTATION_CONTEXT('2D SPACE',''
  ) );
#2713 = ADVANCED_FACE('',(#2714),#2667,.F.);
#2714 = FACE_BOUND('',#2715,.T.);
#2715 = EDGE_LOOP('',(#2716,#2739,#2740,#2741));
#2716 = ORIENTED_EDGE('',*,*,#2717,.T.);
#2717 = EDGE_CURVE('',#2718,#2651,#2720,.T.);
#2718 = VERTEX_POINT('',#2719);
#2719 = CARTESIAN_POINT('',(-1.9329E+03,-375.,559.4));
#2720 = SEAM_CURVE('',#2721,(#2725,#2732),.PCURVE_S1.);
#2721 = LINE('',#2722,#2723);
#2722 = CARTESIAN_POINT('',(-1.9329E+03,-375.,559.4));
#2723 = VECTOR('',#2724,1.);
#2724 = DIRECTION('',(0.,-1.,0.));
#2725 = PCURVE('',#2667,#2726);
#2726 = DEFINITIONAL_REPRESENTATION('',(#2727),#2731);
#2727 = LINE('',#2728,#2729);
#2728 = CARTESIAN_POINT('',(-0.,0.));
#2729 = VECTOR('',#2730,1.);
#2730 = DIRECTION('',(-0.,-1.));
#2731 = ( GEOMETRIC_REPRESENTATION_CONTEXT(2) 
PARAMETRIC_REPRESENTATION_CONTEXT() REPRESENTATION_CONTEXT('2D SPACE',''
  ) );
#2732 = PCURVE('',#2667,#2733);
#2733 = DEFINITIONAL_REPRESENTATION('',(#2734),#2738);
#2734 = LINE('',#2735,#2736);
#2735 = CARTESIAN_POINT('',(-6.28318530718,0.));
#2736 = VECTOR('',#2737,1.);
#2737 = DIRECTION('',(-0.,-1.));
#2738 = ( GEOMETRIC_REPRESENTATION_CONTEXT(2) 
PARAMETRIC_REPRESENTATION_CONTEXT() REPRESENTATION_CONTEXT('2D SPACE',''
  ) );
#2739 = ORIENTED_EDGE('',*,*,#2650,.T.);
#2740 = ORIENTED_EDGE('',*,*,#2717,.F.);
#2741 = ORIENTED_EDGE('',*,*,#2742,.F.);
#2742 = EDGE_CURVE('',#2718,#2718,#2743,.T.);
#2743 = SURFACE_CURVE('',#2744,(#2749,#2756),.PCURVE_S1.);
#2744 = CIRCLE('',#2745,54.);
#2745 = AXIS2_PLACEMENT_3D('',#2746,#2747,#2748);
#2746 = CARTESIAN_POINT('',(-1.9869E+03,-375.,559.4));
#2747 = DIRECTION('',(0.,-1.,0.));
#2748 = DIRECTION('',(1.,0.,0.));
#2749 = PCURVE('',#2667,#2750);
#2750 = DEFINITIONAL_REPRESENTATION('',(#2751),#2755);
#2751 = LINE('',#2752,#2753);
#2752 = CARTESIAN_POINT('',(-0.,0.));
#2753 = VECTOR('',#2754,1.);
#2754 = DIRECTION('',(-1.,0.));
#2755 = ( GEOMETRIC_REPRESENTATION_CONTEXT(2) 
PARAMETRIC_REPRESENTATION_CONTEXT() REPRESENTATION_CONTEXT('2D SPACE',''
  ) );
#2756 = PCURVE('',#2702,#2757);
#2757 = DEFINITIONAL_REPRESENTATION('',(#2758),#2762);
#2758 = LINE('',#2759,#2760);
#2759 = CARTESIAN_POINT('',(0.,0.));
#2760 = VECTOR('',#2761,1.);
#2761 = DIRECTION('',(1.,0.));
#2762 = ( GEOMETRIC_REPRESENTATION_CONTEXT(2) 
PARAMETRIC_REPRESENTATION_CONTEXT() REPRESENTATION_CONTEXT('2D SPACE',''
  ) );
#2763 = ADVANCED_FACE('',(#2764),#2702,.F.);
#2764 = FACE_BOUND('',#2765,.F.);
#2765 = EDGE_LOOP('',(#2766,#2787,#2788,#2789));
#2766 = ORIENTED_EDGE('',*,*,#2767,.T.);
#2767 = EDGE_CURVE('',#2718,#2686,#2768,.T.);
#2768 = SEAM_CURVE('',#2769,(#2773,#2780),.PCURVE_S1.);
#2769 = LINE('',#2770,#2771);
#2770 = CARTESIAN_POINT('',(-1.9329E+03,-375.,559.4));
#2771 = VECTOR('',#2772,1.);
#2772 = DIRECTION('',(-0.,1.,-0.));
#2773 = PCURVE('',#2702,#2774);
#2774 = DEFINITIONAL_REPRESENTATION('',(#2775),#2779);
#2775 = LINE('',#2776,#2777);
#2776 = CARTESIAN_POINT('',(0.,0.));
#2777 = VECTOR('',#2778,1.);
#2778 = DIRECTION('',(0.,-1.));
#2779 = ( GEOMETRIC_REPRESENTATION_CONTEXT(2) 
PARAMETRIC_REPRESENTATION_CONTEXT() REPRESENTATION_CONTEXT('2D SPACE',''
  ) );
#2780 = PCURVE('',#2702,#2781);
#2781 = DEFINITIONAL_REPRESENTATION('',(#2782),#2786);
#2782 = LINE('',#2783,#2784);
#2783 = CARTESIAN_POINT('',(6.28318530718,0.));
#2784 = VECTOR('',#2785,1.);
#2785 = DIRECTION('',(0.,-1.));
#2786 = ( GEOMETRIC_REPRESENTATION_CONTEXT(2) 
PARAMETRIC_REPRESENTATION_CONTEXT() REPRESENTATION_CONTEXT('2D SPACE',''
  ) );
#2787 = ORIENTED_EDGE('',*,*,#2685,.T.);
#2788 = ORIENTED_EDGE('',*,*,#2767,.F.);
#2789 = ORIENTED_EDGE('',*,*,#2742,.F.);
#2790 = ( GEOMETRIC_REPRESENTATION_CONTEXT(3) 
GLOBAL_UNCERTAINTY_ASSIGNED_CONTEXT((#2794)) 
GLOBAL_UNIT_ASSIGNED_CONTEXT((#2791,#2792,#2793)) REPRESENTATION_CONTEXT
('Context #1','3D Context with UNIT and UNCERTAINTY') );
#2791 = ( LENGTH_UNIT() NAMED_UNIT(*) SI_UNIT(.MILLI.,.METRE.) );
#2792 = ( NAMED_UNIT(*) PLANE_ANGLE_UNIT() SI_UNIT($,.RADIAN.) );
#2793 = ( NAMED_UNIT(*) SI_UNIT($,.STERADIAN.) SOLID_ANGLE_UNIT() );
#2794 = UNCERTAINTY_MEASURE_WITH_UNIT(LENGTH_MEASURE(1.E-07),#2791,
  'distance_accuracy_value','confusion accuracy');
#2795 = CONTEXT_DEPENDENT_SHAPE_REPRESENTATION(#2796,#2798);
#2796 = ( REPRESENTATION_RELATIONSHIP('','',#2497,#10) 
REPRESENTATION_RELATIONSHIP_WITH_TRANSFORMATION(#2797) 
SHAPE_REPRESENTATION_RELATIONSHIP() );
#2797 = ITEM_DEFINED_TRANSFORMATION('','',#11,#43);
#2798 = PRODUCT_DEFINITION_SHAPE('Placement','Placement of an item',
  #2799);
#2799 = NEXT_ASSEMBLY_USAGE_OCCURRENCE('8','FRAME/clamp_aft_stbd','',#5,
  #2492,$);
#2800 = PRODUCT_RELATED_PRODUCT_CATEGORY('part',$,(#2494));
#2801 = SHAPE_DEFINITION_REPRESENTATION(#2802,#2808);
#2802 = PRODUCT_DEFINITION_SHAPE('','',#2803);
#2803 = PRODUCT_DEFINITION('design','',#2804,#2807);
#2804 = PRODUCT_DEFINITION_FORMATION('','',#2805);
#2805 = PRODUCT('FRAME/keel_beam','FRAME/keel_beam','',(#2806));
#2806 = PRODUCT_CONTEXT('',#2,'mechanical');
#2807 = PRODUCT_DEFINITION_CONTEXT('part definition',#2,'design');
#2808 = ADVANCED_BREP_SHAPE_REPRESENTATION('',(#11,#2809),#3139);
#2809 = MANIFOLD_SOLID_BREP('',#2810);
#2810 = CLOSED_SHELL('',(#2811,#2931,#3031,#3078,#3125,#3132));
#2811 = ADVANCED_FACE('',(#2812),#2826,.F.);
#2812 = FACE_BOUND('',#2813,.F.);
#2813 = EDGE_LOOP('',(#2814,#2849,#2877,#2905));
#2814 = ORIENTED_EDGE('',*,*,#2815,.F.);
#2815 = EDGE_CURVE('',#2816,#2818,#2820,.T.);
#2816 = VERTEX_POINT('',#2817);
#2817 = CARTESIAN_POINT('',(-198.7,-30.,681.4));
#2818 = VERTEX_POINT('',#2819);
#2819 = CARTESIAN_POINT('',(-198.7,-30.,721.4));
#2820 = SURFACE_CURVE('',#2821,(#2825,#2837),.PCURVE_S1.);
#2821 = LINE('',#2822,#2823);
#2822 = CARTESIAN_POINT('',(-198.7,-30.,681.4));
#2823 = VECTOR('',#2824,1.);
#2824 = DIRECTION('',(0.,0.,1.));
#2825 = PCURVE('',#2826,#2831);
#2826 = PLANE('',#2827);
#2827 = AXIS2_PLACEMENT_3D('',#2828,#2829,#2830);
#2828 = CARTESIAN_POINT('',(-198.7,-30.,681.4));
#2829 = DIRECTION('',(1.,0.,0.));
#2830 = DIRECTION('',(0.,0.,1.));
#2831 = DEFINITIONAL_REPRESENTATION('',(#2832),#2836);
#2832 = LINE('',#2833,#2834);
#2833 = CARTESIAN_POINT('',(0.,0.));
#2834 = VECTOR('',#2835,1.);
#2835 = DIRECTION('',(1.,0.));
#2836 = ( GEOMETRIC_REPRESENTATION_CONTEXT(2) 
PARAMETRIC_REPRESENTATION_CONTEXT() REPRESENTATION_CONTEXT('2D SPACE',''
  ) );
#2837 = PCURVE('',#2838,#2843);
#2838 = PLANE('',#2839);
#2839 = AXIS2_PLACEMENT_3D('',#2840,#2841,#2842);
#2840 = CARTESIAN_POINT('',(-198.7,-30.,681.4));
#2841 = DIRECTION('',(0.,1.,0.));
#2842 = DIRECTION('',(0.,0.,1.));
#2843 = DEFINITIONAL_REPRESENTATION('',(#2844),#2848);
#2844 = LINE('',#2845,#2846);
#2845 = CARTESIAN_POINT('',(0.,0.));
#2846 = VECTOR('',#2847,1.);
#2847 = DIRECTION('',(1.,0.));
#2848 = ( GEOMETRIC_REPRESENTATION_CONTEXT(2) 
PARAMETRIC_REPRESENTATION_CONTEXT() REPRESENTATION_CONTEXT('2D SPACE',''
  ) );
#2849 = ORIENTED_EDGE('',*,*,#2850,.T.);
#2850 = EDGE_CURVE('',#2816,#2851,#2853,.T.);
#2851 = VERTEX_POINT('',#2852);
#2852 = CARTESIAN_POINT('',(-198.7,30.,681.4));
#2853 = SURFACE_CURVE('',#2854,(#2858,#2865),.PCURVE_S1.);
#2854 = LINE('',#2855,#2856);
#2855 = CARTESIAN_POINT('',(-198.7,-30.,681.4));
#2856 = VECTOR('',#2857,1.);
#2857 = DIRECTION('',(0.,1.,0.));
#2858 = PCURVE('',#2826,#2859);
#2859 = DEFINITIONAL_REPRESENTATION('',(#2860),#2864);
#2860 = LINE('',#2861,#2862);
#2861 = CARTESIAN_POINT('',(0.,0.));
#2862 = VECTOR('',#2863,1.);
#2863 = DIRECTION('',(0.,-1.));
#2864 = ( GEOMETRIC_REPRESENTATION_CONTEXT(2) 
PARAMETRIC_REPRESENTATION_CONTEXT() REPRESENTATION_CONTEXT('2D SPACE',''
  ) );
#2865 = PCURVE('',#2866,#2871);
#2866 = PLANE('',#2867);
#2867 = AXIS2_PLACEMENT_3D('',#2868,#2869,#2870);
#2868 = CARTESIAN_POINT('',(-198.7,-30.,681.4));
#2869 = DIRECTION('',(0.,0.,1.));
#2870 = DIRECTION('',(1.,0.,0.));
#2871 = DEFINITIONAL_REPRESENTATION('',(#2872),#2876);
#2872 = LINE('',#2873,#2874);
#2873 = CARTESIAN_POINT('',(0.,0.));
#2874 = VECTOR('',#2875,1.);
#2875 = DIRECTION('',(0.,1.));
#2876 = ( GEOMETRIC_REPRESENTATION_CONTEXT(2) 
PARAMETRIC_REPRESENTATION_CONTEXT() REPRESENTATION_CONTEXT('2D SPACE',''
  ) );
#2877 = ORIENTED_EDGE('',*,*,#2878,.T.);
#2878 = EDGE_CURVE('',#2851,#2879,#2881,.T.);
#2879 = VERTEX_POINT('',#2880);
#2880 = CARTESIAN_POINT('',(-198.7,30.,721.4));
#2881 = SURFACE_CURVE('',#2882,(#2886,#2893),.PCURVE_S1.);
#2882 = LINE('',#2883,#2884);
#2883 = CARTESIAN_POINT('',(-198.7,30.,681.4));
#2884 = VECTOR('',#2885,1.);
#2885 = DIRECTION('',(0.,0.,1.));
#2886 = PCURVE('',#2826,#2887);
#2887 = DEFINITIONAL_REPRESENTATION('',(#2888),#2892);
#2888 = LINE('',#2889,#2890);
#2889 = CARTESIAN_POINT('',(0.,-60.));
#2890 = VECTOR('',#2891,1.);
#2891 = DIRECTION('',(1.,0.));
#2892 = ( GEOMETRIC_REPRESENTATION_CONTEXT(2) 
PARAMETRIC_REPRESENTATION_CONTEXT() REPRESENTATION_CONTEXT('2D SPACE',''
  ) );
#2893 = PCURVE('',#2894,#2899);
#2894 = PLANE('',#2895);
#2895 = AXIS2_PLACEMENT_3D('',#2896,#2897,#2898);
#2896 = CARTESIAN_POINT('',(-198.7,30.,681.4));
#2897 = DIRECTION('',(0.,1.,0.));
#2898 = DIRECTION('',(0.,0.,1.));
#2899 = DEFINITIONAL_REPRESENTATION('',(#2900),#2904);
#2900 = LINE('',#2901,#2902);
#2901 = CARTESIAN_POINT('',(0.,0.));
#2902 = VECTOR('',#2903,1.);
#2903 = DIRECTION('',(1.,0.));
#2904 = ( GEOMETRIC_REPRESENTATION_CONTEXT(2) 
PARAMETRIC_REPRESENTATION_CONTEXT() REPRESENTATION_CONTEXT('2D SPACE',''
  ) );
#2905 = ORIENTED_EDGE('',*,*,#2906,.F.);
#2906 = EDGE_CURVE('',#2818,#2879,#2907,.T.);
#2907 = SURFACE_CURVE('',#2908,(#2912,#2919),.PCURVE_S1.);
#2908 = LINE('',#2909,#2910);
#2909 = CARTESIAN_POINT('',(-198.7,-30.,721.4));
#2910 = VECTOR('',#2911,1.);
#2911 = DIRECTION('',(0.,1.,0.));
#2912 = PCURVE('',#2826,#2913);
#2913 = DEFINITIONAL_REPRESENTATION('',(#2914),#2918);
#2914 = LINE('',#2915,#2916);
#2915 = CARTESIAN_POINT('',(40.,0.));
#2916 = VECTOR('',#2917,1.);
#2917 = DIRECTION('',(0.,-1.));
#2918 = ( GEOMETRIC_REPRESENTATION_CONTEXT(2) 
PARAMETRIC_REPRESENTATION_CONTEXT() REPRESENTATION_CONTEXT('2D SPACE',''
  ) );
#2919 = PCURVE('',#2920,#2925);
#2920 = PLANE('',#2921);
#2921 = AXIS2_PLACEMENT_3D('',#2922,#2923,#2924);
#2922 = CARTESIAN_POINT('',(-198.7,-30.,721.4));
#2923 = DIRECTION('',(0.,0.,1.));
#2924 = DIRECTION('',(1.,0.,0.));
#2925 = DEFINITIONAL_REPRESENTATION('',(#2926),#2930);
#2926 = LINE('',#2927,#2928);
#2927 = CARTESIAN_POINT('',(0.,0.));
#2928 = VECTOR('',#2929,1.);
#2929 = DIRECTION('',(0.,1.));
#2930 = ( GEOMETRIC_REPRESENTATION_CONTEXT(2) 
PARAMETRIC_REPRESENTATION_CONTEXT() REPRESENTATION_CONTEXT('2D SPACE',''
  ) );
#2931 = ADVANCED_FACE('',(#2932),#2946,.T.);
#2932 = FACE_BOUND('',#2933,.T.);
#2933 = EDGE_LOOP('',(#2934,#2964,#2987,#3010));
#2934 = ORIENTED_EDGE('',*,*,#2935,.F.);
#2935 = EDGE_CURVE('',#2936,#2938,#2940,.T.);
#2936 = VERTEX_POINT('',#2937);
#2937 = CARTESIAN_POINT('',(1.0013E+03,-30.,681.4));
#2938 = VERTEX_POINT('',#2939);
#2939 = CARTESIAN_POINT('',(1.0013E+03,-30.,721.4));
#2940 = SURFACE_CURVE('',#2941,(#2945,#2957),.PCURVE_S1.);
#2941 = LINE('',#2942,#2943);
#2942 = CARTESIAN_POINT('',(1.0013E+03,-30.,681.4));
#2943 = VECTOR('',#2944,1.);
#2944 = DIRECTION('',(0.,0.,1.));
#2945 = PCURVE('',#2946,#2951);
#2946 = PLANE('',#2947);
#2947 = AXIS2_PLACEMENT_3D('',#2948,#2949,#2950);
#2948 = CARTESIAN_POINT('',(1.0013E+03,-30.,681.4));
#2949 = DIRECTION('',(1.,0.,0.));
#2950 = DIRECTION('',(0.,0.,1.));
#2951 = DEFINITIONAL_REPRESENTATION('',(#2952),#2956);
#2952 = LINE('',#2953,#2954);
#2953 = CARTESIAN_POINT('',(0.,0.));
#2954 = VECTOR('',#2955,1.);
#2955 = DIRECTION('',(1.,0.));
#2956 = ( GEOMETRIC_REPRESENTATION_CONTEXT(2) 
PARAMETRIC_REPRESENTATION_CONTEXT() REPRESENTATION_CONTEXT('2D SPACE',''
  ) );
#2957 = PCURVE('',#2838,#2958);
#2958 = DEFINITIONAL_REPRESENTATION('',(#2959),#2963);
#2959 = LINE('',#2960,#2961);
#2960 = CARTESIAN_POINT('',(0.,1.2E+03));
#2961 = VECTOR('',#2962,1.);
#2962 = DIRECTION('',(1.,0.));
#2963 = ( GEOMETRIC_REPRESENTATION_CONTEXT(2) 
PARAMETRIC_REPRESENTATION_CONTEXT() REPRESENTATION_CONTEXT('2D SPACE',''
  ) );
#2964 = ORIENTED_EDGE('',*,*,#2965,.T.);
#2965 = EDGE_CURVE('',#2936,#2966,#2968,.T.);
#2966 = VERTEX_POINT('',#2967);
#2967 = CARTESIAN_POINT('',(1.0013E+03,30.,681.4));
#2968 = SURFACE_CURVE('',#2969,(#2973,#2980),.PCURVE_S1.);
#2969 = LINE('',#2970,#2971);
#2970 = CARTESIAN_POINT('',(1.0013E+03,-30.,681.4));
#2971 = VECTOR('',#2972,1.);
#2972 = DIRECTION('',(0.,1.,0.));
#2973 = PCURVE('',#2946,#2974);
#2974 = DEFINITIONAL_REPRESENTATION('',(#2975),#2979);
#2975 = LINE('',#2976,#2977);
#2976 = CARTESIAN_POINT('',(0.,0.));
#2977 = VECTOR('',#2978,1.);
#2978 = DIRECTION('',(0.,-1.));
#2979 = ( GEOMETRIC_REPRESENTATION_CONTEXT(2) 
PARAMETRIC_REPRESENTATION_CONTEXT() REPRESENTATION_CONTEXT('2D SPACE',''
  ) );
#2980 = PCURVE('',#2866,#2981);
#2981 = DEFINITIONAL_REPRESENTATION('',(#2982),#2986);
#2982 = LINE('',#2983,#2984);
#2983 = CARTESIAN_POINT('',(1.2E+03,0.));
#2984 = VECTOR('',#2985,1.);
#2985 = DIRECTION('',(0.,1.));
#2986 = ( GEOMETRIC_REPRESENTATION_CONTEXT(2) 
PARAMETRIC_REPRESENTATION_CONTEXT() REPRESENTATION_CONTEXT('2D SPACE',''
  ) );
#2987 = ORIENTED_EDGE('',*,*,#2988,.T.);
#2988 = EDGE_CURVE('',#2966,#2989,#2991,.T.);
#2989 = VERTEX_POINT('',#2990);
#2990 = CARTESIAN_POINT('',(1.0013E+03,30.,721.4));
#2991 = SURFACE_CURVE('',#2992,(#2996,#3003),.PCURVE_S1.);
#2992 = LINE('',#2993,#2994);
#2993 = CARTESIAN_POINT('',(1.0013E+03,30.,681.4));
#2994 = VECTOR('',#2995,1.);
#2995 = DIRECTION('',(0.,0.,1.));
#2996 = PCURVE('',#2946,#2997);
#2997 = DEFINITIONAL_REPRESENTATION('',(#2998),#3002);
#2998 = LINE('',#2999,#3000);
#2999 = CARTESIAN_POINT('',(0.,-60.));
#3000 = VECTOR('',#3001,1.);
#3001 = DIRECTION('',(1.,0.));
#3002 = ( GEOMETRIC_REPRESENTATION_CONTEXT(2) 
PARAMETRIC_REPRESENTATION_CONTEXT() REPRESENTATION_CONTEXT('2D SPACE',''
  ) );
#3003 = PCURVE('',#2894,#3004);
#3004 = DEFINITIONAL_REPRESENTATION('',(#3005),#3009);
#3005 = LINE('',#3006,#3007);
#3006 = CARTESIAN_POINT('',(0.,1.2E+03));
#3007 = VECTOR('',#3008,1.);
#3008 = DIRECTION('',(1.,0.));
#3009 = ( GEOMETRIC_REPRESENTATION_CONTEXT(2) 
PARAMETRIC_REPRESENTATION_CONTEXT() REPRESENTATION_CONTEXT('2D SPACE',''
  ) );
#3010 = ORIENTED_EDGE('',*,*,#3011,.F.);
#3011 = EDGE_CURVE('',#2938,#2989,#3012,.T.);
#3012 = SURFACE_CURVE('',#3013,(#3017,#3024),.PCURVE_S1.);
#3013 = LINE('',#3014,#3015);
#3014 = CARTESIAN_POINT('',(1.0013E+03,-30.,721.4));
#3015 = VECTOR('',#3016,1.);
#3016 = DIRECTION('',(0.,1.,0.));
#3017 = PCURVE('',#2946,#3018);
#3018 = DEFINITIONAL_REPRESENTATION('',(#3019),#3023);
#3019 = LINE('',#3020,#3021);
#3020 = CARTESIAN_POINT('',(40.,0.));
#3021 = VECTOR('',#3022,1.);
#3022 = DIRECTION('',(0.,-1.));
#3023 = ( GEOMETRIC_REPRESENTATION_CONTEXT(2) 
PARAMETRIC_REPRESENTATION_CONTEXT() REPRESENTATION_CONTEXT('2D SPACE',''
  ) );
#3024 = PCURVE('',#2920,#3025);
#3025 = DEFINITIONAL_REPRESENTATION('',(#3026),#3030);
#3026 = LINE('',#3027,#3028);
#3027 = CARTESIAN_POINT('',(1.2E+03,0.));
#3028 = VECTOR('',#3029,1.);
#3029 = DIRECTION('',(0.,1.));
#3030 = ( GEOMETRIC_REPRESENTATION_CONTEXT(2) 
PARAMETRIC_REPRESENTATION_CONTEXT() REPRESENTATION_CONTEXT('2D SPACE',''
  ) );
#3031 = ADVANCED_FACE('',(#3032),#2838,.F.);
#3032 = FACE_BOUND('',#3033,.F.);
#3033 = EDGE_LOOP('',(#3034,#3055,#3056,#3077));
#3034 = ORIENTED_EDGE('',*,*,#3035,.F.);
#3035 = EDGE_CURVE('',#2816,#2936,#3036,.T.);
#3036 = SURFACE_CURVE('',#3037,(#3041,#3048),.PCURVE_S1.);
#3037 = LINE('',#3038,#3039);
#3038 = CARTESIAN_POINT('',(-198.7,-30.,681.4));
#3039 = VECTOR('',#3040,1.);
#3040 = DIRECTION('',(1.,0.,0.));
#3041 = PCURVE('',#2838,#3042);
#3042 = DEFINITIONAL_REPRESENTATION('',(#3043),#3047);
#3043 = LINE('',#3044,#3045);
#3044 = CARTESIAN_POINT('',(0.,0.));
#3045 = VECTOR('',#3046,1.);
#3046 = DIRECTION('',(0.,1.));
#3047 = ( GEOMETRIC_REPRESENTATION_CONTEXT(2) 
PARAMETRIC_REPRESENTATION_CONTEXT() REPRESENTATION_CONTEXT('2D SPACE',''
  ) );
#3048 = PCURVE('',#2866,#3049);
#3049 = DEFINITIONAL_REPRESENTATION('',(#3050),#3054);
#3050 = LINE('',#3051,#3052);
#3051 = CARTESIAN_POINT('',(0.,0.));
#3052 = VECTOR('',#3053,1.);
#3053 = DIRECTION('',(1.,0.));
#3054 = ( GEOMETRIC_REPRESENTATION_CONTEXT(2) 
PARAMETRIC_REPRESENTATION_CONTEXT() REPRESENTATION_CONTEXT('2D SPACE',''
  ) );
#3055 = ORIENTED_EDGE('',*,*,#2815,.T.);
#3056 = ORIENTED_EDGE('',*,*,#3057,.T.);
#3057 = EDGE_CURVE('',#2818,#2938,#3058,.T.);
#3058 = SURFACE_CURVE('',#3059,(#3063,#3070),.PCURVE_S1.);
#3059 = LINE('',#3060,#3061);
#3060 = CARTESIAN_POINT('',(-198.7,-30.,721.4));
#3061 = VECTOR('',#3062,1.);
#3062 = DIRECTION('',(1.,0.,0.));
#3063 = PCURVE('',#2838,#3064);
#3064 = DEFINITIONAL_REPRESENTATION('',(#3065),#3069);
#3065 = LINE('',#3066,#3067);
#3066 = CARTESIAN_POINT('',(40.,0.));
#3067 = VECTOR('',#3068,1.);
#3068 = DIRECTION('',(0.,1.));
#3069 = ( GEOMETRIC_REPRESENTATION_CONTEXT(2) 
PARAMETRIC_REPRESENTATION_CONTEXT() REPRESENTATION_CONTEXT('2D SPACE',''
  ) );
#3070 = PCURVE('',#2920,#3071);
#3071 = DEFINITIONAL_REPRESENTATION('',(#3072),#3076);
#3072 = LINE('',#3073,#3074);
#3073 = CARTESIAN_POINT('',(0.,0.));
#3074 = VECTOR('',#3075,1.);
#3075 = DIRECTION('',(1.,0.));
#3076 = ( GEOMETRIC_REPRESENTATION_CONTEXT(2) 
PARAMETRIC_REPRESENTATION_CONTEXT() REPRESENTATION_CONTEXT('2D SPACE',''
  ) );
#3077 = ORIENTED_EDGE('',*,*,#2935,.F.);
#3078 = ADVANCED_FACE('',(#3079),#2894,.T.);
#3079 = FACE_BOUND('',#3080,.T.);
#3080 = EDGE_LOOP('',(#3081,#3102,#3103,#3124));
#3081 = ORIENTED_EDGE('',*,*,#3082,.F.);
#3082 = EDGE_CURVE('',#2851,#2966,#3083,.T.);
#3083 = SURFACE_CURVE('',#3084,(#3088,#3095),.PCURVE_S1.);
#3084 = LINE('',#3085,#3086);
#3085 = CARTESIAN_POINT('',(-198.7,30.,681.4));
#3086 = VECTOR('',#3087,1.);
#3087 = DIRECTION('',(1.,0.,0.));
#3088 = PCURVE('',#2894,#3089);
#3089 = DEFINITIONAL_REPRESENTATION('',(#3090),#3094);
#3090 = LINE('',#3091,#3092);
#3091 = CARTESIAN_POINT('',(0.,0.));
#3092 = VECTOR('',#3093,1.);
#3093 = DIRECTION('',(0.,1.));
#3094 = ( GEOMETRIC_REPRESENTATION_CONTEXT(2) 
PARAMETRIC_REPRESENTATION_CONTEXT() REPRESENTATION_CONTEXT('2D SPACE',''
  ) );
#3095 = PCURVE('',#2866,#3096);
#3096 = DEFINITIONAL_REPRESENTATION('',(#3097),#3101);
#3097 = LINE('',#3098,#3099);
#3098 = CARTESIAN_POINT('',(0.,60.));
#3099 = VECTOR('',#3100,1.);
#3100 = DIRECTION('',(1.,0.));
#3101 = ( GEOMETRIC_REPRESENTATION_CONTEXT(2) 
PARAMETRIC_REPRESENTATION_CONTEXT() REPRESENTATION_CONTEXT('2D SPACE',''
  ) );
#3102 = ORIENTED_EDGE('',*,*,#2878,.T.);
#3103 = ORIENTED_EDGE('',*,*,#3104,.T.);
#3104 = EDGE_CURVE('',#2879,#2989,#3105,.T.);
#3105 = SURFACE_CURVE('',#3106,(#3110,#3117),.PCURVE_S1.);
#3106 = LINE('',#3107,#3108);
#3107 = CARTESIAN_POINT('',(-198.7,30.,721.4));
#3108 = VECTOR('',#3109,1.);
#3109 = DIRECTION('',(1.,0.,0.));
#3110 = PCURVE('',#2894,#3111);
#3111 = DEFINITIONAL_REPRESENTATION('',(#3112),#3116);
#3112 = LINE('',#3113,#3114);
#3113 = CARTESIAN_POINT('',(40.,0.));
#3114 = VECTOR('',#3115,1.);
#3115 = DIRECTION('',(0.,1.));
#3116 = ( GEOMETRIC_REPRESENTATION_CONTEXT(2) 
PARAMETRIC_REPRESENTATION_CONTEXT() REPRESENTATION_CONTEXT('2D SPACE',''
  ) );
#3117 = PCURVE('',#2920,#3118);
#3118 = DEFINITIONAL_REPRESENTATION('',(#3119),#3123);
#3119 = LINE('',#3120,#3121);
#3120 = CARTESIAN_POINT('',(0.,60.));
#3121 = VECTOR('',#3122,1.);
#3122 = DIRECTION('',(1.,0.));
#3123 = ( GEOMETRIC_REPRESENTATION_CONTEXT(2) 
PARAMETRIC_REPRESENTATION_CONTEXT() REPRESENTATION_CONTEXT('2D SPACE',''
  ) );
#3124 = ORIENTED_EDGE('',*,*,#2988,.F.);
#3125 = ADVANCED_FACE('',(#3126),#2866,.F.);
#3126 = FACE_BOUND('',#3127,.F.);
#3127 = EDGE_LOOP('',(#3128,#3129,#3130,#3131));
#3128 = ORIENTED_EDGE('',*,*,#2850,.F.);
#3129 = ORIENTED_EDGE('',*,*,#3035,.T.);
#3130 = ORIENTED_EDGE('',*,*,#2965,.T.);
#3131 = ORIENTED_EDGE('',*,*,#3082,.F.);
#3132 = ADVANCED_FACE('',(#3133),#2920,.T.);
#3133 = FACE_BOUND('',#3134,.T.);
#3134 = EDGE_LOOP('',(#3135,#3136,#3137,#3138));
#3135 = ORIENTED_EDGE('',*,*,#2906,.F.);
#3136 = ORIENTED_EDGE('',*,*,#3057,.T.);
#3137 = ORIENTED_EDGE('',*,*,#3011,.T.);
#3138 = ORIENTED_EDGE('',*,*,#3104,.F.);
#3139 = ( GEOMETRIC_REPRESENTATION_CONTEXT(3) 
GLOBAL_UNCERTAINTY_ASSIGNED_CONTEXT((#3143)) 
GLOBAL_UNIT_ASSIGNED_CONTEXT((#3140,#3141,#3142)) REPRESENTATION_CONTEXT
('Context #1','3D Context with UNIT and UNCERTAINTY') );
#3140 = ( LENGTH_UNIT() NAMED_UNIT(*) SI_UNIT(.MILLI.,.METRE.) );
#3141 = ( NAMED_UNIT(*) PLANE_ANGLE_UNIT() SI_UNIT($,.RADIAN.) );
#3142 = ( NAMED_UNIT(*) SI_UNIT($,.STERADIAN.) SOLID_ANGLE_UNIT() );
#3143 = UNCERTAINTY_MEASURE_WITH_UNIT(LENGTH_MEASURE(1.E-07),#3140,
  'distance_accuracy_value','confusion accuracy');
#3144 = CONTEXT_DEPENDENT_SHAPE_REPRESENTATION(#3145,#3147);
#3145 = ( REPRESENTATION_RELATIONSHIP('','',#2808,#10) 
REPRESENTATION_RELATIONSHIP_WITH_TRANSFORMATION(#3146) 
SHAPE_REPRESENTATION_RELATIONSHIP() );
#3146 = ITEM_DEFINED_TRANSFORMATION('','',#11,#47);
#3147 = PRODUCT_DEFINITION_SHAPE('Placement','Placement of an item',
  #3148);
#3148 = NEXT_ASSEMBLY_USAGE_OCCURRENCE('9','FRAME/keel_beam','',#5,#2803
  ,$);
#3149 = PRODUCT_RELATED_PRODUCT_CATEGORY('part',$,(#2805));
#3150 = SHAPE_DEFINITION_REPRESENTATION(#3151,#3157);
#3151 = PRODUCT_DEFINITION_SHAPE('','',#3152);
#3152 = PRODUCT_DEFINITION('design','',#3153,#3156);
#3153 = PRODUCT_DEFINITION_FORMATION('','',#3154);
#3154 = PRODUCT('CLASH/energy_container','CLASH/energy_container','',(
    #3155));
#3155 = PRODUCT_CONTEXT('',#2,'mechanical');
#3156 = PRODUCT_DEFINITION_CONTEXT('part definition',#2,'design');
#3157 = ADVANCED_BREP_SHAPE_REPRESENTATION('',(#11,#3158),#3488);
#3158 = MANIFOLD_SOLID_BREP('',#3159);
#3159 = CLOSED_SHELL('',(#3160,#3280,#3380,#3427,#3474,#3481));
#3160 = ADVANCED_FACE('',(#3161),#3175,.F.);
#3161 = FACE_BOUND('',#3162,.F.);
#3162 = EDGE_LOOP('',(#3163,#3198,#3226,#3254));
#3163 = ORIENTED_EDGE('',*,*,#3164,.F.);
#3164 = EDGE_CURVE('',#3165,#3167,#3169,.T.);
#3165 = VERTEX_POINT('',#3166);
#3166 = CARTESIAN_POINT('',(-471.275,-230.625,655.74119458007));
#3167 = VERTEX_POINT('',#3168);
#3168 = CARTESIAN_POINT('',(-471.275,-230.625,874.04119458007));
#3169 = SURFACE_CURVE('',#3170,(#3174,#3186),.PCURVE_S1.);
#3170 = LINE('',#3171,#3172);
#3171 = CARTESIAN_POINT('',(-471.275,-230.625,655.74119458007));
#3172 = VECTOR('',#3173,1.);
#3173 = DIRECTION('',(0.,0.,1.));
#3174 = PCURVE('',#3175,#3180);
#3175 = PLANE('',#3176);
#3176 = AXIS2_PLACEMENT_3D('',#3177,#3178,#3179);
#3177 = CARTESIAN_POINT('',(-471.275,-230.625,655.74119458007));
#3178 = DIRECTION('',(1.,0.,0.));
#3179 = DIRECTION('',(0.,0.,1.));
#3180 = DEFINITIONAL_REPRESENTATION('',(#3181),#3185);
#3181 = LINE('',#3182,#3183);
#3182 = CARTESIAN_POINT('',(0.,0.));
#3183 = VECTOR('',#3184,1.);
#3184 = DIRECTION('',(1.,0.));
#3185 = ( GEOMETRIC_REPRESENTATION_CONTEXT(2) 
PARAMETRIC_REPRESENTATION_CONTEXT() REPRESENTATION_CONTEXT('2D SPACE',''
  ) );
#3186 = PCURVE('',#3187,#3192);
#3187 = PLANE('',#3188);
#3188 = AXIS2_PLACEMENT_3D('',#3189,#3190,#3191);
#3189 = CARTESIAN_POINT('',(-471.275,-230.625,655.74119458007));
#3190 = DIRECTION('',(0.,1.,0.));
#3191 = DIRECTION('',(0.,0.,1.));
#3192 = DEFINITIONAL_REPRESENTATION('',(#3193),#3197);
#3193 = LINE('',#3194,#3195);
#3194 = CARTESIAN_POINT('',(0.,0.));
#3195 = VECTOR('',#3196,1.);
#3196 = DIRECTION('',(1.,0.));
#3197 = ( GEOMETRIC_REPRESENTATION_CONTEXT(2) 
PARAMETRIC_REPRESENTATION_CONTEXT() REPRESENTATION_CONTEXT('2D SPACE',''
  ) );
#3198 = ORIENTED_EDGE('',*,*,#3199,.T.);
#3199 = EDGE_CURVE('',#3165,#3200,#3202,.T.);
#3200 = VERTEX_POINT('',#3201);
#3201 = CARTESIAN_POINT('',(-471.275,230.625,655.74119458007));
#3202 = SURFACE_CURVE('',#3203,(#3207,#3214),.PCURVE_S1.);
#3203 = LINE('',#3204,#3205);
#3204 = CARTESIAN_POINT('',(-471.275,-230.625,655.74119458007));
#3205 = VECTOR('',#3206,1.);
#3206 = DIRECTION('',(0.,1.,0.));
#3207 = PCURVE('',#3175,#3208);
#3208 = DEFINITIONAL_REPRESENTATION('',(#3209),#3213);
#3209 = LINE('',#3210,#3211);
#3210 = CARTESIAN_POINT('',(0.,0.));
#3211 = VECTOR('',#3212,1.);
#3212 = DIRECTION('',(0.,-1.));
#3213 = ( GEOMETRIC_REPRESENTATION_CONTEXT(2) 
PARAMETRIC_REPRESENTATION_CONTEXT() REPRESENTATION_CONTEXT('2D SPACE',''
  ) );
#3214 = PCURVE('',#3215,#3220);
#3215 = PLANE('',#3216);
#3216 = AXIS2_PLACEMENT_3D('',#3217,#3218,#3219);
#3217 = CARTESIAN_POINT('',(-471.275,-230.625,655.74119458007));
#3218 = DIRECTION('',(0.,0.,1.));
#3219 = DIRECTION('',(1.,0.,0.));
#3220 = DEFINITIONAL_REPRESENTATION('',(#3221),#3225);
#3221 = LINE('',#3222,#3223);
#3222 = CARTESIAN_POINT('',(0.,0.));
#3223 = VECTOR('',#3224,1.);
#3224 = DIRECTION('',(0.,1.));
#3225 = ( GEOMETRIC_REPRESENTATION_CONTEXT(2) 
PARAMETRIC_REPRESENTATION_CONTEXT() REPRESENTATION_CONTEXT('2D SPACE',''
  ) );
#3226 = ORIENTED_EDGE('',*,*,#3227,.T.);
#3227 = EDGE_CURVE('',#3200,#3228,#3230,.T.);
#3228 = VERTEX_POINT('',#3229);
#3229 = CARTESIAN_POINT('',(-471.275,230.625,874.04119458007));
#3230 = SURFACE_CURVE('',#3231,(#3235,#3242),.PCURVE_S1.);
#3231 = LINE('',#3232,#3233);
#3232 = CARTESIAN_POINT('',(-471.275,230.625,655.74119458007));
#3233 = VECTOR('',#3234,1.);
#3234 = DIRECTION('',(0.,0.,1.));
#3235 = PCURVE('',#3175,#3236);
#3236 = DEFINITIONAL_REPRESENTATION('',(#3237),#3241);
#3237 = LINE('',#3238,#3239);
#3238 = CARTESIAN_POINT('',(0.,-461.25));
#3239 = VECTOR('',#3240,1.);
#3240 = DIRECTION('',(1.,0.));
#3241 = ( GEOMETRIC_REPRESENTATION_CONTEXT(2) 
PARAMETRIC_REPRESENTATION_CONTEXT() REPRESENTATION_CONTEXT('2D SPACE',''
  ) );
#3242 = PCURVE('',#3243,#3248);
#3243 = PLANE('',#3244);
#3244 = AXIS2_PLACEMENT_3D('',#3245,#3246,#3247);
#3245 = CARTESIAN_POINT('',(-471.275,230.625,655.74119458007));
#3246 = DIRECTION('',(0.,1.,0.));
#3247 = DIRECTION('',(0.,0.,1.));
#3248 = DEFINITIONAL_REPRESENTATION('',(#3249),#3253);
#3249 = LINE('',#3250,#3251);
#3250 = CARTESIAN_POINT('',(0.,0.));
#3251 = VECTOR('',#3252,1.);
#3252 = DIRECTION('',(1.,0.));
#3253 = ( GEOMETRIC_REPRESENTATION_CONTEXT(2) 
PARAMETRIC_REPRESENTATION_CONTEXT() REPRESENTATION_CONTEXT('2D SPACE',''
  ) );
#3254 = ORIENTED_EDGE('',*,*,#3255,.F.);
#3255 = EDGE_CURVE('',#3167,#3228,#3256,.T.);
#3256 = SURFACE_CURVE('',#3257,(#3261,#3268),.PCURVE_S1.);
#3257 = LINE('',#3258,#3259);
#3258 = CARTESIAN_POINT('',(-471.275,-230.625,874.04119458007));
#3259 = VECTOR('',#3260,1.);
#3260 = DIRECTION('',(0.,1.,0.));
#3261 = PCURVE('',#3175,#3262);
#3262 = DEFINITIONAL_REPRESENTATION('',(#3263),#3267);
#3263 = LINE('',#3264,#3265);
#3264 = CARTESIAN_POINT('',(218.3,0.));
#3265 = VECTOR('',#3266,1.);
#3266 = DIRECTION('',(0.,-1.));
#3267 = ( GEOMETRIC_REPRESENTATION_CONTEXT(2) 
PARAMETRIC_REPRESENTATION_CONTEXT() REPRESENTATION_CONTEXT('2D SPACE',''
  ) );
#3268 = PCURVE('',#3269,#3274);
#3269 = PLANE('',#3270);
#3270 = AXIS2_PLACEMENT_3D('',#3271,#3272,#3273);
#3271 = CARTESIAN_POINT('',(-471.275,-230.625,874.04119458007));
#3272 = DIRECTION('',(0.,0.,1.));
#3273 = DIRECTION('',(1.,0.,0.));
#3274 = DEFINITIONAL_REPRESENTATION('',(#3275),#3279);
#3275 = LINE('',#3276,#3277);
#3276 = CARTESIAN_POINT('',(0.,0.));
#3277 = VECTOR('',#3278,1.);
#3278 = DIRECTION('',(0.,1.));
#3279 = ( GEOMETRIC_REPRESENTATION_CONTEXT(2) 
PARAMETRIC_REPRESENTATION_CONTEXT() REPRESENTATION_CONTEXT('2D SPACE',''
  ) );
#3280 = ADVANCED_FACE('',(#3281),#3295,.T.);
#3281 = FACE_BOUND('',#3282,.T.);
#3282 = EDGE_LOOP('',(#3283,#3313,#3336,#3359));
#3283 = ORIENTED_EDGE('',*,*,#3284,.F.);
#3284 = EDGE_CURVE('',#3285,#3287,#3289,.T.);
#3285 = VERTEX_POINT('',#3286);
#3286 = CARTESIAN_POINT('',(111.275,-230.625,655.74119458007));
#3287 = VERTEX_POINT('',#3288);
#3288 = CARTESIAN_POINT('',(111.275,-230.625,874.04119458007));
#3289 = SURFACE_CURVE('',#3290,(#3294,#3306),.PCURVE_S1.);
#3290 = LINE('',#3291,#3292);
#3291 = CARTESIAN_POINT('',(111.275,-230.625,655.74119458007));
#3292 = VECTOR('',#3293,1.);
#3293 = DIRECTION('',(0.,0.,1.));
#3294 = PCURVE('',#3295,#3300);
#3295 = PLANE('',#3296);
#3296 = AXIS2_PLACEMENT_3D('',#3297,#3298,#3299);
#3297 = CARTESIAN_POINT('',(111.275,-230.625,655.74119458007));
#3298 = DIRECTION('',(1.,0.,0.));
#3299 = DIRECTION('',(0.,0.,1.));
#3300 = DEFINITIONAL_REPRESENTATION('',(#3301),#3305);
#3301 = LINE('',#3302,#3303);
#3302 = CARTESIAN_POINT('',(0.,0.));
#3303 = VECTOR('',#3304,1.);
#3304 = DIRECTION('',(1.,0.));
#3305 = ( GEOMETRIC_REPRESENTATION_CONTEXT(2) 
PARAMETRIC_REPRESENTATION_CONTEXT() REPRESENTATION_CONTEXT('2D SPACE',''
  ) );
#3306 = PCURVE('',#3187,#3307);
#3307 = DEFINITIONAL_REPRESENTATION('',(#3308),#3312);
#3308 = LINE('',#3309,#3310);
#3309 = CARTESIAN_POINT('',(0.,582.55));
#3310 = VECTOR('',#3311,1.);
#3311 = DIRECTION('',(1.,0.));
#3312 = ( GEOMETRIC_REPRESENTATION_CONTEXT(2) 
PARAMETRIC_REPRESENTATION_CONTEXT() REPRESENTATION_CONTEXT('2D SPACE',''
  ) );
#3313 = ORIENTED_EDGE('',*,*,#3314,.T.);
#3314 = EDGE_CURVE('',#3285,#3315,#3317,.T.);
#3315 = VERTEX_POINT('',#3316);
#3316 = CARTESIAN_POINT('',(111.275,230.625,655.74119458007));
#3317 = SURFACE_CURVE('',#3318,(#3322,#3329),.PCURVE_S1.);
#3318 = LINE('',#3319,#3320);
#3319 = CARTESIAN_POINT('',(111.275,-230.625,655.74119458007));
#3320 = VECTOR('',#3321,1.);
#3321 = DIRECTION('',(0.,1.,0.));
#3322 = PCURVE('',#3295,#3323);
#3323 = DEFINITIONAL_REPRESENTATION('',(#3324),#3328);
#3324 = LINE('',#3325,#3326);
#3325 = CARTESIAN_POINT('',(0.,0.));
#3326 = VECTOR('',#3327,1.);
#3327 = DIRECTION('',(0.,-1.));
#3328 = ( GEOMETRIC_REPRESENTATION_CONTEXT(2) 
PARAMETRIC_REPRESENTATION_CONTEXT() REPRESENTATION_CONTEXT('2D SPACE',''
  ) );
#3329 = PCURVE('',#3215,#3330);
#3330 = DEFINITIONAL_REPRESENTATION('',(#3331),#3335);
#3331 = LINE('',#3332,#3333);
#3332 = CARTESIAN_POINT('',(582.55,0.));
#3333 = VECTOR('',#3334,1.);
#3334 = DIRECTION('',(0.,1.));
#3335 = ( GEOMETRIC_REPRESENTATION_CONTEXT(2) 
PARAMETRIC_REPRESENTATION_CONTEXT() REPRESENTATION_CONTEXT('2D SPACE',''
  ) );
#3336 = ORIENTED_EDGE('',*,*,#3337,.T.);
#3337 = EDGE_CURVE('',#3315,#3338,#3340,.T.);
#3338 = VERTEX_POINT('',#3339);
#3339 = CARTESIAN_POINT('',(111.275,230.625,874.04119458007));
#3340 = SURFACE_CURVE('',#3341,(#3345,#3352),.PCURVE_S1.);
#3341 = LINE('',#3342,#3343);
#3342 = CARTESIAN_POINT('',(111.275,230.625,655.74119458007));
#3343 = VECTOR('',#3344,1.);
#3344 = DIRECTION('',(0.,0.,1.));
#3345 = PCURVE('',#3295,#3346);
#3346 = DEFINITIONAL_REPRESENTATION('',(#3347),#3351);
#3347 = LINE('',#3348,#3349);
#3348 = CARTESIAN_POINT('',(0.,-461.25));
#3349 = VECTOR('',#3350,1.);
#3350 = DIRECTION('',(1.,0.));
#3351 = ( GEOMETRIC_REPRESENTATION_CONTEXT(2) 
PARAMETRIC_REPRESENTATION_CONTEXT() REPRESENTATION_CONTEXT('2D SPACE',''
  ) );
#3352 = PCURVE('',#3243,#3353);
#3353 = DEFINITIONAL_REPRESENTATION('',(#3354),#3358);
#3354 = LINE('',#3355,#3356);
#3355 = CARTESIAN_POINT('',(0.,582.55));
#3356 = VECTOR('',#3357,1.);
#3357 = DIRECTION('',(1.,0.));
#3358 = ( GEOMETRIC_REPRESENTATION_CONTEXT(2) 
PARAMETRIC_REPRESENTATION_CONTEXT() REPRESENTATION_CONTEXT('2D SPACE',''
  ) );
#3359 = ORIENTED_EDGE('',*,*,#3360,.F.);
#3360 = EDGE_CURVE('',#3287,#3338,#3361,.T.);
#3361 = SURFACE_CURVE('',#3362,(#3366,#3373),.PCURVE_S1.);
#3362 = LINE('',#3363,#3364);
#3363 = CARTESIAN_POINT('',(111.275,-230.625,874.04119458007));
#3364 = VECTOR('',#3365,1.);
#3365 = DIRECTION('',(0.,1.,0.));
#3366 = PCURVE('',#3295,#3367);
#3367 = DEFINITIONAL_REPRESENTATION('',(#3368),#3372);
#3368 = LINE('',#3369,#3370);
#3369 = CARTESIAN_POINT('',(218.3,0.));
#3370 = VECTOR('',#3371,1.);
#3371 = DIRECTION('',(0.,-1.));
#3372 = ( GEOMETRIC_REPRESENTATION_CONTEXT(2) 
PARAMETRIC_REPRESENTATION_CONTEXT() REPRESENTATION_CONTEXT('2D SPACE',''
  ) );
#3373 = PCURVE('',#3269,#3374);
#3374 = DEFINITIONAL_REPRESENTATION('',(#3375),#3379);
#3375 = LINE('',#3376,#3377);
#3376 = CARTESIAN_POINT('',(582.55,0.));
#3377 = VECTOR('',#3378,1.);
#3378 = DIRECTION('',(0.,1.));
#3379 = ( GEOMETRIC_REPRESENTATION_CONTEXT(2) 
PARAMETRIC_REPRESENTATION_CONTEXT() REPRESENTATION_CONTEXT('2D SPACE',''
  ) );
#3380 = ADVANCED_FACE('',(#3381),#3187,.F.);
#3381 = FACE_BOUND('',#3382,.F.);
#3382 = EDGE_LOOP('',(#3383,#3404,#3405,#3426));
#3383 = ORIENTED_EDGE('',*,*,#3384,.F.);
#3384 = EDGE_CURVE('',#3165,#3285,#3385,.T.);
#3385 = SURFACE_CURVE('',#3386,(#3390,#3397),.PCURVE_S1.);
#3386 = LINE('',#3387,#3388);
#3387 = CARTESIAN_POINT('',(-471.275,-230.625,655.74119458007));
#3388 = VECTOR('',#3389,1.);
#3389 = DIRECTION('',(1.,0.,0.));
#3390 = PCURVE('',#3187,#3391);
#3391 = DEFINITIONAL_REPRESENTATION('',(#3392),#3396);
#3392 = LINE('',#3393,#3394);
#3393 = CARTESIAN_POINT('',(0.,0.));
#3394 = VECTOR('',#3395,1.);
#3395 = DIRECTION('',(0.,1.));
#3396 = ( GEOMETRIC_REPRESENTATION_CONTEXT(2) 
PARAMETRIC_REPRESENTATION_CONTEXT() REPRESENTATION_CONTEXT('2D SPACE',''
  ) );
#3397 = PCURVE('',#3215,#3398);
#3398 = DEFINITIONAL_REPRESENTATION('',(#3399),#3403);
#3399 = LINE('',#3400,#3401);
#3400 = CARTESIAN_POINT('',(0.,0.));
#3401 = VECTOR('',#3402,1.);
#3402 = DIRECTION('',(1.,0.));
#3403 = ( GEOMETRIC_REPRESENTATION_CONTEXT(2) 
PARAMETRIC_REPRESENTATION_CONTEXT() REPRESENTATION_CONTEXT('2D SPACE',''
  ) );
#3404 = ORIENTED_EDGE('',*,*,#3164,.T.);
#3405 = ORIENTED_EDGE('',*,*,#3406,.T.);
#3406 = EDGE_CURVE('',#3167,#3287,#3407,.T.);
#3407 = SURFACE_CURVE('',#3408,(#3412,#3419),.PCURVE_S1.);
#3408 = LINE('',#3409,#3410);
#3409 = CARTESIAN_POINT('',(-471.275,-230.625,874.04119458007));
#3410 = VECTOR('',#3411,1.);
#3411 = DIRECTION('',(1.,0.,0.));
#3412 = PCURVE('',#3187,#3413);
#3413 = DEFINITIONAL_REPRESENTATION('',(#3414),#3418);
#3414 = LINE('',#3415,#3416);
#3415 = CARTESIAN_POINT('',(218.3,0.));
#3416 = VECTOR('',#3417,1.);
#3417 = DIRECTION('',(0.,1.));
#3418 = ( GEOMETRIC_REPRESENTATION_CONTEXT(2) 
PARAMETRIC_REPRESENTATION_CONTEXT() REPRESENTATION_CONTEXT('2D SPACE',''
  ) );
#3419 = PCURVE('',#3269,#3420);
#3420 = DEFINITIONAL_REPRESENTATION('',(#3421),#3425);
#3421 = LINE('',#3422,#3423);
#3422 = CARTESIAN_POINT('',(0.,0.));
#3423 = VECTOR('',#3424,1.);
#3424 = DIRECTION('',(1.,0.));
#3425 = ( GEOMETRIC_REPRESENTATION_CONTEXT(2) 
PARAMETRIC_REPRESENTATION_CONTEXT() REPRESENTATION_CONTEXT('2D SPACE',''
  ) );
#3426 = ORIENTED_EDGE('',*,*,#3284,.F.);
#3427 = ADVANCED_FACE('',(#3428),#3243,.T.);
#3428 = FACE_BOUND('',#3429,.T.);
#3429 = EDGE_LOOP('',(#3430,#3451,#3452,#3473));
#3430 = ORIENTED_EDGE('',*,*,#3431,.F.);
#3431 = EDGE_CURVE('',#3200,#3315,#3432,.T.);
#3432 = SURFACE_CURVE('',#3433,(#3437,#3444),.PCURVE_S1.);
#3433 = LINE('',#3434,#3435);
#3434 = CARTESIAN_POINT('',(-471.275,230.625,655.74119458007));
#3435 = VECTOR('',#3436,1.);
#3436 = DIRECTION('',(1.,0.,0.));
#3437 = PCURVE('',#3243,#3438);
#3438 = DEFINITIONAL_REPRESENTATION('',(#3439),#3443);
#3439 = LINE('',#3440,#3441);
#3440 = CARTESIAN_POINT('',(0.,0.));
#3441 = VECTOR('',#3442,1.);
#3442 = DIRECTION('',(0.,1.));
#3443 = ( GEOMETRIC_REPRESENTATION_CONTEXT(2) 
PARAMETRIC_REPRESENTATION_CONTEXT() REPRESENTATION_CONTEXT('2D SPACE',''
  ) );
#3444 = PCURVE('',#3215,#3445);
#3445 = DEFINITIONAL_REPRESENTATION('',(#3446),#3450);
#3446 = LINE('',#3447,#3448);
#3447 = CARTESIAN_POINT('',(0.,461.25));
#3448 = VECTOR('',#3449,1.);
#3449 = DIRECTION('',(1.,0.));
#3450 = ( GEOMETRIC_REPRESENTATION_CONTEXT(2) 
PARAMETRIC_REPRESENTATION_CONTEXT() REPRESENTATION_CONTEXT('2D SPACE',''
  ) );
#3451 = ORIENTED_EDGE('',*,*,#3227,.T.);
#3452 = ORIENTED_EDGE('',*,*,#3453,.T.);
#3453 = EDGE_CURVE('',#3228,#3338,#3454,.T.);
#3454 = SURFACE_CURVE('',#3455,(#3459,#3466),.PCURVE_S1.);
#3455 = LINE('',#3456,#3457);
#3456 = CARTESIAN_POINT('',(-471.275,230.625,874.04119458007));
#3457 = VECTOR('',#3458,1.);
#3458 = DIRECTION('',(1.,0.,0.));
#3459 = PCURVE('',#3243,#3460);
#3460 = DEFINITIONAL_REPRESENTATION('',(#3461),#3465);
#3461 = LINE('',#3462,#3463);
#3462 = CARTESIAN_POINT('',(218.3,0.));
#3463 = VECTOR('',#3464,1.);
#3464 = DIRECTION('',(0.,1.));
#3465 = ( GEOMETRIC_REPRESENTATION_CONTEXT(2) 
PARAMETRIC_REPRESENTATION_CONTEXT() REPRESENTATION_CONTEXT('2D SPACE',''
  ) );
#3466 = PCURVE('',#3269,#3467);
#3467 = DEFINITIONAL_REPRESENTATION('',(#3468),#3472);
#3468 = LINE('',#3469,#3470);
#3469 = CARTESIAN_POINT('',(0.,461.25));
#3470 = VECTOR('',#3471,1.);
#3471 = DIRECTION('',(1.,0.));
#3472 = ( GEOMETRIC_REPRESENTATION_CONTEXT(2) 
PARAMETRIC_REPRESENTATION_CONTEXT() REPRESENTATION_CONTEXT('2D SPACE',''
  ) );
#3473 = ORIENTED_EDGE('',*,*,#3337,.F.);
#3474 = ADVANCED_FACE('',(#3475),#3215,.F.);
#3475 = FACE_BOUND('',#3476,.F.);
#3476 = EDGE_LOOP('',(#3477,#3478,#3479,#3480));
#3477 = ORIENTED_EDGE('',*,*,#3199,.F.);
#3478 = ORIENTED_EDGE('',*,*,#3384,.T.);
#3479 = ORIENTED_EDGE('',*,*,#3314,.T.);
#3480 = ORIENTED_EDGE('',*,*,#3431,.F.);
#3481 = ADVANCED_FACE('',(#3482),#3269,.T.);
#3482 = FACE_BOUND('',#3483,.T.);
#3483 = EDGE_LOOP('',(#3484,#3485,#3486,#3487));
#3484 = ORIENTED_EDGE('',*,*,#3255,.F.);
#3485 = ORIENTED_EDGE('',*,*,#3406,.T.);
#3486 = ORIENTED_EDGE('',*,*,#3360,.T.);
#3487 = ORIENTED_EDGE('',*,*,#3453,.F.);
#3488 = ( GEOMETRIC_REPRESENTATION_CONTEXT(3) 
GLOBAL_UNCERTAINTY_ASSIGNED_CONTEXT((#3492)) 
GLOBAL_UNIT_ASSIGNED_CONTEXT((#3489,#3490,#3491)) REPRESENTATION_CONTEXT
('Context #1','3D Context with UNIT and UNCERTAINTY') );
#3489 = ( LENGTH_UNIT() NAMED_UNIT(*) SI_UNIT(.MILLI.,.METRE.) );
#3490 = ( NAMED_UNIT(*) PLANE_ANGLE_UNIT() SI_UNIT($,.RADIAN.) );
#3491 = ( NAMED_UNIT(*) SI_UNIT($,.STERADIAN.) SOLID_ANGLE_UNIT() );
#3492 = UNCERTAINTY_MEASURE_WITH_UNIT(LENGTH_MEASURE(1.E-07),#3489,
  'distance_accuracy_value','confusion accuracy');
#3493 = CONTEXT_DEPENDENT_SHAPE_REPRESENTATION(#3494,#3496);
#3494 = ( REPRESENTATION_RELATIONSHIP('','',#3157,#10) 
REPRESENTATION_RELATIONSHIP_WITH_TRANSFORMATION(#3495) 
SHAPE_REPRESENTATION_RELATIONSHIP() );
#3495 = ITEM_DEFINED_TRANSFORMATION('','',#11,#51);
#3496 = PRODUCT_DEFINITION_SHAPE('Placement','Placement of an item',
  #3497);
#3497 = NEXT_ASSEMBLY_USAGE_OCCURRENCE('10','CLASH/energy_container','',
  #5,#3152,$);
#3498 = PRODUCT_RELATED_PRODUCT_CATEGORY('part',$,(#3154));
#3499 = SHAPE_DEFINITION_REPRESENTATION(#3500,#3506);
#3500 = PRODUCT_DEFINITION_SHAPE('','',#3501);
#3501 = PRODUCT_DEFINITION('design','',#3502,#3505);
#3502 = PRODUCT_DEFINITION_FORMATION('','',#3503);
#3503 = PRODUCT('POWERTRAIN_HV/battery_pack',
  'POWERTRAIN_HV/battery_pack','',(#3504));
#3504 = PRODUCT_CONTEXT('',#2,'mechanical');
#3505 = PRODUCT_DEFINITION_CONTEXT('part definition',#2,'design');
#3506 = ADVANCED_BREP_SHAPE_REPRESENTATION('',(#11,#3507),#3837);
#3507 = MANIFOLD_SOLID_BREP('',#3508);
#3508 = CLOSED_SHELL('',(#3509,#3629,#3729,#3776,#3823,#3830));
#3509 = ADVANCED_FACE('',(#3510),#3524,.F.);
#3510 = FACE_BOUND('',#3511,.F.);
#3511 = EDGE_LOOP('',(#3512,#3547,#3575,#3603));
#3512 = ORIENTED_EDGE('',*,*,#3513,.F.);
#3513 = EDGE_CURVE('',#3514,#3516,#3518,.T.);
#3514 = VERTEX_POINT('',#3515);
#3515 = CARTESIAN_POINT('',(-447.275,-206.625,674.74119458007));
#3516 = VERTEX_POINT('',#3517);
#3517 = CARTESIAN_POINT('',(-447.275,-206.625,855.04119458007));
#3518 = SURFACE_CURVE('',#3519,(#3523,#3535),.PCURVE_S1.);
#3519 = LINE('',#3520,#3521);
#3520 = CARTESIAN_POINT('',(-447.275,-206.625,674.74119458007));
#3521 = VECTOR('',#3522,1.);
#3522 = DIRECTION('',(0.,0.,1.));
#3523 = PCURVE('',#3524,#3529);
#3524 = PLANE('',#3525);
#3525 = AXIS2_PLACEMENT_3D('',#3526,#3527,#3528);
#3526 = CARTESIAN_POINT('',(-447.275,-206.625,674.74119458007));
#3527 = DIRECTION('',(1.,0.,0.));
#3528 = DIRECTION('',(0.,0.,1.));
#3529 = DEFINITIONAL_REPRESENTATION('',(#3530),#3534);
#3530 = LINE('',#3531,#3532);
#3531 = CARTESIAN_POINT('',(0.,0.));
#3532 = VECTOR('',#3533,1.);
#3533 = DIRECTION('',(1.,0.));
#3534 = ( GEOMETRIC_REPRESENTATION_CONTEXT(2) 
PARAMETRIC_REPRESENTATION_CONTEXT() REPRESENTATION_CONTEXT('2D SPACE',''
  ) );
#3535 = PCURVE('',#3536,#3541);
#3536 = PLANE('',#3537);
#3537 = AXIS2_PLACEMENT_3D('',#3538,#3539,#3540);
#3538 = CARTESIAN_POINT('',(-447.275,-206.625,674.74119458007));
#3539 = DIRECTION('',(0.,1.,0.));
#3540 = DIRECTION('',(0.,0.,1.));
#3541 = DEFINITIONAL_REPRESENTATION('',(#3542),#3546);
#3542 = LINE('',#3543,#3544);
#3543 = CARTESIAN_POINT('',(0.,0.));
#3544 = VECTOR('',#3545,1.);
#3545 = DIRECTION('',(1.,0.));
#3546 = ( GEOMETRIC_REPRESENTATION_CONTEXT(2) 
PARAMETRIC_REPRESENTATION_CONTEXT() REPRESENTATION_CONTEXT('2D SPACE',''
  ) );
#3547 = ORIENTED_EDGE('',*,*,#3548,.T.);
#3548 = EDGE_CURVE('',#3514,#3549,#3551,.T.);
#3549 = VERTEX_POINT('',#3550);
#3550 = CARTESIAN_POINT('',(-447.275,206.625,674.74119458007));
#3551 = SURFACE_CURVE('',#3552,(#3556,#3563),.PCURVE_S1.);
#3552 = LINE('',#3553,#3554);
#3553 = CARTESIAN_POINT('',(-447.275,-206.625,674.74119458007));
#3554 = VECTOR('',#3555,1.);
#3555 = DIRECTION('',(0.,1.,0.));
#3556 = PCURVE('',#3524,#3557);
#3557 = DEFINITIONAL_REPRESENTATION('',(#3558),#3562);
#3558 = LINE('',#3559,#3560);
#3559 = CARTESIAN_POINT('',(0.,0.));
#3560 = VECTOR('',#3561,1.);
#3561 = DIRECTION('',(0.,-1.));
#3562 = ( GEOMETRIC_REPRESENTATION_CONTEXT(2) 
PARAMETRIC_REPRESENTATION_CONTEXT() REPRESENTATION_CONTEXT('2D SPACE',''
  ) );
#3563 = PCURVE('',#3564,#3569);
#3564 = PLANE('',#3565);
#3565 = AXIS2_PLACEMENT_3D('',#3566,#3567,#3568);
#3566 = CARTESIAN_POINT('',(-447.275,-206.625,674.74119458007));
#3567 = DIRECTION('',(0.,0.,1.));
#3568 = DIRECTION('',(1.,0.,0.));
#3569 = DEFINITIONAL_REPRESENTATION('',(#3570),#3574);
#3570 = LINE('',#3571,#3572);
#3571 = CARTESIAN_POINT('',(0.,0.));
#3572 = VECTOR('',#3573,1.);
#3573 = DIRECTION('',(0.,1.));
#3574 = ( GEOMETRIC_REPRESENTATION_CONTEXT(2) 
PARAMETRIC_REPRESENTATION_CONTEXT() REPRESENTATION_CONTEXT('2D SPACE',''
  ) );
#3575 = ORIENTED_EDGE('',*,*,#3576,.T.);
#3576 = EDGE_CURVE('',#3549,#3577,#3579,.T.);
#3577 = VERTEX_POINT('',#3578);
#3578 = CARTESIAN_POINT('',(-447.275,206.625,855.04119458007));
#3579 = SURFACE_CURVE('',#3580,(#3584,#3591),.PCURVE_S1.);
#3580 = LINE('',#3581,#3582);
#3581 = CARTESIAN_POINT('',(-447.275,206.625,674.74119458007));
#3582 = VECTOR('',#3583,1.);
#3583 = DIRECTION('',(0.,0.,1.));
#3584 = PCURVE('',#3524,#3585);
#3585 = DEFINITIONAL_REPRESENTATION('',(#3586),#3590);
#3586 = LINE('',#3587,#3588);
#3587 = CARTESIAN_POINT('',(0.,-413.25));
#3588 = VECTOR('',#3589,1.);
#3589 = DIRECTION('',(1.,0.));
#3590 = ( GEOMETRIC_REPRESENTATION_CONTEXT(2) 
PARAMETRIC_REPRESENTATION_CONTEXT() REPRESENTATION_CONTEXT('2D SPACE',''
  ) );
#3591 = PCURVE('',#3592,#3597);
#3592 = PLANE('',#3593);
#3593 = AXIS2_PLACEMENT_3D('',#3594,#3595,#3596);
#3594 = CARTESIAN_POINT('',(-447.275,206.625,674.74119458007));
#3595 = DIRECTION('',(0.,1.,0.));
#3596 = DIRECTION('',(0.,0.,1.));
#3597 = DEFINITIONAL_REPRESENTATION('',(#3598),#3602);
#3598 = LINE('',#3599,#3600);
#3599 = CARTESIAN_POINT('',(0.,0.));
#3600 = VECTOR('',#3601,1.);
#3601 = DIRECTION('',(1.,0.));
#3602 = ( GEOMETRIC_REPRESENTATION_CONTEXT(2) 
PARAMETRIC_REPRESENTATION_CONTEXT() REPRESENTATION_CONTEXT('2D SPACE',''
  ) );
#3603 = ORIENTED_EDGE('',*,*,#3604,.F.);
#3604 = EDGE_CURVE('',#3516,#3577,#3605,.T.);
#3605 = SURFACE_CURVE('',#3606,(#3610,#3617),.PCURVE_S1.);
#3606 = LINE('',#3607,#3608);
#3607 = CARTESIAN_POINT('',(-447.275,-206.625,855.04119458007));
#3608 = VECTOR('',#3609,1.);
#3609 = DIRECTION('',(0.,1.,0.));
#3610 = PCURVE('',#3524,#3611);
#3611 = DEFINITIONAL_REPRESENTATION('',(#3612),#3616);
#3612 = LINE('',#3613,#3614);
#3613 = CARTESIAN_POINT('',(180.3,0.));
#3614 = VECTOR('',#3615,1.);
#3615 = DIRECTION('',(0.,-1.));
#3616 = ( GEOMETRIC_REPRESENTATION_CONTEXT(2) 
PARAMETRIC_REPRESENTATION_CONTEXT() REPRESENTATION_CONTEXT('2D SPACE',''
  ) );
#3617 = PCURVE('',#3618,#3623);
#3618 = PLANE('',#3619);
#3619 = AXIS2_PLACEMENT_3D('',#3620,#3621,#3622);
#3620 = CARTESIAN_POINT('',(-447.275,-206.625,855.04119458007));
#3621 = DIRECTION('',(0.,0.,1.));
#3622 = DIRECTION('',(1.,0.,0.));
#3623 = DEFINITIONAL_REPRESENTATION('',(#3624),#3628);
#3624 = LINE('',#3625,#3626);
#3625 = CARTESIAN_POINT('',(0.,0.));
#3626 = VECTOR('',#3627,1.);
#3627 = DIRECTION('',(0.,1.));
#3628 = ( GEOMETRIC_REPRESENTATION_CONTEXT(2) 
PARAMETRIC_REPRESENTATION_CONTEXT() REPRESENTATION_CONTEXT('2D SPACE',''
  ) );
#3629 = ADVANCED_FACE('',(#3630),#3644,.T.);
#3630 = FACE_BOUND('',#3631,.T.);
#3631 = EDGE_LOOP('',(#3632,#3662,#3685,#3708));
#3632 = ORIENTED_EDGE('',*,*,#3633,.F.);
#3633 = EDGE_CURVE('',#3634,#3636,#3638,.T.);
#3634 = VERTEX_POINT('',#3635);
#3635 = CARTESIAN_POINT('',(87.275,-206.625,674.74119458007));
#3636 = VERTEX_POINT('',#3637);
#3637 = CARTESIAN_POINT('',(87.275,-206.625,855.04119458007));
#3638 = SURFACE_CURVE('',#3639,(#3643,#3655),.PCURVE_S1.);
#3639 = LINE('',#3640,#3641);
#3640 = CARTESIAN_POINT('',(87.275,-206.625,674.74119458007));
#3641 = VECTOR('',#3642,1.);
#3642 = DIRECTION('',(0.,0.,1.));
#3643 = PCURVE('',#3644,#3649);
#3644 = PLANE('',#3645);
#3645 = AXIS2_PLACEMENT_3D('',#3646,#3647,#3648);
#3646 = CARTESIAN_POINT('',(87.275,-206.625,674.74119458007));
#3647 = DIRECTION('',(1.,0.,0.));
#3648 = DIRECTION('',(0.,0.,1.));
#3649 = DEFINITIONAL_REPRESENTATION('',(#3650),#3654);
#3650 = LINE('',#3651,#3652);
#3651 = CARTESIAN_POINT('',(0.,0.));
#3652 = VECTOR('',#3653,1.);
#3653 = DIRECTION('',(1.,0.));
#3654 = ( GEOMETRIC_REPRESENTATION_CONTEXT(2) 
PARAMETRIC_REPRESENTATION_CONTEXT() REPRESENTATION_CONTEXT('2D SPACE',''
  ) );
#3655 = PCURVE('',#3536,#3656);
#3656 = DEFINITIONAL_REPRESENTATION('',(#3657),#3661);
#3657 = LINE('',#3658,#3659);
#3658 = CARTESIAN_POINT('',(0.,534.55));
#3659 = VECTOR('',#3660,1.);
#3660 = DIRECTION('',(1.,0.));
#3661 = ( GEOMETRIC_REPRESENTATION_CONTEXT(2) 
PARAMETRIC_REPRESENTATION_CONTEXT() REPRESENTATION_CONTEXT('2D SPACE',''
  ) );
#3662 = ORIENTED_EDGE('',*,*,#3663,.T.);
#3663 = EDGE_CURVE('',#3634,#3664,#3666,.T.);
#3664 = VERTEX_POINT('',#3665);
#3665 = CARTESIAN_POINT('',(87.275,206.625,674.74119458007));
#3666 = SURFACE_CURVE('',#3667,(#3671,#3678),.PCURVE_S1.);
#3667 = LINE('',#3668,#3669);
#3668 = CARTESIAN_POINT('',(87.275,-206.625,674.74119458007));
#3669 = VECTOR('',#3670,1.);
#3670 = DIRECTION('',(0.,1.,0.));
#3671 = PCURVE('',#3644,#3672);
#3672 = DEFINITIONAL_REPRESENTATION('',(#3673),#3677);
#3673 = LINE('',#3674,#3675);
#3674 = CARTESIAN_POINT('',(0.,0.));
#3675 = VECTOR('',#3676,1.);
#3676 = DIRECTION('',(0.,-1.));
#3677 = ( GEOMETRIC_REPRESENTATION_CONTEXT(2) 
PARAMETRIC_REPRESENTATION_CONTEXT() REPRESENTATION_CONTEXT('2D SPACE',''
  ) );
#3678 = PCURVE('',#3564,#3679);
#3679 = DEFINITIONAL_REPRESENTATION('',(#3680),#3684);
#3680 = LINE('',#3681,#3682);
#3681 = CARTESIAN_POINT('',(534.55,0.));
#3682 = VECTOR('',#3683,1.);
#3683 = DIRECTION('',(0.,1.));
#3684 = ( GEOMETRIC_REPRESENTATION_CONTEXT(2) 
PARAMETRIC_REPRESENTATION_CONTEXT() REPRESENTATION_CONTEXT('2D SPACE',''
  ) );
#3685 = ORIENTED_EDGE('',*,*,#3686,.T.);
#3686 = EDGE_CURVE('',#3664,#3687,#3689,.T.);
#3687 = VERTEX_POINT('',#3688);
#3688 = CARTESIAN_POINT('',(87.275,206.625,855.04119458007));
#3689 = SURFACE_CURVE('',#3690,(#3694,#3701),.PCURVE_S1.);
#3690 = LINE('',#3691,#3692);
#3691 = CARTESIAN_POINT('',(87.275,206.625,674.74119458007));
#3692 = VECTOR('',#3693,1.);
#3693 = DIRECTION('',(0.,0.,1.));
#3694 = PCURVE('',#3644,#3695);
#3695 = DEFINITIONAL_REPRESENTATION('',(#3696),#3700);
#3696 = LINE('',#3697,#3698);
#3697 = CARTESIAN_POINT('',(0.,-413.25));
#3698 = VECTOR('',#3699,1.);
#3699 = DIRECTION('',(1.,0.));
#3700 = ( GEOMETRIC_REPRESENTATION_CONTEXT(2) 
PARAMETRIC_REPRESENTATION_CONTEXT() REPRESENTATION_CONTEXT('2D SPACE',''
  ) );
#3701 = PCURVE('',#3592,#3702);
#3702 = DEFINITIONAL_REPRESENTATION('',(#3703),#3707);
#3703 = LINE('',#3704,#3705);
#3704 = CARTESIAN_POINT('',(0.,534.55));
#3705 = VECTOR('',#3706,1.);
#3706 = DIRECTION('',(1.,0.));
#3707 = ( GEOMETRIC_REPRESENTATION_CONTEXT(2) 
PARAMETRIC_REPRESENTATION_CONTEXT() REPRESENTATION_CONTEXT('2D SPACE',''
  ) );
#3708 = ORIENTED_EDGE('',*,*,#3709,.F.);
#3709 = EDGE_CURVE('',#3636,#3687,#3710,.T.);
#3710 = SURFACE_CURVE('',#3711,(#3715,#3722),.PCURVE_S1.);
#3711 = LINE('',#3712,#3713);
#3712 = CARTESIAN_POINT('',(87.275,-206.625,855.04119458007));
#3713 = VECTOR('',#3714,1.);
#3714 = DIRECTION('',(0.,1.,0.));
#3715 = PCURVE('',#3644,#3716);
#3716 = DEFINITIONAL_REPRESENTATION('',(#3717),#3721);
#3717 = LINE('',#3718,#3719);
#3718 = CARTESIAN_POINT('',(180.3,0.));
#3719 = VECTOR('',#3720,1.);
#3720 = DIRECTION('',(0.,-1.));
#3721 = ( GEOMETRIC_REPRESENTATION_CONTEXT(2) 
PARAMETRIC_REPRESENTATION_CONTEXT() REPRESENTATION_CONTEXT('2D SPACE',''
  ) );
#3722 = PCURVE('',#3618,#3723);
#3723 = DEFINITIONAL_REPRESENTATION('',(#3724),#3728);
#3724 = LINE('',#3725,#3726);
#3725 = CARTESIAN_POINT('',(534.55,0.));
#3726 = VECTOR('',#3727,1.);
#3727 = DIRECTION('',(0.,1.));
#3728 = ( GEOMETRIC_REPRESENTATION_CONTEXT(2) 
PARAMETRIC_REPRESENTATION_CONTEXT() REPRESENTATION_CONTEXT('2D SPACE',''
  ) );
#3729 = ADVANCED_FACE('',(#3730),#3536,.F.);
#3730 = FACE_BOUND('',#3731,.F.);
#3731 = EDGE_LOOP('',(#3732,#3753,#3754,#3775));
#3732 = ORIENTED_EDGE('',*,*,#3733,.F.);
#3733 = EDGE_CURVE('',#3514,#3634,#3734,.T.);
#3734 = SURFACE_CURVE('',#3735,(#3739,#3746),.PCURVE_S1.);
#3735 = LINE('',#3736,#3737);
#3736 = CARTESIAN_POINT('',(-447.275,-206.625,674.74119458007));
#3737 = VECTOR('',#3738,1.);
#3738 = DIRECTION('',(1.,0.,0.));
#3739 = PCURVE('',#3536,#3740);
#3740 = DEFINITIONAL_REPRESENTATION('',(#3741),#3745);
#3741 = LINE('',#3742,#3743);
#3742 = CARTESIAN_POINT('',(0.,0.));
#3743 = VECTOR('',#3744,1.);
#3744 = DIRECTION('',(0.,1.));
#3745 = ( GEOMETRIC_REPRESENTATION_CONTEXT(2) 
PARAMETRIC_REPRESENTATION_CONTEXT() REPRESENTATION_CONTEXT('2D SPACE',''
  ) );
#3746 = PCURVE('',#3564,#3747);
#3747 = DEFINITIONAL_REPRESENTATION('',(#3748),#3752);
#3748 = LINE('',#3749,#3750);
#3749 = CARTESIAN_POINT('',(0.,0.));
#3750 = VECTOR('',#3751,1.);
#3751 = DIRECTION('',(1.,0.));
#3752 = ( GEOMETRIC_REPRESENTATION_CONTEXT(2) 
PARAMETRIC_REPRESENTATION_CONTEXT() REPRESENTATION_CONTEXT('2D SPACE',''
  ) );
#3753 = ORIENTED_EDGE('',*,*,#3513,.T.);
#3754 = ORIENTED_EDGE('',*,*,#3755,.T.);
#3755 = EDGE_CURVE('',#3516,#3636,#3756,.T.);
#3756 = SURFACE_CURVE('',#3757,(#3761,#3768),.PCURVE_S1.);
#3757 = LINE('',#3758,#3759);
#3758 = CARTESIAN_POINT('',(-447.275,-206.625,855.04119458007));
#3759 = VECTOR('',#3760,1.);
#3760 = DIRECTION('',(1.,0.,0.));
#3761 = PCURVE('',#3536,#3762);
#3762 = DEFINITIONAL_REPRESENTATION('',(#3763),#3767);
#3763 = LINE('',#3764,#3765);
#3764 = CARTESIAN_POINT('',(180.3,0.));
#3765 = VECTOR('',#3766,1.);
#3766 = DIRECTION('',(0.,1.));
#3767 = ( GEOMETRIC_REPRESENTATION_CONTEXT(2) 
PARAMETRIC_REPRESENTATION_CONTEXT() REPRESENTATION_CONTEXT('2D SPACE',''
  ) );
#3768 = PCURVE('',#3618,#3769);
#3769 = DEFINITIONAL_REPRESENTATION('',(#3770),#3774);
#3770 = LINE('',#3771,#3772);
#3771 = CARTESIAN_POINT('',(0.,0.));
#3772 = VECTOR('',#3773,1.);
#3773 = DIRECTION('',(1.,0.));
#3774 = ( GEOMETRIC_REPRESENTATION_CONTEXT(2) 
PARAMETRIC_REPRESENTATION_CONTEXT() REPRESENTATION_CONTEXT('2D SPACE',''
  ) );
#3775 = ORIENTED_EDGE('',*,*,#3633,.F.);
#3776 = ADVANCED_FACE('',(#3777),#3592,.T.);
#3777 = FACE_BOUND('',#3778,.T.);
#3778 = EDGE_LOOP('',(#3779,#3800,#3801,#3822));
#3779 = ORIENTED_EDGE('',*,*,#3780,.F.);
#3780 = EDGE_CURVE('',#3549,#3664,#3781,.T.);
#3781 = SURFACE_CURVE('',#3782,(#3786,#3793),.PCURVE_S1.);
#3782 = LINE('',#3783,#3784);
#3783 = CARTESIAN_POINT('',(-447.275,206.625,674.74119458007));
#3784 = VECTOR('',#3785,1.);
#3785 = DIRECTION('',(1.,0.,0.));
#3786 = PCURVE('',#3592,#3787);
#3787 = DEFINITIONAL_REPRESENTATION('',(#3788),#3792);
#3788 = LINE('',#3789,#3790);
#3789 = CARTESIAN_POINT('',(0.,0.));
#3790 = VECTOR('',#3791,1.);
#3791 = DIRECTION('',(0.,1.));
#3792 = ( GEOMETRIC_REPRESENTATION_CONTEXT(2) 
PARAMETRIC_REPRESENTATION_CONTEXT() REPRESENTATION_CONTEXT('2D SPACE',''
  ) );
#3793 = PCURVE('',#3564,#3794);
#3794 = DEFINITIONAL_REPRESENTATION('',(#3795),#3799);
#3795 = LINE('',#3796,#3797);
#3796 = CARTESIAN_POINT('',(0.,413.25));
#3797 = VECTOR('',#3798,1.);
#3798 = DIRECTION('',(1.,0.));
#3799 = ( GEOMETRIC_REPRESENTATION_CONTEXT(2) 
PARAMETRIC_REPRESENTATION_CONTEXT() REPRESENTATION_CONTEXT('2D SPACE',''
  ) );
#3800 = ORIENTED_EDGE('',*,*,#3576,.T.);
#3801 = ORIENTED_EDGE('',*,*,#3802,.T.);
#3802 = EDGE_CURVE('',#3577,#3687,#3803,.T.);
#3803 = SURFACE_CURVE('',#3804,(#3808,#3815),.PCURVE_S1.);
#3804 = LINE('',#3805,#3806);
#3805 = CARTESIAN_POINT('',(-447.275,206.625,855.04119458007));
#3806 = VECTOR('',#3807,1.);
#3807 = DIRECTION('',(1.,0.,0.));
#3808 = PCURVE('',#3592,#3809);
#3809 = DEFINITIONAL_REPRESENTATION('',(#3810),#3814);
#3810 = LINE('',#3811,#3812);
#3811 = CARTESIAN_POINT('',(180.3,0.));
#3812 = VECTOR('',#3813,1.);
#3813 = DIRECTION('',(0.,1.));
#3814 = ( GEOMETRIC_REPRESENTATION_CONTEXT(2) 
PARAMETRIC_REPRESENTATION_CONTEXT() REPRESENTATION_CONTEXT('2D SPACE',''
  ) );
#3815 = PCURVE('',#3618,#3816);
#3816 = DEFINITIONAL_REPRESENTATION('',(#3817),#3821);
#3817 = LINE('',#3818,#3819);
#3818 = CARTESIAN_POINT('',(0.,413.25));
#3819 = VECTOR('',#3820,1.);
#3820 = DIRECTION('',(1.,0.));
#3821 = ( GEOMETRIC_REPRESENTATION_CONTEXT(2) 
PARAMETRIC_REPRESENTATION_CONTEXT() REPRESENTATION_CONTEXT('2D SPACE',''
  ) );
#3822 = ORIENTED_EDGE('',*,*,#3686,.F.);
#3823 = ADVANCED_FACE('',(#3824),#3564,.F.);
#3824 = FACE_BOUND('',#3825,.F.);
#3825 = EDGE_LOOP('',(#3826,#3827,#3828,#3829));
#3826 = ORIENTED_EDGE('',*,*,#3548,.F.);
#3827 = ORIENTED_EDGE('',*,*,#3733,.T.);
#3828 = ORIENTED_EDGE('',*,*,#3663,.T.);
#3829 = ORIENTED_EDGE('',*,*,#3780,.F.);
#3830 = ADVANCED_FACE('',(#3831),#3618,.T.);
#3831 = FACE_BOUND('',#3832,.T.);
#3832 = EDGE_LOOP('',(#3833,#3834,#3835,#3836));
#3833 = ORIENTED_EDGE('',*,*,#3604,.F.);
#3834 = ORIENTED_EDGE('',*,*,#3755,.T.);
#3835 = ORIENTED_EDGE('',*,*,#3709,.T.);
#3836 = ORIENTED_EDGE('',*,*,#3802,.F.);
#3837 = ( GEOMETRIC_REPRESENTATION_CONTEXT(3) 
GLOBAL_UNCERTAINTY_ASSIGNED_CONTEXT((#3841)) 
GLOBAL_UNIT_ASSIGNED_CONTEXT((#3838,#3839,#3840)) REPRESENTATION_CONTEXT
('Context #1','3D Context with UNIT and UNCERTAINTY') );
#3838 = ( LENGTH_UNIT() NAMED_UNIT(*) SI_UNIT(.MILLI.,.METRE.) );
#3839 = ( NAMED_UNIT(*) PLANE_ANGLE_UNIT() SI_UNIT($,.RADIAN.) );
#3840 = ( NAMED_UNIT(*) SI_UNIT($,.STERADIAN.) SOLID_ANGLE_UNIT() );
#3841 = UNCERTAINTY_MEASURE_WITH_UNIT(LENGTH_MEASURE(1.E-07),#3838,
  'distance_accuracy_value','confusion accuracy');
#3842 = CONTEXT_DEPENDENT_SHAPE_REPRESENTATION(#3843,#3845);
#3843 = ( REPRESENTATION_RELATIONSHIP('','',#3506,#10) 
REPRESENTATION_RELATIONSHIP_WITH_TRANSFORMATION(#3844) 
SHAPE_REPRESENTATION_RELATIONSHIP() );
#3844 = ITEM_DEFINED_TRANSFORMATION('','',#11,#55);
#3845 = PRODUCT_DEFINITION_SHAPE('Placement','Placement of an item',
  #3846);
#3846 = NEXT_ASSEMBLY_USAGE_OCCURRENCE('11','POWERTRAIN_HV/battery_pack'
  ,'',#5,#3501,$);
#3847 = PRODUCT_RELATED_PRODUCT_CATEGORY('part',$,(#3503));
#3848 = SHAPE_DEFINITION_REPRESENTATION(#3849,#3855);
#3849 = PRODUCT_DEFINITION_SHAPE('','',#3850);
#3850 = PRODUCT_DEFINITION('design','',#3851,#3854);
#3851 = PRODUCT_DEFINITION_FORMATION('','',#3852);
#3852 = PRODUCT('POWERTRAIN_HV/pdu','POWERTRAIN_HV/pdu','',(#3853));
#3853 = PRODUCT_CONTEXT('',#2,'mechanical');
#3854 = PRODUCT_DEFINITION_CONTEXT('part definition',#2,'design');
#3855 = ADVANCED_BREP_SHAPE_REPRESENTATION('',(#11,#3856),#4186);
#3856 = MANIFOLD_SOLID_BREP('',#3857);
#3857 = CLOSED_SHELL('',(#3858,#3978,#4078,#4125,#4172,#4179));
#3858 = ADVANCED_FACE('',(#3859),#3873,.F.);
#3859 = FACE_BOUND('',#3860,.F.);
#3860 = EDGE_LOOP('',(#3861,#3896,#3924,#3952));
#3861 = ORIENTED_EDGE('',*,*,#3862,.F.);
#3862 = EDGE_CURVE('',#3863,#3865,#3867,.T.);
#3863 = VERTEX_POINT('',#3864);
#3864 = CARTESIAN_POINT('',(-791.275,-240.,642.22788870239));
#3865 = VERTEX_POINT('',#3866);
#3866 = CARTESIAN_POINT('',(-791.275,-240.,757.22788870239));
#3867 = SURFACE_CURVE('',#3868,(#3872,#3884),.PCURVE_S1.);
#3868 = LINE('',#3869,#3870);
#3869 = CARTESIAN_POINT('',(-791.275,-240.,642.22788870239));
#3870 = VECTOR('',#3871,1.);
#3871 = DIRECTION('',(0.,0.,1.));
#3872 = PCURVE('',#3873,#3878);
#3873 = PLANE('',#3874);
#3874 = AXIS2_PLACEMENT_3D('',#3875,#3876,#3877);
#3875 = CARTESIAN_POINT('',(-791.275,-240.,642.22788870239));
#3876 = DIRECTION('',(1.,0.,0.));
#3877 = DIRECTION('',(0.,0.,1.));
#3878 = DEFINITIONAL_REPRESENTATION('',(#3879),#3883);
#3879 = LINE('',#3880,#3881);
#3880 = CARTESIAN_POINT('',(0.,0.));
#3881 = VECTOR('',#3882,1.);
#3882 = DIRECTION('',(1.,0.));
#3883 = ( GEOMETRIC_REPRESENTATION_CONTEXT(2) 
PARAMETRIC_REPRESENTATION_CONTEXT() REPRESENTATION_CONTEXT('2D SPACE',''
  ) );
#3884 = PCURVE('',#3885,#3890);
#3885 = PLANE('',#3886);
#3886 = AXIS2_PLACEMENT_3D('',#3887,#3888,#3889);
#3887 = CARTESIAN_POINT('',(-791.275,-240.,642.22788870239));
#3888 = DIRECTION('',(0.,1.,0.));
#3889 = DIRECTION('',(0.,0.,1.));
#3890 = DEFINITIONAL_REPRESENTATION('',(#3891),#3895);
#3891 = LINE('',#3892,#3893);
#3892 = CARTESIAN_POINT('',(0.,0.));
#3893 = VECTOR('',#3894,1.);
#3894 = DIRECTION('',(1.,0.));
#3895 = ( GEOMETRIC_REPRESENTATION_CONTEXT(2) 
PARAMETRIC_REPRESENTATION_CONTEXT() REPRESENTATION_CONTEXT('2D SPACE',''
  ) );
#3896 = ORIENTED_EDGE('',*,*,#3897,.T.);
#3897 = EDGE_CURVE('',#3863,#3898,#3900,.T.);
#3898 = VERTEX_POINT('',#3899);
#3899 = CARTESIAN_POINT('',(-791.275,-40.,642.22788870239));
#3900 = SURFACE_CURVE('',#3901,(#3905,#3912),.PCURVE_S1.);
#3901 = LINE('',#3902,#3903);
#3902 = CARTESIAN_POINT('',(-791.275,-240.,642.22788870239));
#3903 = VECTOR('',#3904,1.);
#3904 = DIRECTION('',(0.,1.,0.));
#3905 = PCURVE('',#3873,#3906);
#3906 = DEFINITIONAL_REPRESENTATION('',(#3907),#3911);
#3907 = LINE('',#3908,#3909);
#3908 = CARTESIAN_POINT('',(0.,0.));
#3909 = VECTOR('',#3910,1.);
#3910 = DIRECTION('',(0.,-1.));
#3911 = ( GEOMETRIC_REPRESENTATION_CONTEXT(2) 
PARAMETRIC_REPRESENTATION_CONTEXT() REPRESENTATION_CONTEXT('2D SPACE',''
  ) );
#3912 = PCURVE('',#3913,#3918);
#3913 = PLANE('',#3914);
#3914 = AXIS2_PLACEMENT_3D('',#3915,#3916,#3917);
#3915 = CARTESIAN_POINT('',(-791.275,-240.,642.22788870239));
#3916 = DIRECTION('',(0.,0.,1.));
#3917 = DIRECTION('',(1.,0.,0.));
#3918 = DEFINITIONAL_REPRESENTATION('',(#3919),#3923);
#3919 = LINE('',#3920,#3921);
#3920 = CARTESIAN_POINT('',(0.,0.));
#3921 = VECTOR('',#3922,1.);
#3922 = DIRECTION('',(0.,1.));
#3923 = ( GEOMETRIC_REPRESENTATION_CONTEXT(2) 
PARAMETRIC_REPRESENTATION_CONTEXT() REPRESENTATION_CONTEXT('2D SPACE',''
  ) );
#3924 = ORIENTED_EDGE('',*,*,#3925,.T.);
#3925 = EDGE_CURVE('',#3898,#3926,#3928,.T.);
#3926 = VERTEX_POINT('',#3927);
#3927 = CARTESIAN_POINT('',(-791.275,-40.,757.22788870239));
#3928 = SURFACE_CURVE('',#3929,(#3933,#3940),.PCURVE_S1.);
#3929 = LINE('',#3930,#3931);
#3930 = CARTESIAN_POINT('',(-791.275,-40.,642.22788870239));
#3931 = VECTOR('',#3932,1.);
#3932 = DIRECTION('',(0.,0.,1.));
#3933 = PCURVE('',#3873,#3934);
#3934 = DEFINITIONAL_REPRESENTATION('',(#3935),#3939);
#3935 = LINE('',#3936,#3937);
#3936 = CARTESIAN_POINT('',(0.,-200.));
#3937 = VECTOR('',#3938,1.);
#3938 = DIRECTION('',(1.,0.));
#3939 = ( GEOMETRIC_REPRESENTATION_CONTEXT(2) 
PARAMETRIC_REPRESENTATION_CONTEXT() REPRESENTATION_CONTEXT('2D SPACE',''
  ) );
#3940 = PCURVE('',#3941,#3946);
#3941 = PLANE('',#3942);
#3942 = AXIS2_PLACEMENT_3D('',#3943,#3944,#3945);
#3943 = CARTESIAN_POINT('',(-791.275,-40.,642.22788870239));
#3944 = DIRECTION('',(0.,1.,0.));
#3945 = DIRECTION('',(0.,0.,1.));
#3946 = DEFINITIONAL_REPRESENTATION('',(#3947),#3951);
#3947 = LINE('',#3948,#3949);
#3948 = CARTESIAN_POINT('',(0.,0.));
#3949 = VECTOR('',#3950,1.);
#3950 = DIRECTION('',(1.,0.));
#3951 = ( GEOMETRIC_REPRESENTATION_CONTEXT(2) 
PARAMETRIC_REPRESENTATION_CONTEXT() REPRESENTATION_CONTEXT('2D SPACE',''
  ) );
#3952 = ORIENTED_EDGE('',*,*,#3953,.F.);
#3953 = EDGE_CURVE('',#3865,#3926,#3954,.T.);
#3954 = SURFACE_CURVE('',#3955,(#3959,#3966),.PCURVE_S1.);
#3955 = LINE('',#3956,#3957);
#3956 = CARTESIAN_POINT('',(-791.275,-240.,757.22788870239));
#3957 = VECTOR('',#3958,1.);
#3958 = DIRECTION('',(0.,1.,0.));
#3959 = PCURVE('',#3873,#3960);
#3960 = DEFINITIONAL_REPRESENTATION('',(#3961),#3965);
#3961 = LINE('',#3962,#3963);
#3962 = CARTESIAN_POINT('',(115.,0.));
#3963 = VECTOR('',#3964,1.);
#3964 = DIRECTION('',(0.,-1.));
#3965 = ( GEOMETRIC_REPRESENTATION_CONTEXT(2) 
PARAMETRIC_REPRESENTATION_CONTEXT() REPRESENTATION_CONTEXT('2D SPACE',''
  ) );
#3966 = PCURVE('',#3967,#3972);
#3967 = PLANE('',#3968);
#3968 = AXIS2_PLACEMENT_3D('',#3969,#3970,#3971);
#3969 = CARTESIAN_POINT('',(-791.275,-240.,757.22788870239));
#3970 = DIRECTION('',(0.,0.,1.));
#3971 = DIRECTION('',(1.,0.,0.));
#3972 = DEFINITIONAL_REPRESENTATION('',(#3973),#3977);
#3973 = LINE('',#3974,#3975);
#3974 = CARTESIAN_POINT('',(0.,0.));
#3975 = VECTOR('',#3976,1.);
#3976 = DIRECTION('',(0.,1.));
#3977 = ( GEOMETRIC_REPRESENTATION_CONTEXT(2) 
PARAMETRIC_REPRESENTATION_CONTEXT() REPRESENTATION_CONTEXT('2D SPACE',''
  ) );
#3978 = ADVANCED_FACE('',(#3979),#3993,.T.);
#3979 = FACE_BOUND('',#3980,.T.);
#3980 = EDGE_LOOP('',(#3981,#4011,#4034,#4057));
#3981 = ORIENTED_EDGE('',*,*,#3982,.F.);
#3982 = EDGE_CURVE('',#3983,#3985,#3987,.T.);
#3983 = VERTEX_POINT('',#3984);
#3984 = CARTESIAN_POINT('',(-491.275,-240.,642.22788870239));
#3985 = VERTEX_POINT('',#3986);
#3986 = CARTESIAN_POINT('',(-491.275,-240.,757.22788870239));
#3987 = SURFACE_CURVE('',#3988,(#3992,#4004),.PCURVE_S1.);
#3988 = LINE('',#3989,#3990);
#3989 = CARTESIAN_POINT('',(-491.275,-240.,642.22788870239));
#3990 = VECTOR('',#3991,1.);
#3991 = DIRECTION('',(0.,0.,1.));
#3992 = PCURVE('',#3993,#3998);
#3993 = PLANE('',#3994);
#3994 = AXIS2_PLACEMENT_3D('',#3995,#3996,#3997);
#3995 = CARTESIAN_POINT('',(-491.275,-240.,642.22788870239));
#3996 = DIRECTION('',(1.,0.,0.));
#3997 = DIRECTION('',(0.,0.,1.));
#3998 = DEFINITIONAL_REPRESENTATION('',(#3999),#4003);
#3999 = LINE('',#4000,#4001);
#4000 = CARTESIAN_POINT('',(0.,0.));
#4001 = VECTOR('',#4002,1.);
#4002 = DIRECTION('',(1.,0.));
#4003 = ( GEOMETRIC_REPRESENTATION_CONTEXT(2) 
PARAMETRIC_REPRESENTATION_CONTEXT() REPRESENTATION_CONTEXT('2D SPACE',''
  ) );
#4004 = PCURVE('',#3885,#4005);
#4005 = DEFINITIONAL_REPRESENTATION('',(#4006),#4010);
#4006 = LINE('',#4007,#4008);
#4007 = CARTESIAN_POINT('',(0.,300.));
#4008 = VECTOR('',#4009,1.);
#4009 = DIRECTION('',(1.,0.));
#4010 = ( GEOMETRIC_REPRESENTATION_CONTEXT(2) 
PARAMETRIC_REPRESENTATION_CONTEXT() REPRESENTATION_CONTEXT('2D SPACE',''
  ) );
#4011 = ORIENTED_EDGE('',*,*,#4012,.T.);
#4012 = EDGE_CURVE('',#3983,#4013,#4015,.T.);
#4013 = VERTEX_POINT('',#4014);
#4014 = CARTESIAN_POINT('',(-491.275,-40.,642.22788870239));
#4015 = SURFACE_CURVE('',#4016,(#4020,#4027),.PCURVE_S1.);
#4016 = LINE('',#4017,#4018);
#4017 = CARTESIAN_POINT('',(-491.275,-240.,642.22788870239));
#4018 = VECTOR('',#4019,1.);
#4019 = DIRECTION('',(0.,1.,0.));
#4020 = PCURVE('',#3993,#4021);
#4021 = DEFINITIONAL_REPRESENTATION('',(#4022),#4026);
#4022 = LINE('',#4023,#4024);
#4023 = CARTESIAN_POINT('',(0.,0.));
#4024 = VECTOR('',#4025,1.);
#4025 = DIRECTION('',(0.,-1.));
#4026 = ( GEOMETRIC_REPRESENTATION_CONTEXT(2) 
PARAMETRIC_REPRESENTATION_CONTEXT() REPRESENTATION_CONTEXT('2D SPACE',''
  ) );
#4027 = PCURVE('',#3913,#4028);
#4028 = DEFINITIONAL_REPRESENTATION('',(#4029),#4033);
#4029 = LINE('',#4030,#4031);
#4030 = CARTESIAN_POINT('',(300.,0.));
#4031 = VECTOR('',#4032,1.);
#4032 = DIRECTION('',(0.,1.));
#4033 = ( GEOMETRIC_REPRESENTATION_CONTEXT(2) 
PARAMETRIC_REPRESENTATION_CONTEXT() REPRESENTATION_CONTEXT('2D SPACE',''
  ) );
#4034 = ORIENTED_EDGE('',*,*,#4035,.T.);
#4035 = EDGE_CURVE('',#4013,#4036,#4038,.T.);
#4036 = VERTEX_POINT('',#4037);
#4037 = CARTESIAN_POINT('',(-491.275,-40.,757.22788870239));
#4038 = SURFACE_CURVE('',#4039,(#4043,#4050),.PCURVE_S1.);
#4039 = LINE('',#4040,#4041);
#4040 = CARTESIAN_POINT('',(-491.275,-40.,642.22788870239));
#4041 = VECTOR('',#4042,1.);
#4042 = DIRECTION('',(0.,0.,1.));
#4043 = PCURVE('',#3993,#4044);
#4044 = DEFINITIONAL_REPRESENTATION('',(#4045),#4049);
#4045 = LINE('',#4046,#4047);
#4046 = CARTESIAN_POINT('',(0.,-200.));
#4047 = VECTOR('',#4048,1.);
#4048 = DIRECTION('',(1.,0.));
#4049 = ( GEOMETRIC_REPRESENTATION_CONTEXT(2) 
PARAMETRIC_REPRESENTATION_CONTEXT() REPRESENTATION_CONTEXT('2D SPACE',''
  ) );
#4050 = PCURVE('',#3941,#4051);
#4051 = DEFINITIONAL_REPRESENTATION('',(#4052),#4056);
#4052 = LINE('',#4053,#4054);
#4053 = CARTESIAN_POINT('',(0.,300.));
#4054 = VECTOR('',#4055,1.);
#4055 = DIRECTION('',(1.,0.));
#4056 = ( GEOMETRIC_REPRESENTATION_CONTEXT(2) 
PARAMETRIC_REPRESENTATION_CONTEXT() REPRESENTATION_CONTEXT('2D SPACE',''
  ) );
#4057 = ORIENTED_EDGE('',*,*,#4058,.F.);
#4058 = EDGE_CURVE('',#3985,#4036,#4059,.T.);
#4059 = SURFACE_CURVE('',#4060,(#4064,#4071),.PCURVE_S1.);
#4060 = LINE('',#4061,#4062);
#4061 = CARTESIAN_POINT('',(-491.275,-240.,757.22788870239));
#4062 = VECTOR('',#4063,1.);
#4063 = DIRECTION('',(0.,1.,0.));
#4064 = PCURVE('',#3993,#4065);
#4065 = DEFINITIONAL_REPRESENTATION('',(#4066),#4070);
#4066 = LINE('',#4067,#4068);
#4067 = CARTESIAN_POINT('',(115.,0.));
#4068 = VECTOR('',#4069,1.);
#4069 = DIRECTION('',(0.,-1.));
#4070 = ( GEOMETRIC_REPRESENTATION_CONTEXT(2) 
PARAMETRIC_REPRESENTATION_CONTEXT() REPRESENTATION_CONTEXT('2D SPACE',''
  ) );
#4071 = PCURVE('',#3967,#4072);
#4072 = DEFINITIONAL_REPRESENTATION('',(#4073),#4077);
#4073 = LINE('',#4074,#4075);
#4074 = CARTESIAN_POINT('',(300.,0.));
#4075 = VECTOR('',#4076,1.);
#4076 = DIRECTION('',(0.,1.));
#4077 = ( GEOMETRIC_REPRESENTATION_CONTEXT(2) 
PARAMETRIC_REPRESENTATION_CONTEXT() REPRESENTATION_CONTEXT('2D SPACE',''
  ) );
#4078 = ADVANCED_FACE('',(#4079),#3885,.F.);
#4079 = FACE_BOUND('',#4080,.F.);
#4080 = EDGE_LOOP('',(#4081,#4102,#4103,#4124));
#4081 = ORIENTED_EDGE('',*,*,#4082,.F.);
#4082 = EDGE_CURVE('',#3863,#3983,#4083,.T.);
#4083 = SURFACE_CURVE('',#4084,(#4088,#4095),.PCURVE_S1.);
#4084 = LINE('',#4085,#4086);
#4085 = CARTESIAN_POINT('',(-791.275,-240.,642.22788870239));
#4086 = VECTOR('',#4087,1.);
#4087 = DIRECTION('',(1.,0.,0.));
#4088 = PCURVE('',#3885,#4089);
#4089 = DEFINITIONAL_REPRESENTATION('',(#4090),#4094);
#4090 = LINE('',#4091,#4092);
#4091 = CARTESIAN_POINT('',(0.,0.));
#4092 = VECTOR('',#4093,1.);
#4093 = DIRECTION('',(0.,1.));
#4094 = ( GEOMETRIC_REPRESENTATION_CONTEXT(2) 
PARAMETRIC_REPRESENTATION_CONTEXT() REPRESENTATION_CONTEXT('2D SPACE',''
  ) );
#4095 = PCURVE('',#3913,#4096);
#4096 = DEFINITIONAL_REPRESENTATION('',(#4097),#4101);
#4097 = LINE('',#4098,#4099);
#4098 = CARTESIAN_POINT('',(0.,0.));
#4099 = VECTOR('',#4100,1.);
#4100 = DIRECTION('',(1.,0.));
#4101 = ( GEOMETRIC_REPRESENTATION_CONTEXT(2) 
PARAMETRIC_REPRESENTATION_CONTEXT() REPRESENTATION_CONTEXT('2D SPACE',''
  ) );
#4102 = ORIENTED_EDGE('',*,*,#3862,.T.);
#4103 = ORIENTED_EDGE('',*,*,#4104,.T.);
#4104 = EDGE_CURVE('',#3865,#3985,#4105,.T.);
#4105 = SURFACE_CURVE('',#4106,(#4110,#4117),.PCURVE_S1.);
#4106 = LINE('',#4107,#4108);
#4107 = CARTESIAN_POINT('',(-791.275,-240.,757.22788870239));
#4108 = VECTOR('',#4109,1.);
#4109 = DIRECTION('',(1.,0.,0.));
#4110 = PCURVE('',#3885,#4111);
#4111 = DEFINITIONAL_REPRESENTATION('',(#4112),#4116);
#4112 = LINE('',#4113,#4114);
#4113 = CARTESIAN_POINT('',(115.,0.));
#4114 = VECTOR('',#4115,1.);
#4115 = DIRECTION('',(0.,1.));
#4116 = ( GEOMETRIC_REPRESENTATION_CONTEXT(2) 
PARAMETRIC_REPRESENTATION_CONTEXT() REPRESENTATION_CONTEXT('2D SPACE',''
  ) );
#4117 = PCURVE('',#3967,#4118);
#4118 = DEFINITIONAL_REPRESENTATION('',(#4119),#4123);
#4119 = LINE('',#4120,#4121);
#4120 = CARTESIAN_POINT('',(0.,0.));
#4121 = VECTOR('',#4122,1.);
#4122 = DIRECTION('',(1.,0.));
#4123 = ( GEOMETRIC_REPRESENTATION_CONTEXT(2) 
PARAMETRIC_REPRESENTATION_CONTEXT() REPRESENTATION_CONTEXT('2D SPACE',''
  ) );
#4124 = ORIENTED_EDGE('',*,*,#3982,.F.);
#4125 = ADVANCED_FACE('',(#4126),#3941,.T.);
#4126 = FACE_BOUND('',#4127,.T.);
#4127 = EDGE_LOOP('',(#4128,#4149,#4150,#4171));
#4128 = ORIENTED_EDGE('',*,*,#4129,.F.);
#4129 = EDGE_CURVE('',#3898,#4013,#4130,.T.);
#4130 = SURFACE_CURVE('',#4131,(#4135,#4142),.PCURVE_S1.);
#4131 = LINE('',#4132,#4133);
#4132 = CARTESIAN_POINT('',(-791.275,-40.,642.22788870239));
#4133 = VECTOR('',#4134,1.);
#4134 = DIRECTION('',(1.,0.,0.));
#4135 = PCURVE('',#3941,#4136);
#4136 = DEFINITIONAL_REPRESENTATION('',(#4137),#4141);
#4137 = LINE('',#4138,#4139);
#4138 = CARTESIAN_POINT('',(0.,0.));
#4139 = VECTOR('',#4140,1.);
#4140 = DIRECTION('',(0.,1.));
#4141 = ( GEOMETRIC_REPRESENTATION_CONTEXT(2) 
PARAMETRIC_REPRESENTATION_CONTEXT() REPRESENTATION_CONTEXT('2D SPACE',''
  ) );
#4142 = PCURVE('',#3913,#4143);
#4143 = DEFINITIONAL_REPRESENTATION('',(#4144),#4148);
#4144 = LINE('',#4145,#4146);
#4145 = CARTESIAN_POINT('',(0.,200.));
#4146 = VECTOR('',#4147,1.);
#4147 = DIRECTION('',(1.,0.));
#4148 = ( GEOMETRIC_REPRESENTATION_CONTEXT(2) 
PARAMETRIC_REPRESENTATION_CONTEXT() REPRESENTATION_CONTEXT('2D SPACE',''
  ) );
#4149 = ORIENTED_EDGE('',*,*,#3925,.T.);
#4150 = ORIENTED_EDGE('',*,*,#4151,.T.);
#4151 = EDGE_CURVE('',#3926,#4036,#4152,.T.);
#4152 = SURFACE_CURVE('',#4153,(#4157,#4164),.PCURVE_S1.);
#4153 = LINE('',#4154,#4155);
#4154 = CARTESIAN_POINT('',(-791.275,-40.,757.22788870239));
#4155 = VECTOR('',#4156,1.);
#4156 = DIRECTION('',(1.,0.,0.));
#4157 = PCURVE('',#3941,#4158);
#4158 = DEFINITIONAL_REPRESENTATION('',(#4159),#4163);
#4159 = LINE('',#4160,#4161);
#4160 = CARTESIAN_POINT('',(115.,0.));
#4161 = VECTOR('',#4162,1.);
#4162 = DIRECTION('',(0.,1.));
#4163 = ( GEOMETRIC_REPRESENTATION_CONTEXT(2) 
PARAMETRIC_REPRESENTATION_CONTEXT() REPRESENTATION_CONTEXT('2D SPACE',''
  ) );
#4164 = PCURVE('',#3967,#4165);
#4165 = DEFINITIONAL_REPRESENTATION('',(#4166),#4170);
#4166 = LINE('',#4167,#4168);
#4167 = CARTESIAN_POINT('',(0.,200.));
#4168 = VECTOR('',#4169,1.);
#4169 = DIRECTION('',(1.,0.));
#4170 = ( GEOMETRIC_REPRESENTATION_CONTEXT(2) 
PARAMETRIC_REPRESENTATION_CONTEXT() REPRESENTATION_CONTEXT('2D SPACE',''
  ) );
#4171 = ORIENTED_EDGE('',*,*,#4035,.F.);
#4172 = ADVANCED_FACE('',(#4173),#3913,.F.);
#4173 = FACE_BOUND('',#4174,.F.);
#4174 = EDGE_LOOP('',(#4175,#4176,#4177,#4178));
#4175 = ORIENTED_EDGE('',*,*,#3897,.F.);
#4176 = ORIENTED_EDGE('',*,*,#4082,.T.);
#4177 = ORIENTED_EDGE('',*,*,#4012,.T.);
#4178 = ORIENTED_EDGE('',*,*,#4129,.F.);
#4179 = ADVANCED_FACE('',(#4180),#3967,.T.);
#4180 = FACE_BOUND('',#4181,.T.);
#4181 = EDGE_LOOP('',(#4182,#4183,#4184,#4185));
#4182 = ORIENTED_EDGE('',*,*,#3953,.F.);
#4183 = ORIENTED_EDGE('',*,*,#4104,.T.);
#4184 = ORIENTED_EDGE('',*,*,#4058,.T.);
#4185 = ORIENTED_EDGE('',*,*,#4151,.F.);
#4186 = ( GEOMETRIC_REPRESENTATION_CONTEXT(3) 
GLOBAL_UNCERTAINTY_ASSIGNED_CONTEXT((#4190)) 
GLOBAL_UNIT_ASSIGNED_CONTEXT((#4187,#4188,#4189)) REPRESENTATION_CONTEXT
('Context #1','3D Context with UNIT and UNCERTAINTY') );
#4187 = ( LENGTH_UNIT() NAMED_UNIT(*) SI_UNIT(.MILLI.,.METRE.) );
#4188 = ( NAMED_UNIT(*) PLANE_ANGLE_UNIT() SI_UNIT($,.RADIAN.) );
#4189 = ( NAMED_UNIT(*) SI_UNIT($,.STERADIAN.) SOLID_ANGLE_UNIT() );
#4190 = UNCERTAINTY_MEASURE_WITH_UNIT(LENGTH_MEASURE(1.E-07),#4187,
  'distance_accuracy_value','confusion accuracy');
#4191 = CONTEXT_DEPENDENT_SHAPE_REPRESENTATION(#4192,#4194);
#4192 = ( REPRESENTATION_RELATIONSHIP('','',#3855,#10) 
REPRESENTATION_RELATIONSHIP_WITH_TRANSFORMATION(#4193) 
SHAPE_REPRESENTATION_RELATIONSHIP() );
#4193 = ITEM_DEFINED_TRANSFORMATION('','',#11,#59);
#4194 = PRODUCT_DEFINITION_SHAPE('Placement','Placement of an item',
  #4195);
#4195 = NEXT_ASSEMBLY_USAGE_OCCURRENCE('12','POWERTRAIN_HV/pdu','',#5,
  #3850,$);
#4196 = PRODUCT_RELATED_PRODUCT_CATEGORY('part',$,(#3852));
#4197 = SHAPE_DEFINITION_REPRESENTATION(#4198,#4204);
#4198 = PRODUCT_DEFINITION_SHAPE('','',#4199);
#4199 = PRODUCT_DEFINITION('design','',#4200,#4203);
#4200 = PRODUCT_DEFINITION_FORMATION('','',#4201);
#4201 = PRODUCT('POWERTRAIN_HV/main_contactor',
  'POWERTRAIN_HV/main_contactor','',(#4202));
#4202 = PRODUCT_CONTEXT('',#2,'mechanical');
#4203 = PRODUCT_DEFINITION_CONTEXT('part definition',#2,'design');
#4204 = ADVANCED_BREP_SHAPE_REPRESENTATION('',(#11,#4205),#4535);
#4205 = MANIFOLD_SOLID_BREP('',#4206);
#4206 = CLOSED_SHELL('',(#4207,#4327,#4427,#4474,#4521,#4528));
#4207 = ADVANCED_FACE('',(#4208),#4222,.F.);
#4208 = FACE_BOUND('',#4209,.F.);
#4209 = EDGE_LOOP('',(#4210,#4245,#4273,#4301));
#4210 = ORIENTED_EDGE('',*,*,#4211,.F.);
#4211 = EDGE_CURVE('',#4212,#4214,#4216,.T.);
#4212 = VERTEX_POINT('',#4213);
#4213 = CARTESIAN_POINT('',(-600.275,-176.,653.72788870239));
#4214 = VERTEX_POINT('',#4215);
#4215 = CARTESIAN_POINT('',(-600.275,-176.,745.72788870239));
#4216 = SURFACE_CURVE('',#4217,(#4221,#4233),.PCURVE_S1.);
#4217 = LINE('',#4218,#4219);
#4218 = CARTESIAN_POINT('',(-600.275,-176.,653.72788870239));
#4219 = VECTOR('',#4220,1.);
#4220 = DIRECTION('',(0.,0.,1.));
#4221 = PCURVE('',#4222,#4227);
#4222 = PLANE('',#4223);
#4223 = AXIS2_PLACEMENT_3D('',#4224,#4225,#4226);
#4224 = CARTESIAN_POINT('',(-600.275,-176.,653.72788870239));
#4225 = DIRECTION('',(1.,0.,0.));
#4226 = DIRECTION('',(0.,0.,1.));
#4227 = DEFINITIONAL_REPRESENTATION('',(#4228),#4232);
#4228 = LINE('',#4229,#4230);
#4229 = CARTESIAN_POINT('',(0.,0.));
#4230 = VECTOR('',#4231,1.);
#4231 = DIRECTION('',(1.,0.));
#4232 = ( GEOMETRIC_REPRESENTATION_CONTEXT(2) 
PARAMETRIC_REPRESENTATION_CONTEXT() REPRESENTATION_CONTEXT('2D SPACE',''
  ) );
#4233 = PCURVE('',#4234,#4239);
#4234 = PLANE('',#4235);
#4235 = AXIS2_PLACEMENT_3D('',#4236,#4237,#4238);
#4236 = CARTESIAN_POINT('',(-600.275,-176.,653.72788870239));
#4237 = DIRECTION('',(0.,1.,0.));
#4238 = DIRECTION('',(0.,0.,1.));
#4239 = DEFINITIONAL_REPRESENTATION('',(#4240),#4244);
#4240 = LINE('',#4241,#4242);
#4241 = CARTESIAN_POINT('',(0.,0.));
#4242 = VECTOR('',#4243,1.);
#4243 = DIRECTION('',(1.,0.));
#4244 = ( GEOMETRIC_REPRESENTATION_CONTEXT(2) 
PARAMETRIC_REPRESENTATION_CONTEXT() REPRESENTATION_CONTEXT('2D SPACE',''
  ) );
#4245 = ORIENTED_EDGE('',*,*,#4246,.T.);
#4246 = EDGE_CURVE('',#4212,#4247,#4249,.T.);
#4247 = VERTEX_POINT('',#4248);
#4248 = CARTESIAN_POINT('',(-600.275,-104.,653.72788870239));
#4249 = SURFACE_CURVE('',#4250,(#4254,#4261),.PCURVE_S1.);
#4250 = LINE('',#4251,#4252);
#4251 = CARTESIAN_POINT('',(-600.275,-176.,653.72788870239));
#4252 = VECTOR('',#4253,1.);
#4253 = DIRECTION('',(0.,1.,0.));
#4254 = PCURVE('',#4222,#4255);
#4255 = DEFINITIONAL_REPRESENTATION('',(#4256),#4260);
#4256 = LINE('',#4257,#4258);
#4257 = CARTESIAN_POINT('',(0.,0.));
#4258 = VECTOR('',#4259,1.);
#4259 = DIRECTION('',(0.,-1.));
#4260 = ( GEOMETRIC_REPRESENTATION_CONTEXT(2) 
PARAMETRIC_REPRESENTATION_CONTEXT() REPRESENTATION_CONTEXT('2D SPACE',''
  ) );
#4261 = PCURVE('',#4262,#4267);
#4262 = PLANE('',#4263);
#4263 = AXIS2_PLACEMENT_3D('',#4264,#4265,#4266);
#4264 = CARTESIAN_POINT('',(-600.275,-176.,653.72788870239));
#4265 = DIRECTION('',(0.,0.,1.));
#4266 = DIRECTION('',(1.,0.,0.));
#4267 = DEFINITIONAL_REPRESENTATION('',(#4268),#4272);
#4268 = LINE('',#4269,#4270);
#4269 = CARTESIAN_POINT('',(0.,0.));
#4270 = VECTOR('',#4271,1.);
#4271 = DIRECTION('',(0.,1.));
#4272 = ( GEOMETRIC_REPRESENTATION_CONTEXT(2) 
PARAMETRIC_REPRESENTATION_CONTEXT() REPRESENTATION_CONTEXT('2D SPACE',''
  ) );
#4273 = ORIENTED_EDGE('',*,*,#4274,.T.);
#4274 = EDGE_CURVE('',#4247,#4275,#4277,.T.);
#4275 = VERTEX_POINT('',#4276);
#4276 = CARTESIAN_POINT('',(-600.275,-104.,745.72788870239));
#4277 = SURFACE_CURVE('',#4278,(#4282,#4289),.PCURVE_S1.);
#4278 = LINE('',#4279,#4280);
#4279 = CARTESIAN_POINT('',(-600.275,-104.,653.72788870239));
#4280 = VECTOR('',#4281,1.);
#4281 = DIRECTION('',(0.,0.,1.));
#4282 = PCURVE('',#4222,#4283);
#4283 = DEFINITIONAL_REPRESENTATION('',(#4284),#4288);
#4284 = LINE('',#4285,#4286);
#4285 = CARTESIAN_POINT('',(0.,-72.));
#4286 = VECTOR('',#4287,1.);
#4287 = DIRECTION('',(1.,0.));
#4288 = ( GEOMETRIC_REPRESENTATION_CONTEXT(2) 
PARAMETRIC_REPRESENTATION_CONTEXT() REPRESENTATION_CONTEXT('2D SPACE',''
  ) );
#4289 = PCURVE('',#4290,#4295);
#4290 = PLANE('',#4291);
#4291 = AXIS2_PLACEMENT_3D('',#4292,#4293,#4294);
#4292 = CARTESIAN_POINT('',(-600.275,-104.,653.72788870239));
#4293 = DIRECTION('',(0.,1.,0.));
#4294 = DIRECTION('',(0.,0.,1.));
#4295 = DEFINITIONAL_REPRESENTATION('',(#4296),#4300);
#4296 = LINE('',#4297,#4298);
#4297 = CARTESIAN_POINT('',(0.,0.));
#4298 = VECTOR('',#4299,1.);
#4299 = DIRECTION('',(1.,0.));
#4300 = ( GEOMETRIC_REPRESENTATION_CONTEXT(2) 
PARAMETRIC_REPRESENTATION_CONTEXT() REPRESENTATION_CONTEXT('2D SPACE',''
  ) );
#4301 = ORIENTED_EDGE('',*,*,#4302,.F.);
#4302 = EDGE_CURVE('',#4214,#4275,#4303,.T.);
#4303 = SURFACE_CURVE('',#4304,(#4308,#4315),.PCURVE_S1.);
#4304 = LINE('',#4305,#4306);
#4305 = CARTESIAN_POINT('',(-600.275,-176.,745.72788870239));
#4306 = VECTOR('',#4307,1.);
#4307 = DIRECTION('',(0.,1.,0.));
#4308 = PCURVE('',#4222,#4309);
#4309 = DEFINITIONAL_REPRESENTATION('',(#4310),#4314);
#4310 = LINE('',#4311,#4312);
#4311 = CARTESIAN_POINT('',(92.,0.));
#4312 = VECTOR('',#4313,1.);
#4313 = DIRECTION('',(0.,-1.));
#4314 = ( GEOMETRIC_REPRESENTATION_CONTEXT(2) 
PARAMETRIC_REPRESENTATION_CONTEXT() REPRESENTATION_CONTEXT('2D SPACE',''
  ) );
#4315 = PCURVE('',#4316,#4321);
#4316 = PLANE('',#4317);
#4317 = AXIS2_PLACEMENT_3D('',#4318,#4319,#4320);
#4318 = CARTESIAN_POINT('',(-600.275,-176.,745.72788870239));
#4319 = DIRECTION('',(0.,0.,1.));
#4320 = DIRECTION('',(1.,0.,0.));
#4321 = DEFINITIONAL_REPRESENTATION('',(#4322),#4326);
#4322 = LINE('',#4323,#4324);
#4323 = CARTESIAN_POINT('',(0.,0.));
#4324 = VECTOR('',#4325,1.);
#4325 = DIRECTION('',(0.,1.));
#4326 = ( GEOMETRIC_REPRESENTATION_CONTEXT(2) 
PARAMETRIC_REPRESENTATION_CONTEXT() REPRESENTATION_CONTEXT('2D SPACE',''
  ) );
#4327 = ADVANCED_FACE('',(#4328),#4342,.T.);
#4328 = FACE_BOUND('',#4329,.T.);
#4329 = EDGE_LOOP('',(#4330,#4360,#4383,#4406));
#4330 = ORIENTED_EDGE('',*,*,#4331,.F.);
#4331 = EDGE_CURVE('',#4332,#4334,#4336,.T.);
#4332 = VERTEX_POINT('',#4333);
#4333 = CARTESIAN_POINT('',(-514.275,-176.,653.72788870239));
#4334 = VERTEX_POINT('',#4335);
#4335 = CARTESIAN_POINT('',(-514.275,-176.,745.72788870239));
#4336 = SURFACE_CURVE('',#4337,(#4341,#4353),.PCURVE_S1.);
#4337 = LINE('',#4338,#4339);
#4338 = CARTESIAN_POINT('',(-514.275,-176.,653.72788870239));
#4339 = VECTOR('',#4340,1.);
#4340 = DIRECTION('',(0.,0.,1.));
#4341 = PCURVE('',#4342,#4347);
#4342 = PLANE('',#4343);
#4343 = AXIS2_PLACEMENT_3D('',#4344,#4345,#4346);
#4344 = CARTESIAN_POINT('',(-514.275,-176.,653.72788870239));
#4345 = DIRECTION('',(1.,0.,0.));
#4346 = DIRECTION('',(0.,0.,1.));
#4347 = DEFINITIONAL_REPRESENTATION('',(#4348),#4352);
#4348 = LINE('',#4349,#4350);
#4349 = CARTESIAN_POINT('',(0.,0.));
#4350 = VECTOR('',#4351,1.);
#4351 = DIRECTION('',(1.,0.));
#4352 = ( GEOMETRIC_REPRESENTATION_CONTEXT(2) 
PARAMETRIC_REPRESENTATION_CONTEXT() REPRESENTATION_CONTEXT('2D SPACE',''
  ) );
#4353 = PCURVE('',#4234,#4354);
#4354 = DEFINITIONAL_REPRESENTATION('',(#4355),#4359);
#4355 = LINE('',#4356,#4357);
#4356 = CARTESIAN_POINT('',(0.,86.));
#4357 = VECTOR('',#4358,1.);
#4358 = DIRECTION('',(1.,0.));
#4359 = ( GEOMETRIC_REPRESENTATION_CONTEXT(2) 
PARAMETRIC_REPRESENTATION_CONTEXT() REPRESENTATION_CONTEXT('2D SPACE',''
  ) );
#4360 = ORIENTED_EDGE('',*,*,#4361,.T.);
#4361 = EDGE_CURVE('',#4332,#4362,#4364,.T.);
#4362 = VERTEX_POINT('',#4363);
#4363 = CARTESIAN_POINT('',(-514.275,-104.,653.72788870239));
#4364 = SURFACE_CURVE('',#4365,(#4369,#4376),.PCURVE_S1.);
#4365 = LINE('',#4366,#4367);
#4366 = CARTESIAN_POINT('',(-514.275,-176.,653.72788870239));
#4367 = VECTOR('',#4368,1.);
#4368 = DIRECTION('',(0.,1.,0.));
#4369 = PCURVE('',#4342,#4370);
#4370 = DEFINITIONAL_REPRESENTATION('',(#4371),#4375);
#4371 = LINE('',#4372,#4373);
#4372 = CARTESIAN_POINT('',(0.,0.));
#4373 = VECTOR('',#4374,1.);
#4374 = DIRECTION('',(0.,-1.));
#4375 = ( GEOMETRIC_REPRESENTATION_CONTEXT(2) 
PARAMETRIC_REPRESENTATION_CONTEXT() REPRESENTATION_CONTEXT('2D SPACE',''
  ) );
#4376 = PCURVE('',#4262,#4377);
#4377 = DEFINITIONAL_REPRESENTATION('',(#4378),#4382);
#4378 = LINE('',#4379,#4380);
#4379 = CARTESIAN_POINT('',(86.,0.));
#4380 = VECTOR('',#4381,1.);
#4381 = DIRECTION('',(0.,1.));
#4382 = ( GEOMETRIC_REPRESENTATION_CONTEXT(2) 
PARAMETRIC_REPRESENTATION_CONTEXT() REPRESENTATION_CONTEXT('2D SPACE',''
  ) );
#4383 = ORIENTED_EDGE('',*,*,#4384,.T.);
#4384 = EDGE_CURVE('',#4362,#4385,#4387,.T.);
#4385 = VERTEX_POINT('',#4386);
#4386 = CARTESIAN_POINT('',(-514.275,-104.,745.72788870239));
#4387 = SURFACE_CURVE('',#4388,(#4392,#4399),.PCURVE_S1.);
#4388 = LINE('',#4389,#4390);
#4389 = CARTESIAN_POINT('',(-514.275,-104.,653.72788870239));
#4390 = VECTOR('',#4391,1.);
#4391 = DIRECTION('',(0.,0.,1.));
#4392 = PCURVE('',#4342,#4393);
#4393 = DEFINITIONAL_REPRESENTATION('',(#4394),#4398);
#4394 = LINE('',#4395,#4396);
#4395 = CARTESIAN_POINT('',(0.,-72.));
#4396 = VECTOR('',#4397,1.);
#4397 = DIRECTION('',(1.,0.));
#4398 = ( GEOMETRIC_REPRESENTATION_CONTEXT(2) 
PARAMETRIC_REPRESENTATION_CONTEXT() REPRESENTATION_CONTEXT('2D SPACE',''
  ) );
#4399 = PCURVE('',#4290,#4400);
#4400 = DEFINITIONAL_REPRESENTATION('',(#4401),#4405);
#4401 = LINE('',#4402,#4403);
#4402 = CARTESIAN_POINT('',(0.,86.));
#4403 = VECTOR('',#4404,1.);
#4404 = DIRECTION('',(1.,0.));
#4405 = ( GEOMETRIC_REPRESENTATION_CONTEXT(2) 
PARAMETRIC_REPRESENTATION_CONTEXT() REPRESENTATION_CONTEXT('2D SPACE',''
  ) );
#4406 = ORIENTED_EDGE('',*,*,#4407,.F.);
#4407 = EDGE_CURVE('',#4334,#4385,#4408,.T.);
#4408 = SURFACE_CURVE('',#4409,(#4413,#4420),.PCURVE_S1.);
#4409 = LINE('',#4410,#4411);
#4410 = CARTESIAN_POINT('',(-514.275,-176.,745.72788870239));
#4411 = VECTOR('',#4412,1.);
#4412 = DIRECTION('',(0.,1.,0.));
#4413 = PCURVE('',#4342,#4414);
#4414 = DEFINITIONAL_REPRESENTATION('',(#4415),#4419);
#4415 = LINE('',#4416,#4417);
#4416 = CARTESIAN_POINT('',(92.,0.));
#4417 = VECTOR('',#4418,1.);
#4418 = DIRECTION('',(0.,-1.));
#4419 = ( GEOMETRIC_REPRESENTATION_CONTEXT(2) 
PARAMETRIC_REPRESENTATION_CONTEXT() REPRESENTATION_CONTEXT('2D SPACE',''
  ) );
#4420 = PCURVE('',#4316,#4421);
#4421 = DEFINITIONAL_REPRESENTATION('',(#4422),#4426);
#4422 = LINE('',#4423,#4424);
#4423 = CARTESIAN_POINT('',(86.,0.));
#4424 = VECTOR('',#4425,1.);
#4425 = DIRECTION('',(0.,1.));
#4426 = ( GEOMETRIC_REPRESENTATION_CONTEXT(2) 
PARAMETRIC_REPRESENTATION_CONTEXT() REPRESENTATION_CONTEXT('2D SPACE',''
  ) );
#4427 = ADVANCED_FACE('',(#4428),#4234,.F.);
#4428 = FACE_BOUND('',#4429,.F.);
#4429 = EDGE_LOOP('',(#4430,#4451,#4452,#4473));
#4430 = ORIENTED_EDGE('',*,*,#4431,.F.);
#4431 = EDGE_CURVE('',#4212,#4332,#4432,.T.);
#4432 = SURFACE_CURVE('',#4433,(#4437,#4444),.PCURVE_S1.);
#4433 = LINE('',#4434,#4435);
#4434 = CARTESIAN_POINT('',(-600.275,-176.,653.72788870239));
#4435 = VECTOR('',#4436,1.);
#4436 = DIRECTION('',(1.,0.,0.));
#4437 = PCURVE('',#4234,#4438);
#4438 = DEFINITIONAL_REPRESENTATION('',(#4439),#4443);
#4439 = LINE('',#4440,#4441);
#4440 = CARTESIAN_POINT('',(0.,0.));
#4441 = VECTOR('',#4442,1.);
#4442 = DIRECTION('',(0.,1.));
#4443 = ( GEOMETRIC_REPRESENTATION_CONTEXT(2) 
PARAMETRIC_REPRESENTATION_CONTEXT() REPRESENTATION_CONTEXT('2D SPACE',''
  ) );
#4444 = PCURVE('',#4262,#4445);
#4445 = DEFINITIONAL_REPRESENTATION('',(#4446),#4450);
#4446 = LINE('',#4447,#4448);
#4447 = CARTESIAN_POINT('',(0.,0.));
#4448 = VECTOR('',#4449,1.);
#4449 = DIRECTION('',(1.,0.));
#4450 = ( GEOMETRIC_REPRESENTATION_CONTEXT(2) 
PARAMETRIC_REPRESENTATION_CONTEXT() REPRESENTATION_CONTEXT('2D SPACE',''
  ) );
#4451 = ORIENTED_EDGE('',*,*,#4211,.T.);
#4452 = ORIENTED_EDGE('',*,*,#4453,.T.);
#4453 = EDGE_CURVE('',#4214,#4334,#4454,.T.);
#4454 = SURFACE_CURVE('',#4455,(#4459,#4466),.PCURVE_S1.);
#4455 = LINE('',#4456,#4457);
#4456 = CARTESIAN_POINT('',(-600.275,-176.,745.72788870239));
#4457 = VECTOR('',#4458,1.);
#4458 = DIRECTION('',(1.,0.,0.));
#4459 = PCURVE('',#4234,#4460);
#4460 = DEFINITIONAL_REPRESENTATION('',(#4461),#4465);
#4461 = LINE('',#4462,#4463);
#4462 = CARTESIAN_POINT('',(92.,0.));
#4463 = VECTOR('',#4464,1.);
#4464 = DIRECTION('',(0.,1.));
#4465 = ( GEOMETRIC_REPRESENTATION_CONTEXT(2) 
PARAMETRIC_REPRESENTATION_CONTEXT() REPRESENTATION_CONTEXT('2D SPACE',''
  ) );
#4466 = PCURVE('',#4316,#4467);
#4467 = DEFINITIONAL_REPRESENTATION('',(#4468),#4472);
#4468 = LINE('',#4469,#4470);
#4469 = CARTESIAN_POINT('',(0.,0.));
#4470 = VECTOR('',#4471,1.);
#4471 = DIRECTION('',(1.,0.));
#4472 = ( GEOMETRIC_REPRESENTATION_CONTEXT(2) 
PARAMETRIC_REPRESENTATION_CONTEXT() REPRESENTATION_CONTEXT('2D SPACE',''
  ) );
#4473 = ORIENTED_EDGE('',*,*,#4331,.F.);
#4474 = ADVANCED_FACE('',(#4475),#4290,.T.);
#4475 = FACE_BOUND('',#4476,.T.);
#4476 = EDGE_LOOP('',(#4477,#4498,#4499,#4520));
#4477 = ORIENTED_EDGE('',*,*,#4478,.F.);
#4478 = EDGE_CURVE('',#4247,#4362,#4479,.T.);
#4479 = SURFACE_CURVE('',#4480,(#4484,#4491),.PCURVE_S1.);
#4480 = LINE('',#4481,#4482);
#4481 = CARTESIAN_POINT('',(-600.275,-104.,653.72788870239));
#4482 = VECTOR('',#4483,1.);
#4483 = DIRECTION('',(1.,0.,0.));
#4484 = PCURVE('',#4290,#4485);
#4485 = DEFINITIONAL_REPRESENTATION('',(#4486),#4490);
#4486 = LINE('',#4487,#4488);
#4487 = CARTESIAN_POINT('',(0.,0.));
#4488 = VECTOR('',#4489,1.);
#4489 = DIRECTION('',(0.,1.));
#4490 = ( GEOMETRIC_REPRESENTATION_CONTEXT(2) 
PARAMETRIC_REPRESENTATION_CONTEXT() REPRESENTATION_CONTEXT('2D SPACE',''
  ) );
#4491 = PCURVE('',#4262,#4492);
#4492 = DEFINITIONAL_REPRESENTATION('',(#4493),#4497);
#4493 = LINE('',#4494,#4495);
#4494 = CARTESIAN_POINT('',(0.,72.));
#4495 = VECTOR('',#4496,1.);
#4496 = DIRECTION('',(1.,0.));
#4497 = ( GEOMETRIC_REPRESENTATION_CONTEXT(2) 
PARAMETRIC_REPRESENTATION_CONTEXT() REPRESENTATION_CONTEXT('2D SPACE',''
  ) );
#4498 = ORIENTED_EDGE('',*,*,#4274,.T.);
#4499 = ORIENTED_EDGE('',*,*,#4500,.T.);
#4500 = EDGE_CURVE('',#4275,#4385,#4501,.T.);
#4501 = SURFACE_CURVE('',#4502,(#4506,#4513),.PCURVE_S1.);
#4502 = LINE('',#4503,#4504);
#4503 = CARTESIAN_POINT('',(-600.275,-104.,745.72788870239));
#4504 = VECTOR('',#4505,1.);
#4505 = DIRECTION('',(1.,0.,0.));
#4506 = PCURVE('',#4290,#4507);
#4507 = DEFINITIONAL_REPRESENTATION('',(#4508),#4512);
#4508 = LINE('',#4509,#4510);
#4509 = CARTESIAN_POINT('',(92.,0.));
#4510 = VECTOR('',#4511,1.);
#4511 = DIRECTION('',(0.,1.));
#4512 = ( GEOMETRIC_REPRESENTATION_CONTEXT(2) 
PARAMETRIC_REPRESENTATION_CONTEXT() REPRESENTATION_CONTEXT('2D SPACE',''
  ) );
#4513 = PCURVE('',#4316,#4514);
#4514 = DEFINITIONAL_REPRESENTATION('',(#4515),#4519);
#4515 = LINE('',#4516,#4517);
#4516 = CARTESIAN_POINT('',(0.,72.));
#4517 = VECTOR('',#4518,1.);
#4518 = DIRECTION('',(1.,0.));
#4519 = ( GEOMETRIC_REPRESENTATION_CONTEXT(2) 
PARAMETRIC_REPRESENTATION_CONTEXT() REPRESENTATION_CONTEXT('2D SPACE',''
  ) );
#4520 = ORIENTED_EDGE('',*,*,#4384,.F.);
#4521 = ADVANCED_FACE('',(#4522),#4262,.F.);
#4522 = FACE_BOUND('',#4523,.F.);
#4523 = EDGE_LOOP('',(#4524,#4525,#4526,#4527));
#4524 = ORIENTED_EDGE('',*,*,#4246,.F.);
#4525 = ORIENTED_EDGE('',*,*,#4431,.T.);
#4526 = ORIENTED_EDGE('',*,*,#4361,.T.);
#4527 = ORIENTED_EDGE('',*,*,#4478,.F.);
#4528 = ADVANCED_FACE('',(#4529),#4316,.T.);
#4529 = FACE_BOUND('',#4530,.T.);
#4530 = EDGE_LOOP('',(#4531,#4532,#4533,#4534));
#4531 = ORIENTED_EDGE('',*,*,#4302,.F.);
#4532 = ORIENTED_EDGE('',*,*,#4453,.T.);
#4533 = ORIENTED_EDGE('',*,*,#4407,.T.);
#4534 = ORIENTED_EDGE('',*,*,#4500,.F.);
#4535 = ( GEOMETRIC_REPRESENTATION_CONTEXT(3) 
GLOBAL_UNCERTAINTY_ASSIGNED_CONTEXT((#4539)) 
GLOBAL_UNIT_ASSIGNED_CONTEXT((#4536,#4537,#4538)) REPRESENTATION_CONTEXT
('Context #1','3D Context with UNIT and UNCERTAINTY') );
#4536 = ( LENGTH_UNIT() NAMED_UNIT(*) SI_UNIT(.MILLI.,.METRE.) );
#4537 = ( NAMED_UNIT(*) PLANE_ANGLE_UNIT() SI_UNIT($,.RADIAN.) );
#4538 = ( NAMED_UNIT(*) SI_UNIT($,.STERADIAN.) SOLID_ANGLE_UNIT() );
#4539 = UNCERTAINTY_MEASURE_WITH_UNIT(LENGTH_MEASURE(1.E-07),#4536,
  'distance_accuracy_value','confusion accuracy');
#4540 = CONTEXT_DEPENDENT_SHAPE_REPRESENTATION(#4541,#4543);
#4541 = ( REPRESENTATION_RELATIONSHIP('','',#4204,#10) 
REPRESENTATION_RELATIONSHIP_WITH_TRANSFORMATION(#4542) 
SHAPE_REPRESENTATION_RELATIONSHIP() );
#4542 = ITEM_DEFINED_TRANSFORMATION('','',#11,#63);
#4543 = PRODUCT_DEFINITION_SHAPE('Placement','Placement of an item',
  #4544);
#4544 = NEXT_ASSEMBLY_USAGE_OCCURRENCE('13',
  'POWERTRAIN_HV/main_contactor','',#5,#4199,$);
#4545 = PRODUCT_RELATED_PRODUCT_CATEGORY('part',$,(#4201));
#4546 = SHAPE_DEFINITION_REPRESENTATION(#4547,#4553);
#4547 = PRODUCT_DEFINITION_SHAPE('','',#4548);
#4548 = PRODUCT_DEFINITION('design','',#4549,#4552);
#4549 = PRODUCT_DEFINITION_FORMATION('','',#4550);
#4550 = PRODUCT('POWERTRAIN_HV/precharge_contactor',
  'POWERTRAIN_HV/precharge_contactor','',(#4551));
#4551 = PRODUCT_CONTEXT('',#2,'mechanical');
#4552 = PRODUCT_DEFINITION_CONTEXT('part definition',#2,'design');
#4553 = ADVANCED_BREP_SHAPE_REPRESENTATION('',(#11,#4554),#4884);
#4554 = MANIFOLD_SOLID_BREP('',#4555);
#4555 = CLOSED_SHELL('',(#4556,#4676,#4776,#4823,#4870,#4877));
#4556 = ADVANCED_FACE('',(#4557),#4571,.F.);
#4557 = FACE_BOUND('',#4558,.F.);
#4558 = EDGE_LOOP('',(#4559,#4594,#4622,#4650));
#4559 = ORIENTED_EDGE('',*,*,#4560,.F.);
#4560 = EDGE_CURVE('',#4561,#4563,#4565,.T.);
#4561 = VERTEX_POINT('',#4562);
#4562 = CARTESIAN_POINT('',(-751.275,-161.,668.72788870239));
#4563 = VERTEX_POINT('',#4564);
#4564 = CARTESIAN_POINT('',(-751.275,-161.,730.72788870239));
#4565 = SURFACE_CURVE('',#4566,(#4570,#4582),.PCURVE_S1.);
#4566 = LINE('',#4567,#4568);
#4567 = CARTESIAN_POINT('',(-751.275,-161.,668.72788870239));
#4568 = VECTOR('',#4569,1.);
#4569 = DIRECTION('',(0.,0.,1.));
#4570 = PCURVE('',#4571,#4576);
#4571 = PLANE('',#4572);
#4572 = AXIS2_PLACEMENT_3D('',#4573,#4574,#4575);
#4573 = CARTESIAN_POINT('',(-751.275,-161.,668.72788870239));
#4574 = DIRECTION('',(1.,0.,0.));
#4575 = DIRECTION('',(0.,0.,1.));
#4576 = DEFINITIONAL_REPRESENTATION('',(#4577),#4581);
#4577 = LINE('',#4578,#4579);
#4578 = CARTESIAN_POINT('',(0.,0.));
#4579 = VECTOR('',#4580,1.);
#4580 = DIRECTION('',(1.,0.));
#4581 = ( GEOMETRIC_REPRESENTATION_CONTEXT(2) 
PARAMETRIC_REPRESENTATION_CONTEXT() REPRESENTATION_CONTEXT('2D SPACE',''
  ) );
#4582 = PCURVE('',#4583,#4588);
#4583 = PLANE('',#4584);
#4584 = AXIS2_PLACEMENT_3D('',#4585,#4586,#4587);
#4585 = CARTESIAN_POINT('',(-751.275,-161.,668.72788870239));
#4586 = DIRECTION('',(0.,1.,0.));
#4587 = DIRECTION('',(0.,0.,1.));
#4588 = DEFINITIONAL_REPRESENTATION('',(#4589),#4593);
#4589 = LINE('',#4590,#4591);
#4590 = CARTESIAN_POINT('',(0.,0.));
#4591 = VECTOR('',#4592,1.);
#4592 = DIRECTION('',(1.,0.));
#4593 = ( GEOMETRIC_REPRESENTATION_CONTEXT(2) 
PARAMETRIC_REPRESENTATION_CONTEXT() REPRESENTATION_CONTEXT('2D SPACE',''
  ) );
#4594 = ORIENTED_EDGE('',*,*,#4595,.T.);
#4595 = EDGE_CURVE('',#4561,#4596,#4598,.T.);
#4596 = VERTEX_POINT('',#4597);
#4597 = CARTESIAN_POINT('',(-751.275,-119.,668.72788870239));
#4598 = SURFACE_CURVE('',#4599,(#4603,#4610),.PCURVE_S1.);
#4599 = LINE('',#4600,#4601);
#4600 = CARTESIAN_POINT('',(-751.275,-161.,668.72788870239));
#4601 = VECTOR('',#4602,1.);
#4602 = DIRECTION('',(0.,1.,0.));
#4603 = PCURVE('',#4571,#4604);
#4604 = DEFINITIONAL_REPRESENTATION('',(#4605),#4609);
#4605 = LINE('',#4606,#4607);
#4606 = CARTESIAN_POINT('',(0.,0.));
#4607 = VECTOR('',#4608,1.);
#4608 = DIRECTION('',(0.,-1.));
#4609 = ( GEOMETRIC_REPRESENTATION_CONTEXT(2) 
PARAMETRIC_REPRESENTATION_CONTEXT() REPRESENTATION_CONTEXT('2D SPACE',''
  ) );
#4610 = PCURVE('',#4611,#4616);
#4611 = PLANE('',#4612);
#4612 = AXIS2_PLACEMENT_3D('',#4613,#4614,#4615);
#4613 = CARTESIAN_POINT('',(-751.275,-161.,668.72788870239));
#4614 = DIRECTION('',(0.,0.,1.));
#4615 = DIRECTION('',(1.,0.,0.));
#4616 = DEFINITIONAL_REPRESENTATION('',(#4617),#4621);
#4617 = LINE('',#4618,#4619);
#4618 = CARTESIAN_POINT('',(0.,0.));
#4619 = VECTOR('',#4620,1.);
#4620 = DIRECTION('',(0.,1.));
#4621 = ( GEOMETRIC_REPRESENTATION_CONTEXT(2) 
PARAMETRIC_REPRESENTATION_CONTEXT() REPRESENTATION_CONTEXT('2D SPACE',''
  ) );
#4622 = ORIENTED_EDGE('',*,*,#4623,.T.);
#4623 = EDGE_CURVE('',#4596,#4624,#4626,.T.);
#4624 = VERTEX_POINT('',#4625);
#4625 = CARTESIAN_POINT('',(-751.275,-119.,730.72788870239));
#4626 = SURFACE_CURVE('',#4627,(#4631,#4638),.PCURVE_S1.);
#4627 = LINE('',#4628,#4629);
#4628 = CARTESIAN_POINT('',(-751.275,-119.,668.72788870239));
#4629 = VECTOR('',#4630,1.);
#4630 = DIRECTION('',(0.,0.,1.));
#4631 = PCURVE('',#4571,#4632);
#4632 = DEFINITIONAL_REPRESENTATION('',(#4633),#4637);
#4633 = LINE('',#4634,#4635);
#4634 = CARTESIAN_POINT('',(0.,-42.));
#4635 = VECTOR('',#4636,1.);
#4636 = DIRECTION('',(1.,0.));
#4637 = ( GEOMETRIC_REPRESENTATION_CONTEXT(2) 
PARAMETRIC_REPRESENTATION_CONTEXT() REPRESENTATION_CONTEXT('2D SPACE',''
  ) );
#4638 = PCURVE('',#4639,#4644);
#4639 = PLANE('',#4640);
#4640 = AXIS2_PLACEMENT_3D('',#4641,#4642,#4643);
#4641 = CARTESIAN_POINT('',(-751.275,-119.,668.72788870239));
#4642 = DIRECTION('',(0.,1.,0.));
#4643 = DIRECTION('',(0.,0.,1.));
#4644 = DEFINITIONAL_REPRESENTATION('',(#4645),#4649);
#4645 = LINE('',#4646,#4647);
#4646 = CARTESIAN_POINT('',(0.,0.));
#4647 = VECTOR('',#4648,1.);
#4648 = DIRECTION('',(1.,0.));
#4649 = ( GEOMETRIC_REPRESENTATION_CONTEXT(2) 
PARAMETRIC_REPRESENTATION_CONTEXT() REPRESENTATION_CONTEXT('2D SPACE',''
  ) );
#4650 = ORIENTED_EDGE('',*,*,#4651,.F.);
#4651 = EDGE_CURVE('',#4563,#4624,#4652,.T.);
#4652 = SURFACE_CURVE('',#4653,(#4657,#4664),.PCURVE_S1.);
#4653 = LINE('',#4654,#4655);
#4654 = CARTESIAN_POINT('',(-751.275,-161.,730.72788870239));
#4655 = VECTOR('',#4656,1.);
#4656 = DIRECTION('',(0.,1.,0.));
#4657 = PCURVE('',#4571,#4658);
#4658 = DEFINITIONAL_REPRESENTATION('',(#4659),#4663);
#4659 = LINE('',#4660,#4661);
#4660 = CARTESIAN_POINT('',(62.,0.));
#4661 = VECTOR('',#4662,1.);
#4662 = DIRECTION('',(0.,-1.));
#4663 = ( GEOMETRIC_REPRESENTATION_CONTEXT(2) 
PARAMETRIC_REPRESENTATION_CONTEXT() REPRESENTATION_CONTEXT('2D SPACE',''
  ) );
#4664 = PCURVE('',#4665,#4670);
#4665 = PLANE('',#4666);
#4666 = AXIS2_PLACEMENT_3D('',#4667,#4668,#4669);
#4667 = CARTESIAN_POINT('',(-751.275,-161.,730.72788870239));
#4668 = DIRECTION('',(0.,0.,1.));
#4669 = DIRECTION('',(1.,0.,0.));
#4670 = DEFINITIONAL_REPRESENTATION('',(#4671),#4675);
#4671 = LINE('',#4672,#4673);
#4672 = CARTESIAN_POINT('',(0.,0.));
#4673 = VECTOR('',#4674,1.);
#4674 = DIRECTION('',(0.,1.));
#4675 = ( GEOMETRIC_REPRESENTATION_CONTEXT(2) 
PARAMETRIC_REPRESENTATION_CONTEXT() REPRESENTATION_CONTEXT('2D SPACE',''
  ) );
#4676 = ADVANCED_FACE('',(#4677),#4691,.T.);
#4677 = FACE_BOUND('',#4678,.T.);
#4678 = EDGE_LOOP('',(#4679,#4709,#4732,#4755));
#4679 = ORIENTED_EDGE('',*,*,#4680,.F.);
#4680 = EDGE_CURVE('',#4681,#4683,#4685,.T.);
#4681 = VERTEX_POINT('',#4682);
#4682 = CARTESIAN_POINT('',(-699.275,-161.,668.72788870239));
#4683 = VERTEX_POINT('',#4684);
#4684 = CARTESIAN_POINT('',(-699.275,-161.,730.72788870239));
#4685 = SURFACE_CURVE('',#4686,(#4690,#4702),.PCURVE_S1.);
#4686 = LINE('',#4687,#4688);
#4687 = CARTESIAN_POINT('',(-699.275,-161.,668.72788870239));
#4688 = VECTOR('',#4689,1.);
#4689 = DIRECTION('',(0.,0.,1.));
#4690 = PCURVE('',#4691,#4696);
#4691 = PLANE('',#4692);
#4692 = AXIS2_PLACEMENT_3D('',#4693,#4694,#4695);
#4693 = CARTESIAN_POINT('',(-699.275,-161.,668.72788870239));
#4694 = DIRECTION('',(1.,0.,0.));
#4695 = DIRECTION('',(0.,0.,1.));
#4696 = DEFINITIONAL_REPRESENTATION('',(#4697),#4701);
#4697 = LINE('',#4698,#4699);
#4698 = CARTESIAN_POINT('',(0.,0.));
#4699 = VECTOR('',#4700,1.);
#4700 = DIRECTION('',(1.,0.));
#4701 = ( GEOMETRIC_REPRESENTATION_CONTEXT(2) 
PARAMETRIC_REPRESENTATION_CONTEXT() REPRESENTATION_CONTEXT('2D SPACE',''
  ) );
#4702 = PCURVE('',#4583,#4703);
#4703 = DEFINITIONAL_REPRESENTATION('',(#4704),#4708);
#4704 = LINE('',#4705,#4706);
#4705 = CARTESIAN_POINT('',(0.,52.));
#4706 = VECTOR('',#4707,1.);
#4707 = DIRECTION('',(1.,0.));
#4708 = ( GEOMETRIC_REPRESENTATION_CONTEXT(2) 
PARAMETRIC_REPRESENTATION_CONTEXT() REPRESENTATION_CONTEXT('2D SPACE',''
  ) );
#4709 = ORIENTED_EDGE('',*,*,#4710,.T.);
#4710 = EDGE_CURVE('',#4681,#4711,#4713,.T.);
#4711 = VERTEX_POINT('',#4712);
#4712 = CARTESIAN_POINT('',(-699.275,-119.,668.72788870239));
#4713 = SURFACE_CURVE('',#4714,(#4718,#4725),.PCURVE_S1.);
#4714 = LINE('',#4715,#4716);
#4715 = CARTESIAN_POINT('',(-699.275,-161.,668.72788870239));
#4716 = VECTOR('',#4717,1.);
#4717 = DIRECTION('',(0.,1.,0.));
#4718 = PCURVE('',#4691,#4719);
#4719 = DEFINITIONAL_REPRESENTATION('',(#4720),#4724);
#4720 = LINE('',#4721,#4722);
#4721 = CARTESIAN_POINT('',(0.,0.));
#4722 = VECTOR('',#4723,1.);
#4723 = DIRECTION('',(0.,-1.));
#4724 = ( GEOMETRIC_REPRESENTATION_CONTEXT(2) 
PARAMETRIC_REPRESENTATION_CONTEXT() REPRESENTATION_CONTEXT('2D SPACE',''
  ) );
#4725 = PCURVE('',#4611,#4726);
#4726 = DEFINITIONAL_REPRESENTATION('',(#4727),#4731);
#4727 = LINE('',#4728,#4729);
#4728 = CARTESIAN_POINT('',(52.,0.));
#4729 = VECTOR('',#4730,1.);
#4730 = DIRECTION('',(0.,1.));
#4731 = ( GEOMETRIC_REPRESENTATION_CONTEXT(2) 
PARAMETRIC_REPRESENTATION_CONTEXT() REPRESENTATION_CONTEXT('2D SPACE',''
  ) );
#4732 = ORIENTED_EDGE('',*,*,#4733,.T.);
#4733 = EDGE_CURVE('',#4711,#4734,#4736,.T.);
#4734 = VERTEX_POINT('',#4735);
#4735 = CARTESIAN_POINT('',(-699.275,-119.,730.72788870239));
#4736 = SURFACE_CURVE('',#4737,(#4741,#4748),.PCURVE_S1.);
#4737 = LINE('',#4738,#4739);
#4738 = CARTESIAN_POINT('',(-699.275,-119.,668.72788870239));
#4739 = VECTOR('',#4740,1.);
#4740 = DIRECTION('',(0.,0.,1.));
#4741 = PCURVE('',#4691,#4742);
#4742 = DEFINITIONAL_REPRESENTATION('',(#4743),#4747);
#4743 = LINE('',#4744,#4745);
#4744 = CARTESIAN_POINT('',(0.,-42.));
#4745 = VECTOR('',#4746,1.);
#4746 = DIRECTION('',(1.,0.));
#4747 = ( GEOMETRIC_REPRESENTATION_CONTEXT(2) 
PARAMETRIC_REPRESENTATION_CONTEXT() REPRESENTATION_CONTEXT('2D SPACE',''
  ) );
#4748 = PCURVE('',#4639,#4749);
#4749 = DEFINITIONAL_REPRESENTATION('',(#4750),#4754);
#4750 = LINE('',#4751,#4752);
#4751 = CARTESIAN_POINT('',(0.,52.));
#4752 = VECTOR('',#4753,1.);
#4753 = DIRECTION('',(1.,0.));
#4754 = ( GEOMETRIC_REPRESENTATION_CONTEXT(2) 
PARAMETRIC_REPRESENTATION_CONTEXT() REPRESENTATION_CONTEXT('2D SPACE',''
  ) );
#4755 = ORIENTED_EDGE('',*,*,#4756,.F.);
#4756 = EDGE_CURVE('',#4683,#4734,#4757,.T.);
#4757 = SURFACE_CURVE('',#4758,(#4762,#4769),.PCURVE_S1.);
#4758 = LINE('',#4759,#4760);
#4759 = CARTESIAN_POINT('',(-699.275,-161.,730.72788870239));
#4760 = VECTOR('',#4761,1.);
#4761 = DIRECTION('',(0.,1.,0.));
#4762 = PCURVE('',#4691,#4763);
#4763 = DEFINITIONAL_REPRESENTATION('',(#4764),#4768);
#4764 = LINE('',#4765,#4766);
#4765 = CARTESIAN_POINT('',(62.,0.));
#4766 = VECTOR('',#4767,1.);
#4767 = DIRECTION('',(0.,-1.));
#4768 = ( GEOMETRIC_REPRESENTATION_CONTEXT(2) 
PARAMETRIC_REPRESENTATION_CONTEXT() REPRESENTATION_CONTEXT('2D SPACE',''
  ) );
#4769 = PCURVE('',#4665,#4770);
#4770 = DEFINITIONAL_REPRESENTATION('',(#4771),#4775);
#4771 = LINE('',#4772,#4773);
#4772 = CARTESIAN_POINT('',(52.,0.));
#4773 = VECTOR('',#4774,1.);
#4774 = DIRECTION('',(0.,1.));
#4775 = ( GEOMETRIC_REPRESENTATION_CONTEXT(2) 
PARAMETRIC_REPRESENTATION_CONTEXT() REPRESENTATION_CONTEXT('2D SPACE',''
  ) );
#4776 = ADVANCED_FACE('',(#4777),#4583,.F.);
#4777 = FACE_BOUND('',#4778,.F.);
#4778 = EDGE_LOOP('',(#4779,#4800,#4801,#4822));
#4779 = ORIENTED_EDGE('',*,*,#4780,.F.);
#4780 = EDGE_CURVE('',#4561,#4681,#4781,.T.);
#4781 = SURFACE_CURVE('',#4782,(#4786,#4793),.PCURVE_S1.);
#4782 = LINE('',#4783,#4784);
#4783 = CARTESIAN_POINT('',(-751.275,-161.,668.72788870239));
#4784 = VECTOR('',#4785,1.);
#4785 = DIRECTION('',(1.,0.,0.));
#4786 = PCURVE('',#4583,#4787);
#4787 = DEFINITIONAL_REPRESENTATION('',(#4788),#4792);
#4788 = LINE('',#4789,#4790);
#4789 = CARTESIAN_POINT('',(0.,0.));
#4790 = VECTOR('',#4791,1.);
#4791 = DIRECTION('',(0.,1.));
#4792 = ( GEOMETRIC_REPRESENTATION_CONTEXT(2) 
PARAMETRIC_REPRESENTATION_CONTEXT() REPRESENTATION_CONTEXT('2D SPACE',''
  ) );
#4793 = PCURVE('',#4611,#4794);
#4794 = DEFINITIONAL_REPRESENTATION('',(#4795),#4799);
#4795 = LINE('',#4796,#4797);
#4796 = CARTESIAN_POINT('',(0.,0.));
#4797 = VECTOR('',#4798,1.);
#4798 = DIRECTION('',(1.,0.));
#4799 = ( GEOMETRIC_REPRESENTATION_CONTEXT(2) 
PARAMETRIC_REPRESENTATION_CONTEXT() REPRESENTATION_CONTEXT('2D SPACE',''
  ) );
#4800 = ORIENTED_EDGE('',*,*,#4560,.T.);
#4801 = ORIENTED_EDGE('',*,*,#4802,.T.);
#4802 = EDGE_CURVE('',#4563,#4683,#4803,.T.);
#4803 = SURFACE_CURVE('',#4804,(#4808,#4815),.PCURVE_S1.);
#4804 = LINE('',#4805,#4806);
#4805 = CARTESIAN_POINT('',(-751.275,-161.,730.72788870239));
#4806 = VECTOR('',#4807,1.);
#4807 = DIRECTION('',(1.,0.,0.));
#4808 = PCURVE('',#4583,#4809);
#4809 = DEFINITIONAL_REPRESENTATION('',(#4810),#4814);
#4810 = LINE('',#4811,#4812);
#4811 = CARTESIAN_POINT('',(62.,0.));
#4812 = VECTOR('',#4813,1.);
#4813 = DIRECTION('',(0.,1.));
#4814 = ( GEOMETRIC_REPRESENTATION_CONTEXT(2) 
PARAMETRIC_REPRESENTATION_CONTEXT() REPRESENTATION_CONTEXT('2D SPACE',''
  ) );
#4815 = PCURVE('',#4665,#4816);
#4816 = DEFINITIONAL_REPRESENTATION('',(#4817),#4821);
#4817 = LINE('',#4818,#4819);
#4818 = CARTESIAN_POINT('',(0.,0.));
#4819 = VECTOR('',#4820,1.);
#4820 = DIRECTION('',(1.,0.));
#4821 = ( GEOMETRIC_REPRESENTATION_CONTEXT(2) 
PARAMETRIC_REPRESENTATION_CONTEXT() REPRESENTATION_CONTEXT('2D SPACE',''
  ) );
#4822 = ORIENTED_EDGE('',*,*,#4680,.F.);
#4823 = ADVANCED_FACE('',(#4824),#4639,.T.);
#4824 = FACE_BOUND('',#4825,.T.);
#4825 = EDGE_LOOP('',(#4826,#4847,#4848,#4869));
#4826 = ORIENTED_EDGE('',*,*,#4827,.F.);
#4827 = EDGE_CURVE('',#4596,#4711,#4828,.T.);
#4828 = SURFACE_CURVE('',#4829,(#4833,#4840),.PCURVE_S1.);
#4829 = LINE('',#4830,#4831);
#4830 = CARTESIAN_POINT('',(-751.275,-119.,668.72788870239));
#4831 = VECTOR('',#4832,1.);
#4832 = DIRECTION('',(1.,0.,0.));
#4833 = PCURVE('',#4639,#4834);
#4834 = DEFINITIONAL_REPRESENTATION('',(#4835),#4839);
#4835 = LINE('',#4836,#4837);
#4836 = CARTESIAN_POINT('',(0.,0.));
#4837 = VECTOR('',#4838,1.);
#4838 = DIRECTION('',(0.,1.));
#4839 = ( GEOMETRIC_REPRESENTATION_CONTEXT(2) 
PARAMETRIC_REPRESENTATION_CONTEXT() REPRESENTATION_CONTEXT('2D SPACE',''
  ) );
#4840 = PCURVE('',#4611,#4841);
#4841 = DEFINITIONAL_REPRESENTATION('',(#4842),#4846);
#4842 = LINE('',#4843,#4844);
#4843 = CARTESIAN_POINT('',(0.,42.));
#4844 = VECTOR('',#4845,1.);
#4845 = DIRECTION('',(1.,0.));
#4846 = ( GEOMETRIC_REPRESENTATION_CONTEXT(2) 
PARAMETRIC_REPRESENTATION_CONTEXT() REPRESENTATION_CONTEXT('2D SPACE',''
  ) );
#4847 = ORIENTED_EDGE('',*,*,#4623,.T.);
#4848 = ORIENTED_EDGE('',*,*,#4849,.T.);
#4849 = EDGE_CURVE('',#4624,#4734,#4850,.T.);
#4850 = SURFACE_CURVE('',#4851,(#4855,#4862),.PCURVE_S1.);
#4851 = LINE('',#4852,#4853);
#4852 = CARTESIAN_POINT('',(-751.275,-119.,730.72788870239));
#4853 = VECTOR('',#4854,1.);
#4854 = DIRECTION('',(1.,0.,0.));
#4855 = PCURVE('',#4639,#4856);
#4856 = DEFINITIONAL_REPRESENTATION('',(#4857),#4861);
#4857 = LINE('',#4858,#4859);
#4858 = CARTESIAN_POINT('',(62.,0.));
#4859 = VECTOR('',#4860,1.);
#4860 = DIRECTION('',(0.,1.));
#4861 = ( GEOMETRIC_REPRESENTATION_CONTEXT(2) 
PARAMETRIC_REPRESENTATION_CONTEXT() REPRESENTATION_CONTEXT('2D SPACE',''
  ) );
#4862 = PCURVE('',#4665,#4863);
#4863 = DEFINITIONAL_REPRESENTATION('',(#4864),#4868);
#4864 = LINE('',#4865,#4866);
#4865 = CARTESIAN_POINT('',(0.,42.));
#4866 = VECTOR('',#4867,1.);
#4867 = DIRECTION('',(1.,0.));
#4868 = ( GEOMETRIC_REPRESENTATION_CONTEXT(2) 
PARAMETRIC_REPRESENTATION_CONTEXT() REPRESENTATION_CONTEXT('2D SPACE',''
  ) );
#4869 = ORIENTED_EDGE('',*,*,#4733,.F.);
#4870 = ADVANCED_FACE('',(#4871),#4611,.F.);
#4871 = FACE_BOUND('',#4872,.F.);
#4872 = EDGE_LOOP('',(#4873,#4874,#4875,#4876));
#4873 = ORIENTED_EDGE('',*,*,#4595,.F.);
#4874 = ORIENTED_EDGE('',*,*,#4780,.T.);
#4875 = ORIENTED_EDGE('',*,*,#4710,.T.);
#4876 = ORIENTED_EDGE('',*,*,#4827,.F.);
#4877 = ADVANCED_FACE('',(#4878),#4665,.T.);
#4878 = FACE_BOUND('',#4879,.T.);
#4879 = EDGE_LOOP('',(#4880,#4881,#4882,#4883));
#4880 = ORIENTED_EDGE('',*,*,#4651,.F.);
#4881 = ORIENTED_EDGE('',*,*,#4802,.T.);
#4882 = ORIENTED_EDGE('',*,*,#4756,.T.);
#4883 = ORIENTED_EDGE('',*,*,#4849,.F.);
#4884 = ( GEOMETRIC_REPRESENTATION_CONTEXT(3) 
GLOBAL_UNCERTAINTY_ASSIGNED_CONTEXT((#4888)) 
GLOBAL_UNIT_ASSIGNED_CONTEXT((#4885,#4886,#4887)) REPRESENTATION_CONTEXT
('Context #1','3D Context with UNIT and UNCERTAINTY') );
#4885 = ( LENGTH_UNIT() NAMED_UNIT(*) SI_UNIT(.MILLI.,.METRE.) );
#4886 = ( NAMED_UNIT(*) PLANE_ANGLE_UNIT() SI_UNIT($,.RADIAN.) );
#4887 = ( NAMED_UNIT(*) SI_UNIT($,.STERADIAN.) SOLID_ANGLE_UNIT() );
#4888 = UNCERTAINTY_MEASURE_WITH_UNIT(LENGTH_MEASURE(1.E-07),#4885,
  'distance_accuracy_value','confusion accuracy');
#4889 = CONTEXT_DEPENDENT_SHAPE_REPRESENTATION(#4890,#4892);
#4890 = ( REPRESENTATION_RELATIONSHIP('','',#4553,#10) 
REPRESENTATION_RELATIONSHIP_WITH_TRANSFORMATION(#4891) 
SHAPE_REPRESENTATION_RELATIONSHIP() );
#4891 = ITEM_DEFINED_TRANSFORMATION('','',#11,#67);
#4892 = PRODUCT_DEFINITION_SHAPE('Placement','Placement of an item',
  #4893);
#4893 = NEXT_ASSEMBLY_USAGE_OCCURRENCE('14',
  'POWERTRAIN_HV/precharge_contactor','',#5,#4548,$);
#4894 = PRODUCT_RELATED_PRODUCT_CATEGORY('part',$,(#4550));
#4895 = SHAPE_DEFINITION_REPRESENTATION(#4896,#4902);
#4896 = PRODUCT_DEFINITION_SHAPE('','',#4897);
#4897 = PRODUCT_DEFINITION('design','',#4898,#4901);
#4898 = PRODUCT_DEFINITION_FORMATION('','',#4899);
#4899 = PRODUCT('POWERTRAIN_HV/inverter','POWERTRAIN_HV/inverter','',(
    #4900));
#4900 = PRODUCT_CONTEXT('',#2,'mechanical');
#4901 = PRODUCT_DEFINITION_CONTEXT('part definition',#2,'design');
#4902 = ADVANCED_BREP_SHAPE_REPRESENTATION('',(#11,#4903),#5233);
#4903 = MANIFOLD_SOLID_BREP('',#4904);
#4904 = CLOSED_SHELL('',(#4905,#5025,#5125,#5172,#5219,#5226));
#4905 = ADVANCED_FACE('',(#4906),#4920,.F.);
#4906 = FACE_BOUND('',#4907,.F.);
#4907 = EDGE_LOOP('',(#4908,#4943,#4971,#4999));
#4908 = ORIENTED_EDGE('',*,*,#4909,.F.);
#4909 = EDGE_CURVE('',#4910,#4912,#4914,.T.);
#4910 = VERTEX_POINT('',#4911);
#4911 = CARTESIAN_POINT('',(-761.275,40.,641.11081262207));
#4912 = VERTEX_POINT('',#4913);
#4913 = CARTESIAN_POINT('',(-761.275,40.,751.11081262207));
#4914 = SURFACE_CURVE('',#4915,(#4919,#4931),.PCURVE_S1.);
#4915 = LINE('',#4916,#4917);
#4916 = CARTESIAN_POINT('',(-761.275,40.,641.11081262207));
#4917 = VECTOR('',#4918,1.);
#4918 = DIRECTION('',(0.,0.,1.));
#4919 = PCURVE('',#4920,#4925);
#4920 = PLANE('',#4921);
#4921 = AXIS2_PLACEMENT_3D('',#4922,#4923,#4924);
#4922 = CARTESIAN_POINT('',(-761.275,40.,641.11081262207));
#4923 = DIRECTION('',(1.,0.,0.));
#4924 = DIRECTION('',(0.,0.,1.));
#4925 = DEFINITIONAL_REPRESENTATION('',(#4926),#4930);
#4926 = LINE('',#4927,#4928);
#4927 = CARTESIAN_POINT('',(0.,0.));
#4928 = VECTOR('',#4929,1.);
#4929 = DIRECTION('',(1.,0.));
#4930 = ( GEOMETRIC_REPRESENTATION_CONTEXT(2) 
PARAMETRIC_REPRESENTATION_CONTEXT() REPRESENTATION_CONTEXT('2D SPACE',''
  ) );
#4931 = PCURVE('',#4932,#4937);
#4932 = PLANE('',#4933);
#4933 = AXIS2_PLACEMENT_3D('',#4934,#4935,#4936);
#4934 = CARTESIAN_POINT('',(-761.275,40.,641.11081262207));
#4935 = DIRECTION('',(0.,1.,0.));
#4936 = DIRECTION('',(0.,0.,1.));
#4937 = DEFINITIONAL_REPRESENTATION('',(#4938),#4942);
#4938 = LINE('',#4939,#4940);
#4939 = CARTESIAN_POINT('',(0.,0.));
#4940 = VECTOR('',#4941,1.);
#4941 = DIRECTION('',(1.,0.));
#4942 = ( GEOMETRIC_REPRESENTATION_CONTEXT(2) 
PARAMETRIC_REPRESENTATION_CONTEXT() REPRESENTATION_CONTEXT('2D SPACE',''
  ) );
#4943 = ORIENTED_EDGE('',*,*,#4944,.T.);
#4944 = EDGE_CURVE('',#4910,#4945,#4947,.T.);
#4945 = VERTEX_POINT('',#4946);
#4946 = CARTESIAN_POINT('',(-761.275,240.,641.11081262207));
#4947 = SURFACE_CURVE('',#4948,(#4952,#4959),.PCURVE_S1.);
#4948 = LINE('',#4949,#4950);
#4949 = CARTESIAN_POINT('',(-761.275,40.,641.11081262207));
#4950 = VECTOR('',#4951,1.);
#4951 = DIRECTION('',(0.,1.,0.));
#4952 = PCURVE('',#4920,#4953);
#4953 = DEFINITIONAL_REPRESENTATION('',(#4954),#4958);
#4954 = LINE('',#4955,#4956);
#4955 = CARTESIAN_POINT('',(0.,0.));
#4956 = VECTOR('',#4957,1.);
#4957 = DIRECTION('',(0.,-1.));
#4958 = ( GEOMETRIC_REPRESENTATION_CONTEXT(2) 
PARAMETRIC_REPRESENTATION_CONTEXT() REPRESENTATION_CONTEXT('2D SPACE',''
  ) );
#4959 = PCURVE('',#4960,#4965);
#4960 = PLANE('',#4961);
#4961 = AXIS2_PLACEMENT_3D('',#4962,#4963,#4964);
#4962 = CARTESIAN_POINT('',(-761.275,40.,641.11081262207));
#4963 = DIRECTION('',(0.,0.,1.));
#4964 = DIRECTION('',(1.,0.,0.));
#4965 = DEFINITIONAL_REPRESENTATION('',(#4966),#4970);
#4966 = LINE('',#4967,#4968);
#4967 = CARTESIAN_POINT('',(0.,0.));
#4968 = VECTOR('',#4969,1.);
#4969 = DIRECTION('',(0.,1.));
#4970 = ( GEOMETRIC_REPRESENTATION_CONTEXT(2) 
PARAMETRIC_REPRESENTATION_CONTEXT() REPRESENTATION_CONTEXT('2D SPACE',''
  ) );
#4971 = ORIENTED_EDGE('',*,*,#4972,.T.);
#4972 = EDGE_CURVE('',#4945,#4973,#4975,.T.);
#4973 = VERTEX_POINT('',#4974);
#4974 = CARTESIAN_POINT('',(-761.275,240.,751.11081262207));
#4975 = SURFACE_CURVE('',#4976,(#4980,#4987),.PCURVE_S1.);
#4976 = LINE('',#4977,#4978);
#4977 = CARTESIAN_POINT('',(-761.275,240.,641.11081262207));
#4978 = VECTOR('',#4979,1.);
#4979 = DIRECTION('',(0.,0.,1.));
#4980 = PCURVE('',#4920,#4981);
#4981 = DEFINITIONAL_REPRESENTATION('',(#4982),#4986);
#4982 = LINE('',#4983,#4984);
#4983 = CARTESIAN_POINT('',(0.,-200.));
#4984 = VECTOR('',#4985,1.);
#4985 = DIRECTION('',(1.,0.));
#4986 = ( GEOMETRIC_REPRESENTATION_CONTEXT(2) 
PARAMETRIC_REPRESENTATION_CONTEXT() REPRESENTATION_CONTEXT('2D SPACE',''
  ) );
#4987 = PCURVE('',#4988,#4993);
#4988 = PLANE('',#4989);
#4989 = AXIS2_PLACEMENT_3D('',#4990,#4991,#4992);
#4990 = CARTESIAN_POINT('',(-761.275,240.,641.11081262207));
#4991 = DIRECTION('',(0.,1.,0.));
#4992 = DIRECTION('',(0.,0.,1.));
#4993 = DEFINITIONAL_REPRESENTATION('',(#4994),#4998);
#4994 = LINE('',#4995,#4996);
#4995 = CARTESIAN_POINT('',(0.,0.));
#4996 = VECTOR('',#4997,1.);
#4997 = DIRECTION('',(1.,0.));
#4998 = ( GEOMETRIC_REPRESENTATION_CONTEXT(2) 
PARAMETRIC_REPRESENTATION_CONTEXT() REPRESENTATION_CONTEXT('2D SPACE',''
  ) );
#4999 = ORIENTED_EDGE('',*,*,#5000,.F.);
#5000 = EDGE_CURVE('',#4912,#4973,#5001,.T.);
#5001 = SURFACE_CURVE('',#5002,(#5006,#5013),.PCURVE_S1.);
#5002 = LINE('',#5003,#5004);
#5003 = CARTESIAN_POINT('',(-761.275,40.,751.11081262207));
#5004 = VECTOR('',#5005,1.);
#5005 = DIRECTION('',(0.,1.,0.));
#5006 = PCURVE('',#4920,#5007);
#5007 = DEFINITIONAL_REPRESENTATION('',(#5008),#5012);
#5008 = LINE('',#5009,#5010);
#5009 = CARTESIAN_POINT('',(110.,0.));
#5010 = VECTOR('',#5011,1.);
#5011 = DIRECTION('',(0.,-1.));
#5012 = ( GEOMETRIC_REPRESENTATION_CONTEXT(2) 
PARAMETRIC_REPRESENTATION_CONTEXT() REPRESENTATION_CONTEXT('2D SPACE',''
  ) );
#5013 = PCURVE('',#5014,#5019);
#5014 = PLANE('',#5015);
#5015 = AXIS2_PLACEMENT_3D('',#5016,#5017,#5018);
#5016 = CARTESIAN_POINT('',(-761.275,40.,751.11081262207));
#5017 = DIRECTION('',(0.,0.,1.));
#5018 = DIRECTION('',(1.,0.,0.));
#5019 = DEFINITIONAL_REPRESENTATION('',(#5020),#5024);
#5020 = LINE('',#5021,#5022);
#5021 = CARTESIAN_POINT('',(0.,0.));
#5022 = VECTOR('',#5023,1.);
#5023 = DIRECTION('',(0.,1.));
#5024 = ( GEOMETRIC_REPRESENTATION_CONTEXT(2) 
PARAMETRIC_REPRESENTATION_CONTEXT() REPRESENTATION_CONTEXT('2D SPACE',''
  ) );
#5025 = ADVANCED_FACE('',(#5026),#5040,.T.);
#5026 = FACE_BOUND('',#5027,.T.);
#5027 = EDGE_LOOP('',(#5028,#5058,#5081,#5104));
#5028 = ORIENTED_EDGE('',*,*,#5029,.F.);
#5029 = EDGE_CURVE('',#5030,#5032,#5034,.T.);
#5030 = VERTEX_POINT('',#5031);
#5031 = CARTESIAN_POINT('',(-501.275,40.,641.11081262207));
#5032 = VERTEX_POINT('',#5033);
#5033 = CARTESIAN_POINT('',(-501.275,40.,751.11081262207));
#5034 = SURFACE_CURVE('',#5035,(#5039,#5051),.PCURVE_S1.);
#5035 = LINE('',#5036,#5037);
#5036 = CARTESIAN_POINT('',(-501.275,40.,641.11081262207));
#5037 = VECTOR('',#5038,1.);
#5038 = DIRECTION('',(0.,0.,1.));
#5039 = PCURVE('',#5040,#5045);
#5040 = PLANE('',#5041);
#5041 = AXIS2_PLACEMENT_3D('',#5042,#5043,#5044);
#5042 = CARTESIAN_POINT('',(-501.275,40.,641.11081262207));
#5043 = DIRECTION('',(1.,0.,0.));
#5044 = DIRECTION('',(0.,0.,1.));
#5045 = DEFINITIONAL_REPRESENTATION('',(#5046),#5050);
#5046 = LINE('',#5047,#5048);
#5047 = CARTESIAN_POINT('',(0.,0.));
#5048 = VECTOR('',#5049,1.);
#5049 = DIRECTION('',(1.,0.));
#5050 = ( GEOMETRIC_REPRESENTATION_CONTEXT(2) 
PARAMETRIC_REPRESENTATION_CONTEXT() REPRESENTATION_CONTEXT('2D SPACE',''
  ) );
#5051 = PCURVE('',#4932,#5052);
#5052 = DEFINITIONAL_REPRESENTATION('',(#5053),#5057);
#5053 = LINE('',#5054,#5055);
#5054 = CARTESIAN_POINT('',(0.,260.));
#5055 = VECTOR('',#5056,1.);
#5056 = DIRECTION('',(1.,0.));
#5057 = ( GEOMETRIC_REPRESENTATION_CONTEXT(2) 
PARAMETRIC_REPRESENTATION_CONTEXT() REPRESENTATION_CONTEXT('2D SPACE',''
  ) );
#5058 = ORIENTED_EDGE('',*,*,#5059,.T.);
#5059 = EDGE_CURVE('',#5030,#5060,#5062,.T.);
#5060 = VERTEX_POINT('',#5061);
#5061 = CARTESIAN_POINT('',(-501.275,240.,641.11081262207));
#5062 = SURFACE_CURVE('',#5063,(#5067,#5074),.PCURVE_S1.);
#5063 = LINE('',#5064,#5065);
#5064 = CARTESIAN_POINT('',(-501.275,40.,641.11081262207));
#5065 = VECTOR('',#5066,1.);
#5066 = DIRECTION('',(0.,1.,0.));
#5067 = PCURVE('',#5040,#5068);
#5068 = DEFINITIONAL_REPRESENTATION('',(#5069),#5073);
#5069 = LINE('',#5070,#5071);
#5070 = CARTESIAN_POINT('',(0.,0.));
#5071 = VECTOR('',#5072,1.);
#5072 = DIRECTION('',(0.,-1.));
#5073 = ( GEOMETRIC_REPRESENTATION_CONTEXT(2) 
PARAMETRIC_REPRESENTATION_CONTEXT() REPRESENTATION_CONTEXT('2D SPACE',''
  ) );
#5074 = PCURVE('',#4960,#5075);
#5075 = DEFINITIONAL_REPRESENTATION('',(#5076),#5080);
#5076 = LINE('',#5077,#5078);
#5077 = CARTESIAN_POINT('',(260.,0.));
#5078 = VECTOR('',#5079,1.);
#5079 = DIRECTION('',(0.,1.));
#5080 = ( GEOMETRIC_REPRESENTATION_CONTEXT(2) 
PARAMETRIC_REPRESENTATION_CONTEXT() REPRESENTATION_CONTEXT('2D SPACE',''
  ) );
#5081 = ORIENTED_EDGE('',*,*,#5082,.T.);
#5082 = EDGE_CURVE('',#5060,#5083,#5085,.T.);
#5083 = VERTEX_POINT('',#5084);
#5084 = CARTESIAN_POINT('',(-501.275,240.,751.11081262207));
#5085 = SURFACE_CURVE('',#5086,(#5090,#5097),.PCURVE_S1.);
#5086 = LINE('',#5087,#5088);
#5087 = CARTESIAN_POINT('',(-501.275,240.,641.11081262207));
#5088 = VECTOR('',#5089,1.);
#5089 = DIRECTION('',(0.,0.,1.));
#5090 = PCURVE('',#5040,#5091);
#5091 = DEFINITIONAL_REPRESENTATION('',(#5092),#5096);
#5092 = LINE('',#5093,#5094);
#5093 = CARTESIAN_POINT('',(0.,-200.));
#5094 = VECTOR('',#5095,1.);
#5095 = DIRECTION('',(1.,0.));
#5096 = ( GEOMETRIC_REPRESENTATION_CONTEXT(2) 
PARAMETRIC_REPRESENTATION_CONTEXT() REPRESENTATION_CONTEXT('2D SPACE',''
  ) );
#5097 = PCURVE('',#4988,#5098);
#5098 = DEFINITIONAL_REPRESENTATION('',(#5099),#5103);
#5099 = LINE('',#5100,#5101);
#5100 = CARTESIAN_POINT('',(0.,260.));
#5101 = VECTOR('',#5102,1.);
#5102 = DIRECTION('',(1.,0.));
#5103 = ( GEOMETRIC_REPRESENTATION_CONTEXT(2) 
PARAMETRIC_REPRESENTATION_CONTEXT() REPRESENTATION_CONTEXT('2D SPACE',''
  ) );
#5104 = ORIENTED_EDGE('',*,*,#5105,.F.);
#5105 = EDGE_CURVE('',#5032,#5083,#5106,.T.);
#5106 = SURFACE_CURVE('',#5107,(#5111,#5118),.PCURVE_S1.);
#5107 = LINE('',#5108,#5109);
#5108 = CARTESIAN_POINT('',(-501.275,40.,751.11081262207));
#5109 = VECTOR('',#5110,1.);
#5110 = DIRECTION('',(0.,1.,0.));
#5111 = PCURVE('',#5040,#5112);
#5112 = DEFINITIONAL_REPRESENTATION('',(#5113),#5117);
#5113 = LINE('',#5114,#5115);
#5114 = CARTESIAN_POINT('',(110.,0.));
#5115 = VECTOR('',#5116,1.);
#5116 = DIRECTION('',(0.,-1.));
#5117 = ( GEOMETRIC_REPRESENTATION_CONTEXT(2) 
PARAMETRIC_REPRESENTATION_CONTEXT() REPRESENTATION_CONTEXT('2D SPACE',''
  ) );
#5118 = PCURVE('',#5014,#5119);
#5119 = DEFINITIONAL_REPRESENTATION('',(#5120),#5124);
#5120 = LINE('',#5121,#5122);
#5121 = CARTESIAN_POINT('',(260.,0.));
#5122 = VECTOR('',#5123,1.);
#5123 = DIRECTION('',(0.,1.));
#5124 = ( GEOMETRIC_REPRESENTATION_CONTEXT(2) 
PARAMETRIC_REPRESENTATION_CONTEXT() REPRESENTATION_CONTEXT('2D SPACE',''
  ) );
#5125 = ADVANCED_FACE('',(#5126),#4932,.F.);
#5126 = FACE_BOUND('',#5127,.F.);
#5127 = EDGE_LOOP('',(#5128,#5149,#5150,#5171));
#5128 = ORIENTED_EDGE('',*,*,#5129,.F.);
#5129 = EDGE_CURVE('',#4910,#5030,#5130,.T.);
#5130 = SURFACE_CURVE('',#5131,(#5135,#5142),.PCURVE_S1.);
#5131 = LINE('',#5132,#5133);
#5132 = CARTESIAN_POINT('',(-761.275,40.,641.11081262207));
#5133 = VECTOR('',#5134,1.);
#5134 = DIRECTION('',(1.,0.,0.));
#5135 = PCURVE('',#4932,#5136);
#5136 = DEFINITIONAL_REPRESENTATION('',(#5137),#5141);
#5137 = LINE('',#5138,#5139);
#5138 = CARTESIAN_POINT('',(0.,0.));
#5139 = VECTOR('',#5140,1.);
#5140 = DIRECTION('',(0.,1.));
#5141 = ( GEOMETRIC_REPRESENTATION_CONTEXT(2) 
PARAMETRIC_REPRESENTATION_CONTEXT() REPRESENTATION_CONTEXT('2D SPACE',''
  ) );
#5142 = PCURVE('',#4960,#5143);
#5143 = DEFINITIONAL_REPRESENTATION('',(#5144),#5148);
#5144 = LINE('',#5145,#5146);
#5145 = CARTESIAN_POINT('',(0.,0.));
#5146 = VECTOR('',#5147,1.);
#5147 = DIRECTION('',(1.,0.));
#5148 = ( GEOMETRIC_REPRESENTATION_CONTEXT(2) 
PARAMETRIC_REPRESENTATION_CONTEXT() REPRESENTATION_CONTEXT('2D SPACE',''
  ) );
#5149 = ORIENTED_EDGE('',*,*,#4909,.T.);
#5150 = ORIENTED_EDGE('',*,*,#5151,.T.);
#5151 = EDGE_CURVE('',#4912,#5032,#5152,.T.);
#5152 = SURFACE_CURVE('',#5153,(#5157,#5164),.PCURVE_S1.);
#5153 = LINE('',#5154,#5155);
#5154 = CARTESIAN_POINT('',(-761.275,40.,751.11081262207));
#5155 = VECTOR('',#5156,1.);
#5156 = DIRECTION('',(1.,0.,0.));
#5157 = PCURVE('',#4932,#5158);
#5158 = DEFINITIONAL_REPRESENTATION('',(#5159),#5163);
#5159 = LINE('',#5160,#5161);
#5160 = CARTESIAN_POINT('',(110.,0.));
#5161 = VECTOR('',#5162,1.);
#5162 = DIRECTION('',(0.,1.));
#5163 = ( GEOMETRIC_REPRESENTATION_CONTEXT(2) 
PARAMETRIC_REPRESENTATION_CONTEXT() REPRESENTATION_CONTEXT('2D SPACE',''
  ) );
#5164 = PCURVE('',#5014,#5165);
#5165 = DEFINITIONAL_REPRESENTATION('',(#5166),#5170);
#5166 = LINE('',#5167,#5168);
#5167 = CARTESIAN_POINT('',(0.,0.));
#5168 = VECTOR('',#5169,1.);
#5169 = DIRECTION('',(1.,0.));
#5170 = ( GEOMETRIC_REPRESENTATION_CONTEXT(2) 
PARAMETRIC_REPRESENTATION_CONTEXT() REPRESENTATION_CONTEXT('2D SPACE',''
  ) );
#5171 = ORIENTED_EDGE('',*,*,#5029,.F.);
#5172 = ADVANCED_FACE('',(#5173),#4988,.T.);
#5173 = FACE_BOUND('',#5174,.T.);
#5174 = EDGE_LOOP('',(#5175,#5196,#5197,#5218));
#5175 = ORIENTED_EDGE('',*,*,#5176,.F.);
#5176 = EDGE_CURVE('',#4945,#5060,#5177,.T.);
#5177 = SURFACE_CURVE('',#5178,(#5182,#5189),.PCURVE_S1.);
#5178 = LINE('',#5179,#5180);
#5179 = CARTESIAN_POINT('',(-761.275,240.,641.11081262207));
#5180 = VECTOR('',#5181,1.);
#5181 = DIRECTION('',(1.,0.,0.));
#5182 = PCURVE('',#4988,#5183);
#5183 = DEFINITIONAL_REPRESENTATION('',(#5184),#5188);
#5184 = LINE('',#5185,#5186);
#5185 = CARTESIAN_POINT('',(0.,0.));
#5186 = VECTOR('',#5187,1.);
#5187 = DIRECTION('',(0.,1.));
#5188 = ( GEOMETRIC_REPRESENTATION_CONTEXT(2) 
PARAMETRIC_REPRESENTATION_CONTEXT() REPRESENTATION_CONTEXT('2D SPACE',''
  ) );
#5189 = PCURVE('',#4960,#5190);
#5190 = DEFINITIONAL_REPRESENTATION('',(#5191),#5195);
#5191 = LINE('',#5192,#5193);
#5192 = CARTESIAN_POINT('',(0.,200.));
#5193 = VECTOR('',#5194,1.);
#5194 = DIRECTION('',(1.,0.));
#5195 = ( GEOMETRIC_REPRESENTATION_CONTEXT(2) 
PARAMETRIC_REPRESENTATION_CONTEXT() REPRESENTATION_CONTEXT('2D SPACE',''
  ) );
#5196 = ORIENTED_EDGE('',*,*,#4972,.T.);
#5197 = ORIENTED_EDGE('',*,*,#5198,.T.);
#5198 = EDGE_CURVE('',#4973,#5083,#5199,.T.);
#5199 = SURFACE_CURVE('',#5200,(#5204,#5211),.PCURVE_S1.);
#5200 = LINE('',#5201,#5202);
#5201 = CARTESIAN_POINT('',(-761.275,240.,751.11081262207));
#5202 = VECTOR('',#5203,1.);
#5203 = DIRECTION('',(1.,0.,0.));
#5204 = PCURVE('',#4988,#5205);
#5205 = DEFINITIONAL_REPRESENTATION('',(#5206),#5210);
#5206 = LINE('',#5207,#5208);
#5207 = CARTESIAN_POINT('',(110.,0.));
#5208 = VECTOR('',#5209,1.);
#5209 = DIRECTION('',(0.,1.));
#5210 = ( GEOMETRIC_REPRESENTATION_CONTEXT(2) 
PARAMETRIC_REPRESENTATION_CONTEXT() REPRESENTATION_CONTEXT('2D SPACE',''
  ) );
#5211 = PCURVE('',#5014,#5212);
#5212 = DEFINITIONAL_REPRESENTATION('',(#5213),#5217);
#5213 = LINE('',#5214,#5215);
#5214 = CARTESIAN_POINT('',(0.,200.));
#5215 = VECTOR('',#5216,1.);
#5216 = DIRECTION('',(1.,0.));
#5217 = ( GEOMETRIC_REPRESENTATION_CONTEXT(2) 
PARAMETRIC_REPRESENTATION_CONTEXT() REPRESENTATION_CONTEXT('2D SPACE',''
  ) );
#5218 = ORIENTED_EDGE('',*,*,#5082,.F.);
#5219 = ADVANCED_FACE('',(#5220),#4960,.F.);
#5220 = FACE_BOUND('',#5221,.F.);
#5221 = EDGE_LOOP('',(#5222,#5223,#5224,#5225));
#5222 = ORIENTED_EDGE('',*,*,#4944,.F.);
#5223 = ORIENTED_EDGE('',*,*,#5129,.T.);
#5224 = ORIENTED_EDGE('',*,*,#5059,.T.);
#5225 = ORIENTED_EDGE('',*,*,#5176,.F.);
#5226 = ADVANCED_FACE('',(#5227),#5014,.T.);
#5227 = FACE_BOUND('',#5228,.T.);
#5228 = EDGE_LOOP('',(#5229,#5230,#5231,#5232));
#5229 = ORIENTED_EDGE('',*,*,#5000,.F.);
#5230 = ORIENTED_EDGE('',*,*,#5151,.T.);
#5231 = ORIENTED_EDGE('',*,*,#5105,.T.);
#5232 = ORIENTED_EDGE('',*,*,#5198,.F.);
#5233 = ( GEOMETRIC_REPRESENTATION_CONTEXT(3) 
GLOBAL_UNCERTAINTY_ASSIGNED_CONTEXT((#5237)) 
GLOBAL_UNIT_ASSIGNED_CONTEXT((#5234,#5235,#5236)) REPRESENTATION_CONTEXT
('Context #1','3D Context with UNIT and UNCERTAINTY') );
#5234 = ( LENGTH_UNIT() NAMED_UNIT(*) SI_UNIT(.MILLI.,.METRE.) );
#5235 = ( NAMED_UNIT(*) PLANE_ANGLE_UNIT() SI_UNIT($,.RADIAN.) );
#5236 = ( NAMED_UNIT(*) SI_UNIT($,.STERADIAN.) SOLID_ANGLE_UNIT() );
#5237 = UNCERTAINTY_MEASURE_WITH_UNIT(LENGTH_MEASURE(1.E-07),#5234,
  'distance_accuracy_value','confusion accuracy');
#5238 = CONTEXT_DEPENDENT_SHAPE_REPRESENTATION(#5239,#5241);
#5239 = ( REPRESENTATION_RELATIONSHIP('','',#4902,#10) 
REPRESENTATION_RELATIONSHIP_WITH_TRANSFORMATION(#5240) 
SHAPE_REPRESENTATION_RELATIONSHIP() );
#5240 = ITEM_DEFINED_TRANSFORMATION('','',#11,#71);
#5241 = PRODUCT_DEFINITION_SHAPE('Placement','Placement of an item',
  #5242);
#5242 = NEXT_ASSEMBLY_USAGE_OCCURRENCE('15','POWERTRAIN_HV/inverter','',
  #5,#4897,$);
#5243 = PRODUCT_RELATED_PRODUCT_CATEGORY('part',$,(#4899));
#5244 = SHAPE_DEFINITION_REPRESENTATION(#5245,#5251);
#5245 = PRODUCT_DEFINITION_SHAPE('','',#5246);
#5246 = PRODUCT_DEFINITION('design','',#5247,#5250);
#5247 = PRODUCT_DEFINITION_FORMATION('','',#5248);
#5248 = PRODUCT('CLASH/terminal_box','CLASH/terminal_box','',(#5249));
#5249 = PRODUCT_CONTEXT('',#2,'mechanical');
#5250 = PRODUCT_DEFINITION_CONTEXT('part definition',#2,'design');
#5251 = ADVANCED_BREP_SHAPE_REPRESENTATION('',(#11,#5252),#5582);
#5252 = MANIFOLD_SOLID_BREP('',#5253);
#5253 = CLOSED_SHELL('',(#5254,#5374,#5474,#5521,#5568,#5575));
#5254 = ADVANCED_FACE('',(#5255),#5269,.F.);
#5255 = FACE_BOUND('',#5256,.F.);
#5256 = EDGE_LOOP('',(#5257,#5292,#5320,#5348));
#5257 = ORIENTED_EDGE('',*,*,#5258,.F.);
#5258 = EDGE_CURVE('',#5259,#5261,#5263,.T.);
#5259 = VERTEX_POINT('',#5260);
#5260 = CARTESIAN_POINT('',(-160.,-75.,880.04119458007));
#5261 = VERTEX_POINT('',#5262);
#5262 = CARTESIAN_POINT('',(-160.,-75.,980.04119458007));
#5263 = SURFACE_CURVE('',#5264,(#5268,#5280),.PCURVE_S1.);
#5264 = LINE('',#5265,#5266);
#5265 = CARTESIAN_POINT('',(-160.,-75.,880.04119458007));
#5266 = VECTOR('',#5267,1.);
#5267 = DIRECTION('',(0.,0.,1.));
#5268 = PCURVE('',#5269,#5274);
#5269 = PLANE('',#5270);
#5270 = AXIS2_PLACEMENT_3D('',#5271,#5272,#5273);
#5271 = CARTESIAN_POINT('',(-160.,-75.,880.04119458007));
#5272 = DIRECTION('',(1.,0.,0.));
#5273 = DIRECTION('',(0.,0.,1.));
#5274 = DEFINITIONAL_REPRESENTATION('',(#5275),#5279);
#5275 = LINE('',#5276,#5277);
#5276 = CARTESIAN_POINT('',(0.,0.));
#5277 = VECTOR('',#5278,1.);
#5278 = DIRECTION('',(1.,0.));
#5279 = ( GEOMETRIC_REPRESENTATION_CONTEXT(2) 
PARAMETRIC_REPRESENTATION_CONTEXT() REPRESENTATION_CONTEXT('2D SPACE',''
  ) );
#5280 = PCURVE('',#5281,#5286);
#5281 = PLANE('',#5282);
#5282 = AXIS2_PLACEMENT_3D('',#5283,#5284,#5285);
#5283 = CARTESIAN_POINT('',(-160.,-75.,880.04119458007));
#5284 = DIRECTION('',(0.,1.,0.));
#5285 = DIRECTION('',(0.,0.,1.));
#5286 = DEFINITIONAL_REPRESENTATION('',(#5287),#5291);
#5287 = LINE('',#5288,#5289);
#5288 = CARTESIAN_POINT('',(0.,0.));
#5289 = VECTOR('',#5290,1.);
#5290 = DIRECTION('',(1.,0.));
#5291 = ( GEOMETRIC_REPRESENTATION_CONTEXT(2) 
PARAMETRIC_REPRESENTATION_CONTEXT() REPRESENTATION_CONTEXT('2D SPACE',''
  ) );
#5292 = ORIENTED_EDGE('',*,*,#5293,.T.);
#5293 = EDGE_CURVE('',#5259,#5294,#5296,.T.);
#5294 = VERTEX_POINT('',#5295);
#5295 = CARTESIAN_POINT('',(-160.,75.,880.04119458007));
#5296 = SURFACE_CURVE('',#5297,(#5301,#5308),.PCURVE_S1.);
#5297 = LINE('',#5298,#5299);
#5298 = CARTESIAN_POINT('',(-160.,-75.,880.04119458007));
#5299 = VECTOR('',#5300,1.);
#5300 = DIRECTION('',(0.,1.,0.));
#5301 = PCURVE('',#5269,#5302);
#5302 = DEFINITIONAL_REPRESENTATION('',(#5303),#5307);
#5303 = LINE('',#5304,#5305);
#5304 = CARTESIAN_POINT('',(0.,0.));
#5305 = VECTOR('',#5306,1.);
#5306 = DIRECTION('',(0.,-1.));
#5307 = ( GEOMETRIC_REPRESENTATION_CONTEXT(2) 
PARAMETRIC_REPRESENTATION_CONTEXT() REPRESENTATION_CONTEXT('2D SPACE',''
  ) );
#5308 = PCURVE('',#5309,#5314);
#5309 = PLANE('',#5310);
#5310 = AXIS2_PLACEMENT_3D('',#5311,#5312,#5313);
#5311 = CARTESIAN_POINT('',(-160.,-75.,880.04119458007));
#5312 = DIRECTION('',(0.,0.,1.));
#5313 = DIRECTION('',(1.,0.,0.));
#5314 = DEFINITIONAL_REPRESENTATION('',(#5315),#5319);
#5315 = LINE('',#5316,#5317);
#5316 = CARTESIAN_POINT('',(0.,0.));
#5317 = VECTOR('',#5318,1.);
#5318 = DIRECTION('',(0.,1.));
#5319 = ( GEOMETRIC_REPRESENTATION_CONTEXT(2) 
PARAMETRIC_REPRESENTATION_CONTEXT() REPRESENTATION_CONTEXT('2D SPACE',''
  ) );
#5320 = ORIENTED_EDGE('',*,*,#5321,.T.);
#5321 = EDGE_CURVE('',#5294,#5322,#5324,.T.);
#5322 = VERTEX_POINT('',#5323);
#5323 = CARTESIAN_POINT('',(-160.,75.,980.04119458007));
#5324 = SURFACE_CURVE('',#5325,(#5329,#5336),.PCURVE_S1.);
#5325 = LINE('',#5326,#5327);
#5326 = CARTESIAN_POINT('',(-160.,75.,880.04119458007));
#5327 = VECTOR('',#5328,1.);
#5328 = DIRECTION('',(0.,0.,1.));
#5329 = PCURVE('',#5269,#5330);
#5330 = DEFINITIONAL_REPRESENTATION('',(#5331),#5335);
#5331 = LINE('',#5332,#5333);
#5332 = CARTESIAN_POINT('',(0.,-150.));
#5333 = VECTOR('',#5334,1.);
#5334 = DIRECTION('',(1.,0.));
#5335 = ( GEOMETRIC_REPRESENTATION_CONTEXT(2) 
PARAMETRIC_REPRESENTATION_CONTEXT() REPRESENTATION_CONTEXT('2D SPACE',''
  ) );
#5336 = PCURVE('',#5337,#5342);
#5337 = PLANE('',#5338);
#5338 = AXIS2_PLACEMENT_3D('',#5339,#5340,#5341);
#5339 = CARTESIAN_POINT('',(-160.,75.,880.04119458007));
#5340 = DIRECTION('',(0.,1.,0.));
#5341 = DIRECTION('',(0.,0.,1.));
#5342 = DEFINITIONAL_REPRESENTATION('',(#5343),#5347);
#5343 = LINE('',#5344,#5345);
#5344 = CARTESIAN_POINT('',(0.,0.));
#5345 = VECTOR('',#5346,1.);
#5346 = DIRECTION('',(1.,0.));
#5347 = ( GEOMETRIC_REPRESENTATION_CONTEXT(2) 
PARAMETRIC_REPRESENTATION_CONTEXT() REPRESENTATION_CONTEXT('2D SPACE',''
  ) );
#5348 = ORIENTED_EDGE('',*,*,#5349,.F.);
#5349 = EDGE_CURVE('',#5261,#5322,#5350,.T.);
#5350 = SURFACE_CURVE('',#5351,(#5355,#5362),.PCURVE_S1.);
#5351 = LINE('',#5352,#5353);
#5352 = CARTESIAN_POINT('',(-160.,-75.,980.04119458007));
#5353 = VECTOR('',#5354,1.);
#5354 = DIRECTION('',(0.,1.,0.));
#5355 = PCURVE('',#5269,#5356);
#5356 = DEFINITIONAL_REPRESENTATION('',(#5357),#5361);
#5357 = LINE('',#5358,#5359);
#5358 = CARTESIAN_POINT('',(100.,0.));
#5359 = VECTOR('',#5360,1.);
#5360 = DIRECTION('',(0.,-1.));
#5361 = ( GEOMETRIC_REPRESENTATION_CONTEXT(2) 
PARAMETRIC_REPRESENTATION_CONTEXT() REPRESENTATION_CONTEXT('2D SPACE',''
  ) );
#5362 = PCURVE('',#5363,#5368);
#5363 = PLANE('',#5364);
#5364 = AXIS2_PLACEMENT_3D('',#5365,#5366,#5367);
#5365 = CARTESIAN_POINT('',(-160.,-75.,980.04119458007));
#5366 = DIRECTION('',(0.,0.,1.));
#5367 = DIRECTION('',(1.,0.,0.));
#5368 = DEFINITIONAL_REPRESENTATION('',(#5369),#5373);
#5369 = LINE('',#5370,#5371);
#5370 = CARTESIAN_POINT('',(0.,0.));
#5371 = VECTOR('',#5372,1.);
#5372 = DIRECTION('',(0.,1.));
#5373 = ( GEOMETRIC_REPRESENTATION_CONTEXT(2) 
PARAMETRIC_REPRESENTATION_CONTEXT() REPRESENTATION_CONTEXT('2D SPACE',''
  ) );
#5374 = ADVANCED_FACE('',(#5375),#5389,.T.);
#5375 = FACE_BOUND('',#5376,.T.);
#5376 = EDGE_LOOP('',(#5377,#5407,#5430,#5453));
#5377 = ORIENTED_EDGE('',*,*,#5378,.F.);
#5378 = EDGE_CURVE('',#5379,#5381,#5383,.T.);
#5379 = VERTEX_POINT('',#5380);
#5380 = CARTESIAN_POINT('',(40.,-75.,880.04119458007));
#5381 = VERTEX_POINT('',#5382);
#5382 = CARTESIAN_POINT('',(40.,-75.,980.04119458007));
#5383 = SURFACE_CURVE('',#5384,(#5388,#5400),.PCURVE_S1.);
#5384 = LINE('',#5385,#5386);
#5385 = CARTESIAN_POINT('',(40.,-75.,880.04119458007));
#5386 = VECTOR('',#5387,1.);
#5387 = DIRECTION('',(0.,0.,1.));
#5388 = PCURVE('',#5389,#5394);
#5389 = PLANE('',#5390);
#5390 = AXIS2_PLACEMENT_3D('',#5391,#5392,#5393);
#5391 = CARTESIAN_POINT('',(40.,-75.,880.04119458007));
#5392 = DIRECTION('',(1.,0.,0.));
#5393 = DIRECTION('',(0.,0.,1.));
#5394 = DEFINITIONAL_REPRESENTATION('',(#5395),#5399);
#5395 = LINE('',#5396,#5397);
#5396 = CARTESIAN_POINT('',(0.,0.));
#5397 = VECTOR('',#5398,1.);
#5398 = DIRECTION('',(1.,0.));
#5399 = ( GEOMETRIC_REPRESENTATION_CONTEXT(2) 
PARAMETRIC_REPRESENTATION_CONTEXT() REPRESENTATION_CONTEXT('2D SPACE',''
  ) );
#5400 = PCURVE('',#5281,#5401);
#5401 = DEFINITIONAL_REPRESENTATION('',(#5402),#5406);
#5402 = LINE('',#5403,#5404);
#5403 = CARTESIAN_POINT('',(0.,200.));
#5404 = VECTOR('',#5405,1.);
#5405 = DIRECTION('',(1.,0.));
#5406 = ( GEOMETRIC_REPRESENTATION_CONTEXT(2) 
PARAMETRIC_REPRESENTATION_CONTEXT() REPRESENTATION_CONTEXT('2D SPACE',''
  ) );
#5407 = ORIENTED_EDGE('',*,*,#5408,.T.);
#5408 = EDGE_CURVE('',#5379,#5409,#5411,.T.);
#5409 = VERTEX_POINT('',#5410);
#5410 = CARTESIAN_POINT('',(40.,75.,880.04119458007));
#5411 = SURFACE_CURVE('',#5412,(#5416,#5423),.PCURVE_S1.);
#5412 = LINE('',#5413,#5414);
#5413 = CARTESIAN_POINT('',(40.,-75.,880.04119458007));
#5414 = VECTOR('',#5415,1.);
#5415 = DIRECTION('',(0.,1.,0.));
#5416 = PCURVE('',#5389,#5417);
#5417 = DEFINITIONAL_REPRESENTATION('',(#5418),#5422);
#5418 = LINE('',#5419,#5420);
#5419 = CARTESIAN_POINT('',(0.,0.));
#5420 = VECTOR('',#5421,1.);
#5421 = DIRECTION('',(0.,-1.));
#5422 = ( GEOMETRIC_REPRESENTATION_CONTEXT(2) 
PARAMETRIC_REPRESENTATION_CONTEXT() REPRESENTATION_CONTEXT('2D SPACE',''
  ) );
#5423 = PCURVE('',#5309,#5424);
#5424 = DEFINITIONAL_REPRESENTATION('',(#5425),#5429);
#5425 = LINE('',#5426,#5427);
#5426 = CARTESIAN_POINT('',(200.,0.));
#5427 = VECTOR('',#5428,1.);
#5428 = DIRECTION('',(0.,1.));
#5429 = ( GEOMETRIC_REPRESENTATION_CONTEXT(2) 
PARAMETRIC_REPRESENTATION_CONTEXT() REPRESENTATION_CONTEXT('2D SPACE',''
  ) );
#5430 = ORIENTED_EDGE('',*,*,#5431,.T.);
#5431 = EDGE_CURVE('',#5409,#5432,#5434,.T.);
#5432 = VERTEX_POINT('',#5433);
#5433 = CARTESIAN_POINT('',(40.,75.,980.04119458007));
#5434 = SURFACE_CURVE('',#5435,(#5439,#5446),.PCURVE_S1.);
#5435 = LINE('',#5436,#5437);
#5436 = CARTESIAN_POINT('',(40.,75.,880.04119458007));
#5437 = VECTOR('',#5438,1.);
#5438 = DIRECTION('',(0.,0.,1.));
#5439 = PCURVE('',#5389,#5440);
#5440 = DEFINITIONAL_REPRESENTATION('',(#5441),#5445);
#5441 = LINE('',#5442,#5443);
#5442 = CARTESIAN_POINT('',(0.,-150.));
#5443 = VECTOR('',#5444,1.);
#5444 = DIRECTION('',(1.,0.));
#5445 = ( GEOMETRIC_REPRESENTATION_CONTEXT(2) 
PARAMETRIC_REPRESENTATION_CONTEXT() REPRESENTATION_CONTEXT('2D SPACE',''
  ) );
#5446 = PCURVE('',#5337,#5447);
#5447 = DEFINITIONAL_REPRESENTATION('',(#5448),#5452);
#5448 = LINE('',#5449,#5450);
#5449 = CARTESIAN_POINT('',(0.,200.));
#5450 = VECTOR('',#5451,1.);
#5451 = DIRECTION('',(1.,0.));
#5452 = ( GEOMETRIC_REPRESENTATION_CONTEXT(2) 
PARAMETRIC_REPRESENTATION_CONTEXT() REPRESENTATION_CONTEXT('2D SPACE',''
  ) );
#5453 = ORIENTED_EDGE('',*,*,#5454,.F.);
#5454 = EDGE_CURVE('',#5381,#5432,#5455,.T.);
#5455 = SURFACE_CURVE('',#5456,(#5460,#5467),.PCURVE_S1.);
#5456 = LINE('',#5457,#5458);
#5457 = CARTESIAN_POINT('',(40.,-75.,980.04119458007));
#5458 = VECTOR('',#5459,1.);
#5459 = DIRECTION('',(0.,1.,0.));
#5460 = PCURVE('',#5389,#5461);
#5461 = DEFINITIONAL_REPRESENTATION('',(#5462),#5466);
#5462 = LINE('',#5463,#5464);
#5463 = CARTESIAN_POINT('',(100.,0.));
#5464 = VECTOR('',#5465,1.);
#5465 = DIRECTION('',(0.,-1.));
#5466 = ( GEOMETRIC_REPRESENTATION_CONTEXT(2) 
PARAMETRIC_REPRESENTATION_CONTEXT() REPRESENTATION_CONTEXT('2D SPACE',''
  ) );
#5467 = PCURVE('',#5363,#5468);
#5468 = DEFINITIONAL_REPRESENTATION('',(#5469),#5473);
#5469 = LINE('',#5470,#5471);
#5470 = CARTESIAN_POINT('',(200.,0.));
#5471 = VECTOR('',#5472,1.);
#5472 = DIRECTION('',(0.,1.));
#5473 = ( GEOMETRIC_REPRESENTATION_CONTEXT(2) 
PARAMETRIC_REPRESENTATION_CONTEXT() REPRESENTATION_CONTEXT('2D SPACE',''
  ) );
#5474 = ADVANCED_FACE('',(#5475),#5281,.F.);
#5475 = FACE_BOUND('',#5476,.F.);
#5476 = EDGE_LOOP('',(#5477,#5498,#5499,#5520));
#5477 = ORIENTED_EDGE('',*,*,#5478,.F.);
#5478 = EDGE_CURVE('',#5259,#5379,#5479,.T.);
#5479 = SURFACE_CURVE('',#5480,(#5484,#5491),.PCURVE_S1.);
#5480 = LINE('',#5481,#5482);
#5481 = CARTESIAN_POINT('',(-160.,-75.,880.04119458007));
#5482 = VECTOR('',#5483,1.);
#5483 = DIRECTION('',(1.,0.,0.));
#5484 = PCURVE('',#5281,#5485);
#5485 = DEFINITIONAL_REPRESENTATION('',(#5486),#5490);
#5486 = LINE('',#5487,#5488);
#5487 = CARTESIAN_POINT('',(0.,0.));
#5488 = VECTOR('',#5489,1.);
#5489 = DIRECTION('',(0.,1.));
#5490 = ( GEOMETRIC_REPRESENTATION_CONTEXT(2) 
PARAMETRIC_REPRESENTATION_CONTEXT() REPRESENTATION_CONTEXT('2D SPACE',''
  ) );
#5491 = PCURVE('',#5309,#5492);
#5492 = DEFINITIONAL_REPRESENTATION('',(#5493),#5497);
#5493 = LINE('',#5494,#5495);
#5494 = CARTESIAN_POINT('',(0.,0.));
#5495 = VECTOR('',#5496,1.);
#5496 = DIRECTION('',(1.,0.));
#5497 = ( GEOMETRIC_REPRESENTATION_CONTEXT(2) 
PARAMETRIC_REPRESENTATION_CONTEXT() REPRESENTATION_CONTEXT('2D SPACE',''
  ) );
#5498 = ORIENTED_EDGE('',*,*,#5258,.T.);
#5499 = ORIENTED_EDGE('',*,*,#5500,.T.);
#5500 = EDGE_CURVE('',#5261,#5381,#5501,.T.);
#5501 = SURFACE_CURVE('',#5502,(#5506,#5513),.PCURVE_S1.);
#5502 = LINE('',#5503,#5504);
#5503 = CARTESIAN_POINT('',(-160.,-75.,980.04119458007));
#5504 = VECTOR('',#5505,1.);
#5505 = DIRECTION('',(1.,0.,0.));
#5506 = PCURVE('',#5281,#5507);
#5507 = DEFINITIONAL_REPRESENTATION('',(#5508),#5512);
#5508 = LINE('',#5509,#5510);
#5509 = CARTESIAN_POINT('',(100.,0.));
#5510 = VECTOR('',#5511,1.);
#5511 = DIRECTION('',(0.,1.));
#5512 = ( GEOMETRIC_REPRESENTATION_CONTEXT(2) 
PARAMETRIC_REPRESENTATION_CONTEXT() REPRESENTATION_CONTEXT('2D SPACE',''
  ) );
#5513 = PCURVE('',#5363,#5514);
#5514 = DEFINITIONAL_REPRESENTATION('',(#5515),#5519);
#5515 = LINE('',#5516,#5517);
#5516 = CARTESIAN_POINT('',(0.,0.));
#5517 = VECTOR('',#5518,1.);
#5518 = DIRECTION('',(1.,0.));
#5519 = ( GEOMETRIC_REPRESENTATION_CONTEXT(2) 
PARAMETRIC_REPRESENTATION_CONTEXT() REPRESENTATION_CONTEXT('2D SPACE',''
  ) );
#5520 = ORIENTED_EDGE('',*,*,#5378,.F.);
#5521 = ADVANCED_FACE('',(#5522),#5337,.T.);
#5522 = FACE_BOUND('',#5523,.T.);
#5523 = EDGE_LOOP('',(#5524,#5545,#5546,#5567));
#5524 = ORIENTED_EDGE('',*,*,#5525,.F.);
#5525 = EDGE_CURVE('',#5294,#5409,#5526,.T.);
#5526 = SURFACE_CURVE('',#5527,(#5531,#5538),.PCURVE_S1.);
#5527 = LINE('',#5528,#5529);
#5528 = CARTESIAN_POINT('',(-160.,75.,880.04119458007));
#5529 = VECTOR('',#5530,1.);
#5530 = DIRECTION('',(1.,0.,0.));
#5531 = PCURVE('',#5337,#5532);
#5532 = DEFINITIONAL_REPRESENTATION('',(#5533),#5537);
#5533 = LINE('',#5534,#5535);
#5534 = CARTESIAN_POINT('',(0.,0.));
#5535 = VECTOR('',#5536,1.);
#5536 = DIRECTION('',(0.,1.));
#5537 = ( GEOMETRIC_REPRESENTATION_CONTEXT(2) 
PARAMETRIC_REPRESENTATION_CONTEXT() REPRESENTATION_CONTEXT('2D SPACE',''
  ) );
#5538 = PCURVE('',#5309,#5539);
#5539 = DEFINITIONAL_REPRESENTATION('',(#5540),#5544);
#5540 = LINE('',#5541,#5542);
#5541 = CARTESIAN_POINT('',(0.,150.));
#5542 = VECTOR('',#5543,1.);
#5543 = DIRECTION('',(1.,0.));
#5544 = ( GEOMETRIC_REPRESENTATION_CONTEXT(2) 
PARAMETRIC_REPRESENTATION_CONTEXT() REPRESENTATION_CONTEXT('2D SPACE',''
  ) );
#5545 = ORIENTED_EDGE('',*,*,#5321,.T.);
#5546 = ORIENTED_EDGE('',*,*,#5547,.T.);
#5547 = EDGE_CURVE('',#5322,#5432,#5548,.T.);
#5548 = SURFACE_CURVE('',#5549,(#5553,#5560),.PCURVE_S1.);
#5549 = LINE('',#5550,#5551);
#5550 = CARTESIAN_POINT('',(-160.,75.,980.04119458007));
#5551 = VECTOR('',#5552,1.);
#5552 = DIRECTION('',(1.,0.,0.));
#5553 = PCURVE('',#5337,#5554);
#5554 = DEFINITIONAL_REPRESENTATION('',(#5555),#5559);
#5555 = LINE('',#5556,#5557);
#5556 = CARTESIAN_POINT('',(100.,0.));
#5557 = VECTOR('',#5558,1.);
#5558 = DIRECTION('',(0.,1.));
#5559 = ( GEOMETRIC_REPRESENTATION_CONTEXT(2) 
PARAMETRIC_REPRESENTATION_CONTEXT() REPRESENTATION_CONTEXT('2D SPACE',''
  ) );
#5560 = PCURVE('',#5363,#5561);
#5561 = DEFINITIONAL_REPRESENTATION('',(#5562),#5566);
#5562 = LINE('',#5563,#5564);
#5563 = CARTESIAN_POINT('',(0.,150.));
#5564 = VECTOR('',#5565,1.);
#5565 = DIRECTION('',(1.,0.));
#5566 = ( GEOMETRIC_REPRESENTATION_CONTEXT(2) 
PARAMETRIC_REPRESENTATION_CONTEXT() REPRESENTATION_CONTEXT('2D SPACE',''
  ) );
#5567 = ORIENTED_EDGE('',*,*,#5431,.F.);
#5568 = ADVANCED_FACE('',(#5569),#5309,.F.);
#5569 = FACE_BOUND('',#5570,.F.);
#5570 = EDGE_LOOP('',(#5571,#5572,#5573,#5574));
#5571 = ORIENTED_EDGE('',*,*,#5293,.F.);
#5572 = ORIENTED_EDGE('',*,*,#5478,.T.);
#5573 = ORIENTED_EDGE('',*,*,#5408,.T.);
#5574 = ORIENTED_EDGE('',*,*,#5525,.F.);
#5575 = ADVANCED_FACE('',(#5576),#5363,.T.);
#5576 = FACE_BOUND('',#5577,.T.);
#5577 = EDGE_LOOP('',(#5578,#5579,#5580,#5581));
#5578 = ORIENTED_EDGE('',*,*,#5349,.F.);
#5579 = ORIENTED_EDGE('',*,*,#5500,.T.);
#5580 = ORIENTED_EDGE('',*,*,#5454,.T.);
#5581 = ORIENTED_EDGE('',*,*,#5547,.F.);
#5582 = ( GEOMETRIC_REPRESENTATION_CONTEXT(3) 
GLOBAL_UNCERTAINTY_ASSIGNED_CONTEXT((#5586)) 
GLOBAL_UNIT_ASSIGNED_CONTEXT((#5583,#5584,#5585)) REPRESENTATION_CONTEXT
('Context #1','3D Context with UNIT and UNCERTAINTY') );
#5583 = ( LENGTH_UNIT() NAMED_UNIT(*) SI_UNIT(.MILLI.,.METRE.) );
#5584 = ( NAMED_UNIT(*) PLANE_ANGLE_UNIT() SI_UNIT($,.RADIAN.) );
#5585 = ( NAMED_UNIT(*) SI_UNIT($,.STERADIAN.) SOLID_ANGLE_UNIT() );
#5586 = UNCERTAINTY_MEASURE_WITH_UNIT(LENGTH_MEASURE(1.E-07),#5583,
  'distance_accuracy_value','confusion accuracy');
#5587 = CONTEXT_DEPENDENT_SHAPE_REPRESENTATION(#5588,#5590);
#5588 = ( REPRESENTATION_RELATIONSHIP('','',#5251,#10) 
REPRESENTATION_RELATIONSHIP_WITH_TRANSFORMATION(#5589) 
SHAPE_REPRESENTATION_RELATIONSHIP() );
#5589 = ITEM_DEFINED_TRANSFORMATION('','',#11,#75);
#5590 = PRODUCT_DEFINITION_SHAPE('Placement','Placement of an item',
  #5591);
#5591 = NEXT_ASSEMBLY_USAGE_OCCURRENCE('16','CLASH/terminal_box','',#5,
  #5246,$);
#5592 = PRODUCT_RELATED_PRODUCT_CATEGORY('part',$,(#5248));
#5593 = SHAPE_DEFINITION_REPRESENTATION(#5594,#5600);
#5594 = PRODUCT_DEFINITION_SHAPE('','',#5595);
#5595 = PRODUCT_DEFINITION('design','',#5596,#5599);
#5596 = PRODUCT_DEFINITION_FORMATION('','',#5597);
#5597 = PRODUCT('POWERTRAIN_HV/main_fuse','POWERTRAIN_HV/main_fuse','',(
    #5598));
#5598 = PRODUCT_CONTEXT('',#2,'mechanical');
#5599 = PRODUCT_DEFINITION_CONTEXT('part definition',#2,'design');
#5600 = ADVANCED_BREP_SHAPE_REPRESENTATION('',(#11,#5601),#5931);
#5601 = MANIFOLD_SOLID_BREP('',#5602);
#5602 = CLOSED_SHELL('',(#5603,#5723,#5823,#5870,#5917,#5924));
#5603 = ADVANCED_FACE('',(#5604),#5618,.F.);
#5604 = FACE_BOUND('',#5605,.F.);
#5605 = EDGE_LOOP('',(#5606,#5641,#5669,#5697));
#5606 = ORIENTED_EDGE('',*,*,#5607,.F.);
#5607 = EDGE_CURVE('',#5608,#5610,#5612,.T.);
#5608 = VERTEX_POINT('',#5609);
#5609 = CARTESIAN_POINT('',(-57.,-21.,899.04119458007));
#5610 = VERTEX_POINT('',#5611);
#5611 = CARTESIAN_POINT('',(-57.,-21.,961.04119458007));
#5612 = SURFACE_CURVE('',#5613,(#5617,#5629),.PCURVE_S1.);
#5613 = LINE('',#5614,#5615);
#5614 = CARTESIAN_POINT('',(-57.,-21.,899.04119458007));
#5615 = VECTOR('',#5616,1.);
#5616 = DIRECTION('',(0.,0.,1.));
#5617 = PCURVE('',#5618,#5623);
#5618 = PLANE('',#5619);
#5619 = AXIS2_PLACEMENT_3D('',#5620,#5621,#5622);
#5620 = CARTESIAN_POINT('',(-57.,-21.,899.04119458007));
#5621 = DIRECTION('',(1.,0.,0.));
#5622 = DIRECTION('',(0.,0.,1.));
#5623 = DEFINITIONAL_REPRESENTATION('',(#5624),#5628);
#5624 = LINE('',#5625,#5626);
#5625 = CARTESIAN_POINT('',(0.,0.));
#5626 = VECTOR('',#5627,1.);
#5627 = DIRECTION('',(1.,0.));
#5628 = ( GEOMETRIC_REPRESENTATION_CONTEXT(2) 
PARAMETRIC_REPRESENTATION_CONTEXT() REPRESENTATION_CONTEXT('2D SPACE',''
  ) );
#5629 = PCURVE('',#5630,#5635);
#5630 = PLANE('',#5631);
#5631 = AXIS2_PLACEMENT_3D('',#5632,#5633,#5634);
#5632 = CARTESIAN_POINT('',(-57.,-21.,899.04119458007));
#5633 = DIRECTION('',(0.,1.,0.));
#5634 = DIRECTION('',(0.,0.,1.));
#5635 = DEFINITIONAL_REPRESENTATION('',(#5636),#5640);
#5636 = LINE('',#5637,#5638);
#5637 = CARTESIAN_POINT('',(0.,0.));
#5638 = VECTOR('',#5639,1.);
#5639 = DIRECTION('',(1.,0.));
#5640 = ( GEOMETRIC_REPRESENTATION_CONTEXT(2) 
PARAMETRIC_REPRESENTATION_CONTEXT() REPRESENTATION_CONTEXT('2D SPACE',''
  ) );
#5641 = ORIENTED_EDGE('',*,*,#5642,.T.);
#5642 = EDGE_CURVE('',#5608,#5643,#5645,.T.);
#5643 = VERTEX_POINT('',#5644);
#5644 = CARTESIAN_POINT('',(-57.,21.,899.04119458007));
#5645 = SURFACE_CURVE('',#5646,(#5650,#5657),.PCURVE_S1.);
#5646 = LINE('',#5647,#5648);
#5647 = CARTESIAN_POINT('',(-57.,-21.,899.04119458007));
#5648 = VECTOR('',#5649,1.);
#5649 = DIRECTION('',(0.,1.,0.));
#5650 = PCURVE('',#5618,#5651);
#5651 = DEFINITIONAL_REPRESENTATION('',(#5652),#5656);
#5652 = LINE('',#5653,#5654);
#5653 = CARTESIAN_POINT('',(0.,0.));
#5654 = VECTOR('',#5655,1.);
#5655 = DIRECTION('',(0.,-1.));
#5656 = ( GEOMETRIC_REPRESENTATION_CONTEXT(2) 
PARAMETRIC_REPRESENTATION_CONTEXT() REPRESENTATION_CONTEXT('2D SPACE',''
  ) );
#5657 = PCURVE('',#5658,#5663);
#5658 = PLANE('',#5659);
#5659 = AXIS2_PLACEMENT_3D('',#5660,#5661,#5662);
#5660 = CARTESIAN_POINT('',(-57.,-21.,899.04119458007));
#5661 = DIRECTION('',(0.,0.,1.));
#5662 = DIRECTION('',(1.,0.,0.));
#5663 = DEFINITIONAL_REPRESENTATION('',(#5664),#5668);
#5664 = LINE('',#5665,#5666);
#5665 = CARTESIAN_POINT('',(0.,0.));
#5666 = VECTOR('',#5667,1.);
#5667 = DIRECTION('',(0.,1.));
#5668 = ( GEOMETRIC_REPRESENTATION_CONTEXT(2) 
PARAMETRIC_REPRESENTATION_CONTEXT() REPRESENTATION_CONTEXT('2D SPACE',''
  ) );
#5669 = ORIENTED_EDGE('',*,*,#5670,.T.);
#5670 = EDGE_CURVE('',#5643,#5671,#5673,.T.);
#5671 = VERTEX_POINT('',#5672);
#5672 = CARTESIAN_POINT('',(-57.,21.,961.04119458007));
#5673 = SURFACE_CURVE('',#5674,(#5678,#5685),.PCURVE_S1.);
#5674 = LINE('',#5675,#5676);
#5675 = CARTESIAN_POINT('',(-57.,21.,899.04119458007));
#5676 = VECTOR('',#5677,1.);
#5677 = DIRECTION('',(0.,0.,1.));
#5678 = PCURVE('',#5618,#5679);
#5679 = DEFINITIONAL_REPRESENTATION('',(#5680),#5684);
#5680 = LINE('',#5681,#5682);
#5681 = CARTESIAN_POINT('',(0.,-42.));
#5682 = VECTOR('',#5683,1.);
#5683 = DIRECTION('',(1.,0.));
#5684 = ( GEOMETRIC_REPRESENTATION_CONTEXT(2) 
PARAMETRIC_REPRESENTATION_CONTEXT() REPRESENTATION_CONTEXT('2D SPACE',''
  ) );
#5685 = PCURVE('',#5686,#5691);
#5686 = PLANE('',#5687);
#5687 = AXIS2_PLACEMENT_3D('',#5688,#5689,#5690);
#5688 = CARTESIAN_POINT('',(-57.,21.,899.04119458007));
#5689 = DIRECTION('',(0.,1.,0.));
#5690 = DIRECTION('',(0.,0.,1.));
#5691 = DEFINITIONAL_REPRESENTATION('',(#5692),#5696);
#5692 = LINE('',#5693,#5694);
#5693 = CARTESIAN_POINT('',(0.,0.));
#5694 = VECTOR('',#5695,1.);
#5695 = DIRECTION('',(1.,0.));
#5696 = ( GEOMETRIC_REPRESENTATION_CONTEXT(2) 
PARAMETRIC_REPRESENTATION_CONTEXT() REPRESENTATION_CONTEXT('2D SPACE',''
  ) );
#5697 = ORIENTED_EDGE('',*,*,#5698,.F.);
#5698 = EDGE_CURVE('',#5610,#5671,#5699,.T.);
#5699 = SURFACE_CURVE('',#5700,(#5704,#5711),.PCURVE_S1.);
#5700 = LINE('',#5701,#5702);
#5701 = CARTESIAN_POINT('',(-57.,-21.,961.04119458007));
#5702 = VECTOR('',#5703,1.);
#5703 = DIRECTION('',(0.,1.,0.));
#5704 = PCURVE('',#5618,#5705);
#5705 = DEFINITIONAL_REPRESENTATION('',(#5706),#5710);
#5706 = LINE('',#5707,#5708);
#5707 = CARTESIAN_POINT('',(62.,0.));
#5708 = VECTOR('',#5709,1.);
#5709 = DIRECTION('',(0.,-1.));
#5710 = ( GEOMETRIC_REPRESENTATION_CONTEXT(2) 
PARAMETRIC_REPRESENTATION_CONTEXT() REPRESENTATION_CONTEXT('2D SPACE',''
  ) );
#5711 = PCURVE('',#5712,#5717);
#5712 = PLANE('',#5713);
#5713 = AXIS2_PLACEMENT_3D('',#5714,#5715,#5716);
#5714 = CARTESIAN_POINT('',(-57.,-21.,961.04119458007));
#5715 = DIRECTION('',(0.,0.,1.));
#5716 = DIRECTION('',(1.,0.,0.));
#5717 = DEFINITIONAL_REPRESENTATION('',(#5718),#5722);
#5718 = LINE('',#5719,#5720);
#5719 = CARTESIAN_POINT('',(0.,0.));
#5720 = VECTOR('',#5721,1.);
#5721 = DIRECTION('',(0.,1.));
#5722 = ( GEOMETRIC_REPRESENTATION_CONTEXT(2) 
PARAMETRIC_REPRESENTATION_CONTEXT() REPRESENTATION_CONTEXT('2D SPACE',''
  ) );
#5723 = ADVANCED_FACE('',(#5724),#5738,.T.);
#5724 = FACE_BOUND('',#5725,.T.);
#5725 = EDGE_LOOP('',(#5726,#5756,#5779,#5802));
#5726 = ORIENTED_EDGE('',*,*,#5727,.F.);
#5727 = EDGE_CURVE('',#5728,#5730,#5732,.T.);
#5728 = VERTEX_POINT('',#5729);
#5729 = CARTESIAN_POINT('',(25.,-21.,899.04119458007));
#5730 = VERTEX_POINT('',#5731);
#5731 = CARTESIAN_POINT('',(25.,-21.,961.04119458007));
#5732 = SURFACE_CURVE('',#5733,(#5737,#5749),.PCURVE_S1.);
#5733 = LINE('',#5734,#5735);
#5734 = CARTESIAN_POINT('',(25.,-21.,899.04119458007));
#5735 = VECTOR('',#5736,1.);
#5736 = DIRECTION('',(0.,0.,1.));
#5737 = PCURVE('',#5738,#5743);
#5738 = PLANE('',#5739);
#5739 = AXIS2_PLACEMENT_3D('',#5740,#5741,#5742);
#5740 = CARTESIAN_POINT('',(25.,-21.,899.04119458007));
#5741 = DIRECTION('',(1.,0.,0.));
#5742 = DIRECTION('',(0.,0.,1.));
#5743 = DEFINITIONAL_REPRESENTATION('',(#5744),#5748);
#5744 = LINE('',#5745,#5746);
#5745 = CARTESIAN_POINT('',(0.,0.));
#5746 = VECTOR('',#5747,1.);
#5747 = DIRECTION('',(1.,0.));
#5748 = ( GEOMETRIC_REPRESENTATION_CONTEXT(2) 
PARAMETRIC_REPRESENTATION_CONTEXT() REPRESENTATION_CONTEXT('2D SPACE',''
  ) );
#5749 = PCURVE('',#5630,#5750);
#5750 = DEFINITIONAL_REPRESENTATION('',(#5751),#5755);
#5751 = LINE('',#5752,#5753);
#5752 = CARTESIAN_POINT('',(0.,82.));
#5753 = VECTOR('',#5754,1.);
#5754 = DIRECTION('',(1.,0.));
#5755 = ( GEOMETRIC_REPRESENTATION_CONTEXT(2) 
PARAMETRIC_REPRESENTATION_CONTEXT() REPRESENTATION_CONTEXT('2D SPACE',''
  ) );
#5756 = ORIENTED_EDGE('',*,*,#5757,.T.);
#5757 = EDGE_CURVE('',#5728,#5758,#5760,.T.);
#5758 = VERTEX_POINT('',#5759);
#5759 = CARTESIAN_POINT('',(25.,21.,899.04119458007));
#5760 = SURFACE_CURVE('',#5761,(#5765,#5772),.PCURVE_S1.);
#5761 = LINE('',#5762,#5763);
#5762 = CARTESIAN_POINT('',(25.,-21.,899.04119458007));
#5763 = VECTOR('',#5764,1.);
#5764 = DIRECTION('',(0.,1.,0.));
#5765 = PCURVE('',#5738,#5766);
#5766 = DEFINITIONAL_REPRESENTATION('',(#5767),#5771);
#5767 = LINE('',#5768,#5769);
#5768 = CARTESIAN_POINT('',(0.,0.));
#5769 = VECTOR('',#5770,1.);
#5770 = DIRECTION('',(0.,-1.));
#5771 = ( GEOMETRIC_REPRESENTATION_CONTEXT(2) 
PARAMETRIC_REPRESENTATION_CONTEXT() REPRESENTATION_CONTEXT('2D SPACE',''
  ) );
#5772 = PCURVE('',#5658,#5773);
#5773 = DEFINITIONAL_REPRESENTATION('',(#5774),#5778);
#5774 = LINE('',#5775,#5776);
#5775 = CARTESIAN_POINT('',(82.,0.));
#5776 = VECTOR('',#5777,1.);
#5777 = DIRECTION('',(0.,1.));
#5778 = ( GEOMETRIC_REPRESENTATION_CONTEXT(2) 
PARAMETRIC_REPRESENTATION_CONTEXT() REPRESENTATION_CONTEXT('2D SPACE',''
  ) );
#5779 = ORIENTED_EDGE('',*,*,#5780,.T.);
#5780 = EDGE_CURVE('',#5758,#5781,#5783,.T.);
#5781 = VERTEX_POINT('',#5782);
#5782 = CARTESIAN_POINT('',(25.,21.,961.04119458007));
#5783 = SURFACE_CURVE('',#5784,(#5788,#5795),.PCURVE_S1.);
#5784 = LINE('',#5785,#5786);
#5785 = CARTESIAN_POINT('',(25.,21.,899.04119458007));
#5786 = VECTOR('',#5787,1.);
#5787 = DIRECTION('',(0.,0.,1.));
#5788 = PCURVE('',#5738,#5789);
#5789 = DEFINITIONAL_REPRESENTATION('',(#5790),#5794);
#5790 = LINE('',#5791,#5792);
#5791 = CARTESIAN_POINT('',(0.,-42.));
#5792 = VECTOR('',#5793,1.);
#5793 = DIRECTION('',(1.,0.));
#5794 = ( GEOMETRIC_REPRESENTATION_CONTEXT(2) 
PARAMETRIC_REPRESENTATION_CONTEXT() REPRESENTATION_CONTEXT('2D SPACE',''
  ) );
#5795 = PCURVE('',#5686,#5796);
#5796 = DEFINITIONAL_REPRESENTATION('',(#5797),#5801);
#5797 = LINE('',#5798,#5799);
#5798 = CARTESIAN_POINT('',(0.,82.));
#5799 = VECTOR('',#5800,1.);
#5800 = DIRECTION('',(1.,0.));
#5801 = ( GEOMETRIC_REPRESENTATION_CONTEXT(2) 
PARAMETRIC_REPRESENTATION_CONTEXT() REPRESENTATION_CONTEXT('2D SPACE',''
  ) );
#5802 = ORIENTED_EDGE('',*,*,#5803,.F.);
#5803 = EDGE_CURVE('',#5730,#5781,#5804,.T.);
#5804 = SURFACE_CURVE('',#5805,(#5809,#5816),.PCURVE_S1.);
#5805 = LINE('',#5806,#5807);
#5806 = CARTESIAN_POINT('',(25.,-21.,961.04119458007));
#5807 = VECTOR('',#5808,1.);
#5808 = DIRECTION('',(0.,1.,0.));
#5809 = PCURVE('',#5738,#5810);
#5810 = DEFINITIONAL_REPRESENTATION('',(#5811),#5815);
#5811 = LINE('',#5812,#5813);
#5812 = CARTESIAN_POINT('',(62.,0.));
#5813 = VECTOR('',#5814,1.);
#5814 = DIRECTION('',(0.,-1.));
#5815 = ( GEOMETRIC_REPRESENTATION_CONTEXT(2) 
PARAMETRIC_REPRESENTATION_CONTEXT() REPRESENTATION_CONTEXT('2D SPACE',''
  ) );
#5816 = PCURVE('',#5712,#5817);
#5817 = DEFINITIONAL_REPRESENTATION('',(#5818),#5822);
#5818 = LINE('',#5819,#5820);
#5819 = CARTESIAN_POINT('',(82.,0.));
#5820 = VECTOR('',#5821,1.);
#5821 = DIRECTION('',(0.,1.));
#5822 = ( GEOMETRIC_REPRESENTATION_CONTEXT(2) 
PARAMETRIC_REPRESENTATION_CONTEXT() REPRESENTATION_CONTEXT('2D SPACE',''
  ) );
#5823 = ADVANCED_FACE('',(#5824),#5630,.F.);
#5824 = FACE_BOUND('',#5825,.F.);
#5825 = EDGE_LOOP('',(#5826,#5847,#5848,#5869));
#5826 = ORIENTED_EDGE('',*,*,#5827,.F.);
#5827 = EDGE_CURVE('',#5608,#5728,#5828,.T.);
#5828 = SURFACE_CURVE('',#5829,(#5833,#5840),.PCURVE_S1.);
#5829 = LINE('',#5830,#5831);
#5830 = CARTESIAN_POINT('',(-57.,-21.,899.04119458007));
#5831 = VECTOR('',#5832,1.);
#5832 = DIRECTION('',(1.,0.,0.));
#5833 = PCURVE('',#5630,#5834);
#5834 = DEFINITIONAL_REPRESENTATION('',(#5835),#5839);
#5835 = LINE('',#5836,#5837);
#5836 = CARTESIAN_POINT('',(0.,0.));
#5837 = VECTOR('',#5838,1.);
#5838 = DIRECTION('',(0.,1.));
#5839 = ( GEOMETRIC_REPRESENTATION_CONTEXT(2) 
PARAMETRIC_REPRESENTATION_CONTEXT() REPRESENTATION_CONTEXT('2D SPACE',''
  ) );
#5840 = PCURVE('',#5658,#5841);
#5841 = DEFINITIONAL_REPRESENTATION('',(#5842),#5846);
#5842 = LINE('',#5843,#5844);
#5843 = CARTESIAN_POINT('',(0.,0.));
#5844 = VECTOR('',#5845,1.);
#5845 = DIRECTION('',(1.,0.));
#5846 = ( GEOMETRIC_REPRESENTATION_CONTEXT(2) 
PARAMETRIC_REPRESENTATION_CONTEXT() REPRESENTATION_CONTEXT('2D SPACE',''
  ) );
#5847 = ORIENTED_EDGE('',*,*,#5607,.T.);
#5848 = ORIENTED_EDGE('',*,*,#5849,.T.);
#5849 = EDGE_CURVE('',#5610,#5730,#5850,.T.);
#5850 = SURFACE_CURVE('',#5851,(#5855,#5862),.PCURVE_S1.);
#5851 = LINE('',#5852,#5853);
#5852 = CARTESIAN_POINT('',(-57.,-21.,961.04119458007));
#5853 = VECTOR('',#5854,1.);
#5854 = DIRECTION('',(1.,0.,0.));
#5855 = PCURVE('',#5630,#5856);
#5856 = DEFINITIONAL_REPRESENTATION('',(#5857),#5861);
#5857 = LINE('',#5858,#5859);
#5858 = CARTESIAN_POINT('',(62.,0.));
#5859 = VECTOR('',#5860,1.);
#5860 = DIRECTION('',(0.,1.));
#5861 = ( GEOMETRIC_REPRESENTATION_CONTEXT(2) 
PARAMETRIC_REPRESENTATION_CONTEXT() REPRESENTATION_CONTEXT('2D SPACE',''
  ) );
#5862 = PCURVE('',#5712,#5863);
#5863 = DEFINITIONAL_REPRESENTATION('',(#5864),#5868);
#5864 = LINE('',#5865,#5866);
#5865 = CARTESIAN_POINT('',(0.,0.));
#5866 = VECTOR('',#5867,1.);
#5867 = DIRECTION('',(1.,0.));
#5868 = ( GEOMETRIC_REPRESENTATION_CONTEXT(2) 
PARAMETRIC_REPRESENTATION_CONTEXT() REPRESENTATION_CONTEXT('2D SPACE',''
  ) );
#5869 = ORIENTED_EDGE('',*,*,#5727,.F.);
#5870 = ADVANCED_FACE('',(#5871),#5686,.T.);
#5871 = FACE_BOUND('',#5872,.T.);
#5872 = EDGE_LOOP('',(#5873,#5894,#5895,#5916));
#5873 = ORIENTED_EDGE('',*,*,#5874,.F.);
#5874 = EDGE_CURVE('',#5643,#5758,#5875,.T.);
#5875 = SURFACE_CURVE('',#5876,(#5880,#5887),.PCURVE_S1.);
#5876 = LINE('',#5877,#5878);
#5877 = CARTESIAN_POINT('',(-57.,21.,899.04119458007));
#5878 = VECTOR('',#5879,1.);
#5879 = DIRECTION('',(1.,0.,0.));
#5880 = PCURVE('',#5686,#5881);
#5881 = DEFINITIONAL_REPRESENTATION('',(#5882),#5886);
#5882 = LINE('',#5883,#5884);
#5883 = CARTESIAN_POINT('',(0.,0.));
#5884 = VECTOR('',#5885,1.);
#5885 = DIRECTION('',(0.,1.));
#5886 = ( GEOMETRIC_REPRESENTATION_CONTEXT(2) 
PARAMETRIC_REPRESENTATION_CONTEXT() REPRESENTATION_CONTEXT('2D SPACE',''
  ) );
#5887 = PCURVE('',#5658,#5888);
#5888 = DEFINITIONAL_REPRESENTATION('',(#5889),#5893);
#5889 = LINE('',#5890,#5891);
#5890 = CARTESIAN_POINT('',(0.,42.));
#5891 = VECTOR('',#5892,1.);
#5892 = DIRECTION('',(1.,0.));
#5893 = ( GEOMETRIC_REPRESENTATION_CONTEXT(2) 
PARAMETRIC_REPRESENTATION_CONTEXT() REPRESENTATION_CONTEXT('2D SPACE',''
  ) );
#5894 = ORIENTED_EDGE('',*,*,#5670,.T.);
#5895 = ORIENTED_EDGE('',*,*,#5896,.T.);
#5896 = EDGE_CURVE('',#5671,#5781,#5897,.T.);
#5897 = SURFACE_CURVE('',#5898,(#5902,#5909),.PCURVE_S1.);
#5898 = LINE('',#5899,#5900);
#5899 = CARTESIAN_POINT('',(-57.,21.,961.04119458007));
#5900 = VECTOR('',#5901,1.);
#5901 = DIRECTION('',(1.,0.,0.));
#5902 = PCURVE('',#5686,#5903);
#5903 = DEFINITIONAL_REPRESENTATION('',(#5904),#5908);
#5904 = LINE('',#5905,#5906);
#5905 = CARTESIAN_POINT('',(62.,0.));
#5906 = VECTOR('',#5907,1.);
#5907 = DIRECTION('',(0.,1.));
#5908 = ( GEOMETRIC_REPRESENTATION_CONTEXT(2) 
PARAMETRIC_REPRESENTATION_CONTEXT() REPRESENTATION_CONTEXT('2D SPACE',''
  ) );
#5909 = PCURVE('',#5712,#5910);
#5910 = DEFINITIONAL_REPRESENTATION('',(#5911),#5915);
#5911 = LINE('',#5912,#5913);
#5912 = CARTESIAN_POINT('',(0.,42.));
#5913 = VECTOR('',#5914,1.);
#5914 = DIRECTION('',(1.,0.));
#5915 = ( GEOMETRIC_REPRESENTATION_CONTEXT(2) 
PARAMETRIC_REPRESENTATION_CONTEXT() REPRESENTATION_CONTEXT('2D SPACE',''
  ) );
#5916 = ORIENTED_EDGE('',*,*,#5780,.F.);
#5917 = ADVANCED_FACE('',(#5918),#5658,.F.);
#5918 = FACE_BOUND('',#5919,.F.);
#5919 = EDGE_LOOP('',(#5920,#5921,#5922,#5923));
#5920 = ORIENTED_EDGE('',*,*,#5642,.F.);
#5921 = ORIENTED_EDGE('',*,*,#5827,.T.);
#5922 = ORIENTED_EDGE('',*,*,#5757,.T.);
#5923 = ORIENTED_EDGE('',*,*,#5874,.F.);
#5924 = ADVANCED_FACE('',(#5925),#5712,.T.);
#5925 = FACE_BOUND('',#5926,.T.);
#5926 = EDGE_LOOP('',(#5927,#5928,#5929,#5930));
#5927 = ORIENTED_EDGE('',*,*,#5698,.F.);
#5928 = ORIENTED_EDGE('',*,*,#5849,.T.);
#5929 = ORIENTED_EDGE('',*,*,#5803,.T.);
#5930 = ORIENTED_EDGE('',*,*,#5896,.F.);
#5931 = ( GEOMETRIC_REPRESENTATION_CONTEXT(3) 
GLOBAL_UNCERTAINTY_ASSIGNED_CONTEXT((#5935)) 
GLOBAL_UNIT_ASSIGNED_CONTEXT((#5932,#5933,#5934)) REPRESENTATION_CONTEXT
('Context #1','3D Context with UNIT and UNCERTAINTY') );
#5932 = ( LENGTH_UNIT() NAMED_UNIT(*) SI_UNIT(.MILLI.,.METRE.) );
#5933 = ( NAMED_UNIT(*) PLANE_ANGLE_UNIT() SI_UNIT($,.RADIAN.) );
#5934 = ( NAMED_UNIT(*) SI_UNIT($,.STERADIAN.) SOLID_ANGLE_UNIT() );
#5935 = UNCERTAINTY_MEASURE_WITH_UNIT(LENGTH_MEASURE(1.E-07),#5932,
  'distance_accuracy_value','confusion accuracy');
#5936 = CONTEXT_DEPENDENT_SHAPE_REPRESENTATION(#5937,#5939);
#5937 = ( REPRESENTATION_RELATIONSHIP('','',#5600,#10) 
REPRESENTATION_RELATIONSHIP_WITH_TRANSFORMATION(#5938) 
SHAPE_REPRESENTATION_RELATIONSHIP() );
#5938 = ITEM_DEFINED_TRANSFORMATION('','',#11,#79);
#5939 = PRODUCT_DEFINITION_SHAPE('Placement','Placement of an item',
  #5940);
#5940 = NEXT_ASSEMBLY_USAGE_OCCURRENCE('17','POWERTRAIN_HV/main_fuse',''
  ,#5,#5595,$);
#5941 = PRODUCT_RELATED_PRODUCT_CATEGORY('part',$,(#5597));
#5942 = SHAPE_DEFINITION_REPRESENTATION(#5943,#5949);
#5943 = PRODUCT_DEFINITION_SHAPE('','',#5944);
#5944 = PRODUCT_DEFINITION('design','',#5945,#5948);
#5945 = PRODUCT_DEFINITION_FORMATION('','',#5946);
#5946 = PRODUCT('POWERTRAIN_HV/current_shunt',
  'POWERTRAIN_HV/current_shunt','',(#5947));
#5947 = PRODUCT_CONTEXT('',#2,'mechanical');
#5948 = PRODUCT_DEFINITION_CONTEXT('part definition',#2,'design');
#5949 = ADVANCED_BREP_SHAPE_REPRESENTATION('',(#11,#5950),#6280);
#5950 = MANIFOLD_SOLID_BREP('',#5951);
#5951 = CLOSED_SHELL('',(#5952,#6072,#6172,#6219,#6266,#6273));
#5952 = ADVANCED_FACE('',(#5953),#5967,.F.);
#5953 = FACE_BOUND('',#5954,.F.);
#5954 = EDGE_LOOP('',(#5955,#5990,#6018,#6046));
#5955 = ORIENTED_EDGE('',*,*,#5956,.F.);
#5956 = EDGE_CURVE('',#5957,#5959,#5961,.T.);
#5957 = VERTEX_POINT('',#5958);
#5958 = CARTESIAN_POINT('',(-155.,-20.,910.04119458007));
#5959 = VERTEX_POINT('',#5960);
#5960 = CARTESIAN_POINT('',(-155.,-20.,950.04119458007));
#5961 = SURFACE_CURVE('',#5962,(#5966,#5978),.PCURVE_S1.);
#5962 = LINE('',#5963,#5964);
#5963 = CARTESIAN_POINT('',(-155.,-20.,910.04119458007));
#5964 = VECTOR('',#5965,1.);
#5965 = DIRECTION('',(0.,0.,1.));
#5966 = PCURVE('',#5967,#5972);
#5967 = PLANE('',#5968);
#5968 = AXIS2_PLACEMENT_3D('',#5969,#5970,#5971);
#5969 = CARTESIAN_POINT('',(-155.,-20.,910.04119458007));
#5970 = DIRECTION('',(1.,0.,0.));
#5971 = DIRECTION('',(0.,0.,1.));
#5972 = DEFINITIONAL_REPRESENTATION('',(#5973),#5977);
#5973 = LINE('',#5974,#5975);
#5974 = CARTESIAN_POINT('',(0.,0.));
#5975 = VECTOR('',#5976,1.);
#5976 = DIRECTION('',(1.,0.));
#5977 = ( GEOMETRIC_REPRESENTATION_CONTEXT(2) 
PARAMETRIC_REPRESENTATION_CONTEXT() REPRESENTATION_CONTEXT('2D SPACE',''
  ) );
#5978 = PCURVE('',#5979,#5984);
#5979 = PLANE('',#5980);
#5980 = AXIS2_PLACEMENT_3D('',#5981,#5982,#5983);
#5981 = CARTESIAN_POINT('',(-155.,-20.,910.04119458007));
#5982 = DIRECTION('',(0.,1.,0.));
#5983 = DIRECTION('',(0.,0.,1.));
#5984 = DEFINITIONAL_REPRESENTATION('',(#5985),#5989);
#5985 = LINE('',#5986,#5987);
#5986 = CARTESIAN_POINT('',(0.,0.));
#5987 = VECTOR('',#5988,1.);
#5988 = DIRECTION('',(1.,0.));
#5989 = ( GEOMETRIC_REPRESENTATION_CONTEXT(2) 
PARAMETRIC_REPRESENTATION_CONTEXT() REPRESENTATION_CONTEXT('2D SPACE',''
  ) );
#5990 = ORIENTED_EDGE('',*,*,#5991,.T.);
#5991 = EDGE_CURVE('',#5957,#5992,#5994,.T.);
#5992 = VERTEX_POINT('',#5993);
#5993 = CARTESIAN_POINT('',(-155.,20.,910.04119458007));
#5994 = SURFACE_CURVE('',#5995,(#5999,#6006),.PCURVE_S1.);
#5995 = LINE('',#5996,#5997);
#5996 = CARTESIAN_POINT('',(-155.,-20.,910.04119458007));
#5997 = VECTOR('',#5998,1.);
#5998 = DIRECTION('',(0.,1.,0.));
#5999 = PCURVE('',#5967,#6000);
#6000 = DEFINITIONAL_REPRESENTATION('',(#6001),#6005);
#6001 = LINE('',#6002,#6003);
#6002 = CARTESIAN_POINT('',(0.,0.));
#6003 = VECTOR('',#6004,1.);
#6004 = DIRECTION('',(0.,-1.));
#6005 = ( GEOMETRIC_REPRESENTATION_CONTEXT(2) 
PARAMETRIC_REPRESENTATION_CONTEXT() REPRESENTATION_CONTEXT('2D SPACE',''
  ) );
#6006 = PCURVE('',#6007,#6012);
#6007 = PLANE('',#6008);
#6008 = AXIS2_PLACEMENT_3D('',#6009,#6010,#6011);
#6009 = CARTESIAN_POINT('',(-155.,-20.,910.04119458007));
#6010 = DIRECTION('',(0.,0.,1.));
#6011 = DIRECTION('',(1.,0.,0.));
#6012 = DEFINITIONAL_REPRESENTATION('',(#6013),#6017);
#6013 = LINE('',#6014,#6015);
#6014 = CARTESIAN_POINT('',(0.,0.));
#6015 = VECTOR('',#6016,1.);
#6016 = DIRECTION('',(0.,1.));
#6017 = ( GEOMETRIC_REPRESENTATION_CONTEXT(2) 
PARAMETRIC_REPRESENTATION_CONTEXT() REPRESENTATION_CONTEXT('2D SPACE',''
  ) );
#6018 = ORIENTED_EDGE('',*,*,#6019,.T.);
#6019 = EDGE_CURVE('',#5992,#6020,#6022,.T.);
#6020 = VERTEX_POINT('',#6021);
#6021 = CARTESIAN_POINT('',(-155.,20.,950.04119458007));
#6022 = SURFACE_CURVE('',#6023,(#6027,#6034),.PCURVE_S1.);
#6023 = LINE('',#6024,#6025);
#6024 = CARTESIAN_POINT('',(-155.,20.,910.04119458007));
#6025 = VECTOR('',#6026,1.);
#6026 = DIRECTION('',(0.,0.,1.));
#6027 = PCURVE('',#5967,#6028);
#6028 = DEFINITIONAL_REPRESENTATION('',(#6029),#6033);
#6029 = LINE('',#6030,#6031);
#6030 = CARTESIAN_POINT('',(0.,-40.));
#6031 = VECTOR('',#6032,1.);
#6032 = DIRECTION('',(1.,0.));
#6033 = ( GEOMETRIC_REPRESENTATION_CONTEXT(2) 
PARAMETRIC_REPRESENTATION_CONTEXT() REPRESENTATION_CONTEXT('2D SPACE',''
  ) );
#6034 = PCURVE('',#6035,#6040);
#6035 = PLANE('',#6036);
#6036 = AXIS2_PLACEMENT_3D('',#6037,#6038,#6039);
#6037 = CARTESIAN_POINT('',(-155.,20.,910.04119458007));
#6038 = DIRECTION('',(0.,1.,0.));
#6039 = DIRECTION('',(0.,0.,1.));
#6040 = DEFINITIONAL_REPRESENTATION('',(#6041),#6045);
#6041 = LINE('',#6042,#6043);
#6042 = CARTESIAN_POINT('',(0.,0.));
#6043 = VECTOR('',#6044,1.);
#6044 = DIRECTION('',(1.,0.));
#6045 = ( GEOMETRIC_REPRESENTATION_CONTEXT(2) 
PARAMETRIC_REPRESENTATION_CONTEXT() REPRESENTATION_CONTEXT('2D SPACE',''
  ) );
#6046 = ORIENTED_EDGE('',*,*,#6047,.F.);
#6047 = EDGE_CURVE('',#5959,#6020,#6048,.T.);
#6048 = SURFACE_CURVE('',#6049,(#6053,#6060),.PCURVE_S1.);
#6049 = LINE('',#6050,#6051);
#6050 = CARTESIAN_POINT('',(-155.,-20.,950.04119458007));
#6051 = VECTOR('',#6052,1.);
#6052 = DIRECTION('',(0.,1.,0.));
#6053 = PCURVE('',#5967,#6054);
#6054 = DEFINITIONAL_REPRESENTATION('',(#6055),#6059);
#6055 = LINE('',#6056,#6057);
#6056 = CARTESIAN_POINT('',(40.,0.));
#6057 = VECTOR('',#6058,1.);
#6058 = DIRECTION('',(0.,-1.));
#6059 = ( GEOMETRIC_REPRESENTATION_CONTEXT(2) 
PARAMETRIC_REPRESENTATION_CONTEXT() REPRESENTATION_CONTEXT('2D SPACE',''
  ) );
#6060 = PCURVE('',#6061,#6066);
#6061 = PLANE('',#6062);
#6062 = AXIS2_PLACEMENT_3D('',#6063,#6064,#6065);
#6063 = CARTESIAN_POINT('',(-155.,-20.,950.04119458007));
#6064 = DIRECTION('',(0.,0.,1.));
#6065 = DIRECTION('',(1.,0.,0.));
#6066 = DEFINITIONAL_REPRESENTATION('',(#6067),#6071);
#6067 = LINE('',#6068,#6069);
#6068 = CARTESIAN_POINT('',(0.,0.));
#6069 = VECTOR('',#6070,1.);
#6070 = DIRECTION('',(0.,1.));
#6071 = ( GEOMETRIC_REPRESENTATION_CONTEXT(2) 
PARAMETRIC_REPRESENTATION_CONTEXT() REPRESENTATION_CONTEXT('2D SPACE',''
  ) );
#6072 = ADVANCED_FACE('',(#6073),#6087,.T.);
#6073 = FACE_BOUND('',#6074,.T.);
#6074 = EDGE_LOOP('',(#6075,#6105,#6128,#6151));
#6075 = ORIENTED_EDGE('',*,*,#6076,.F.);
#6076 = EDGE_CURVE('',#6077,#6079,#6081,.T.);
#6077 = VERTEX_POINT('',#6078);
#6078 = CARTESIAN_POINT('',(-65.,-20.,910.04119458007));
#6079 = VERTEX_POINT('',#6080);
#6080 = CARTESIAN_POINT('',(-65.,-20.,950.04119458007));
#6081 = SURFACE_CURVE('',#6082,(#6086,#6098),.PCURVE_S1.);
#6082 = LINE('',#6083,#6084);
#6083 = CARTESIAN_POINT('',(-65.,-20.,910.04119458007));
#6084 = VECTOR('',#6085,1.);
#6085 = DIRECTION('',(0.,0.,1.));
#6086 = PCURVE('',#6087,#6092);
#6087 = PLANE('',#6088);
#6088 = AXIS2_PLACEMENT_3D('',#6089,#6090,#6091);
#6089 = CARTESIAN_POINT('',(-65.,-20.,910.04119458007));
#6090 = DIRECTION('',(1.,0.,0.));
#6091 = DIRECTION('',(0.,0.,1.));
#6092 = DEFINITIONAL_REPRESENTATION('',(#6093),#6097);
#6093 = LINE('',#6094,#6095);
#6094 = CARTESIAN_POINT('',(0.,0.));
#6095 = VECTOR('',#6096,1.);
#6096 = DIRECTION('',(1.,0.));
#6097 = ( GEOMETRIC_REPRESENTATION_CONTEXT(2) 
PARAMETRIC_REPRESENTATION_CONTEXT() REPRESENTATION_CONTEXT('2D SPACE',''
  ) );
#6098 = PCURVE('',#5979,#6099);
#6099 = DEFINITIONAL_REPRESENTATION('',(#6100),#6104);
#6100 = LINE('',#6101,#6102);
#6101 = CARTESIAN_POINT('',(0.,90.));
#6102 = VECTOR('',#6103,1.);
#6103 = DIRECTION('',(1.,0.));
#6104 = ( GEOMETRIC_REPRESENTATION_CONTEXT(2) 
PARAMETRIC_REPRESENTATION_CONTEXT() REPRESENTATION_CONTEXT('2D SPACE',''
  ) );
#6105 = ORIENTED_EDGE('',*,*,#6106,.T.);
#6106 = EDGE_CURVE('',#6077,#6107,#6109,.T.);
#6107 = VERTEX_POINT('',#6108);
#6108 = CARTESIAN_POINT('',(-65.,20.,910.04119458007));
#6109 = SURFACE_CURVE('',#6110,(#6114,#6121),.PCURVE_S1.);
#6110 = LINE('',#6111,#6112);
#6111 = CARTESIAN_POINT('',(-65.,-20.,910.04119458007));
#6112 = VECTOR('',#6113,1.);
#6113 = DIRECTION('',(0.,1.,0.));
#6114 = PCURVE('',#6087,#6115);
#6115 = DEFINITIONAL_REPRESENTATION('',(#6116),#6120);
#6116 = LINE('',#6117,#6118);
#6117 = CARTESIAN_POINT('',(0.,0.));
#6118 = VECTOR('',#6119,1.);
#6119 = DIRECTION('',(0.,-1.));
#6120 = ( GEOMETRIC_REPRESENTATION_CONTEXT(2) 
PARAMETRIC_REPRESENTATION_CONTEXT() REPRESENTATION_CONTEXT('2D SPACE',''
  ) );
#6121 = PCURVE('',#6007,#6122);
#6122 = DEFINITIONAL_REPRESENTATION('',(#6123),#6127);
#6123 = LINE('',#6124,#6125);
#6124 = CARTESIAN_POINT('',(90.,0.));
#6125 = VECTOR('',#6126,1.);
#6126 = DIRECTION('',(0.,1.));
#6127 = ( GEOMETRIC_REPRESENTATION_CONTEXT(2) 
PARAMETRIC_REPRESENTATION_CONTEXT() REPRESENTATION_CONTEXT('2D SPACE',''
  ) );
#6128 = ORIENTED_EDGE('',*,*,#6129,.T.);
#6129 = EDGE_CURVE('',#6107,#6130,#6132,.T.);
#6130 = VERTEX_POINT('',#6131);
#6131 = CARTESIAN_POINT('',(-65.,20.,950.04119458007));
#6132 = SURFACE_CURVE('',#6133,(#6137,#6144),.PCURVE_S1.);
#6133 = LINE('',#6134,#6135);
#6134 = CARTESIAN_POINT('',(-65.,20.,910.04119458007));
#6135 = VECTOR('',#6136,1.);
#6136 = DIRECTION('',(0.,0.,1.));
#6137 = PCURVE('',#6087,#6138);
#6138 = DEFINITIONAL_REPRESENTATION('',(#6139),#6143);
#6139 = LINE('',#6140,#6141);
#6140 = CARTESIAN_POINT('',(0.,-40.));
#6141 = VECTOR('',#6142,1.);
#6142 = DIRECTION('',(1.,0.));
#6143 = ( GEOMETRIC_REPRESENTATION_CONTEXT(2) 
PARAMETRIC_REPRESENTATION_CONTEXT() REPRESENTATION_CONTEXT('2D SPACE',''
  ) );
#6144 = PCURVE('',#6035,#6145);
#6145 = DEFINITIONAL_REPRESENTATION('',(#6146),#6150);
#6146 = LINE('',#6147,#6148);
#6147 = CARTESIAN_POINT('',(0.,90.));
#6148 = VECTOR('',#6149,1.);
#6149 = DIRECTION('',(1.,0.));
#6150 = ( GEOMETRIC_REPRESENTATION_CONTEXT(2) 
PARAMETRIC_REPRESENTATION_CONTEXT() REPRESENTATION_CONTEXT('2D SPACE',''
  ) );
#6151 = ORIENTED_EDGE('',*,*,#6152,.F.);
#6152 = EDGE_CURVE('',#6079,#6130,#6153,.T.);
#6153 = SURFACE_CURVE('',#6154,(#6158,#6165),.PCURVE_S1.);
#6154 = LINE('',#6155,#6156);
#6155 = CARTESIAN_POINT('',(-65.,-20.,950.04119458007));
#6156 = VECTOR('',#6157,1.);
#6157 = DIRECTION('',(0.,1.,0.));
#6158 = PCURVE('',#6087,#6159);
#6159 = DEFINITIONAL_REPRESENTATION('',(#6160),#6164);
#6160 = LINE('',#6161,#6162);
#6161 = CARTESIAN_POINT('',(40.,0.));
#6162 = VECTOR('',#6163,1.);
#6163 = DIRECTION('',(0.,-1.));
#6164 = ( GEOMETRIC_REPRESENTATION_CONTEXT(2) 
PARAMETRIC_REPRESENTATION_CONTEXT() REPRESENTATION_CONTEXT('2D SPACE',''
  ) );
#6165 = PCURVE('',#6061,#6166);
#6166 = DEFINITIONAL_REPRESENTATION('',(#6167),#6171);
#6167 = LINE('',#6168,#6169);
#6168 = CARTESIAN_POINT('',(90.,0.));
#6169 = VECTOR('',#6170,1.);
#6170 = DIRECTION('',(0.,1.));
#6171 = ( GEOMETRIC_REPRESENTATION_CONTEXT(2) 
PARAMETRIC_REPRESENTATION_CONTEXT() REPRESENTATION_CONTEXT('2D SPACE',''
  ) );
#6172 = ADVANCED_FACE('',(#6173),#5979,.F.);
#6173 = FACE_BOUND('',#6174,.F.);
#6174 = EDGE_LOOP('',(#6175,#6196,#6197,#6218));
#6175 = ORIENTED_EDGE('',*,*,#6176,.F.);
#6176 = EDGE_CURVE('',#5957,#6077,#6177,.T.);
#6177 = SURFACE_CURVE('',#6178,(#6182,#6189),.PCURVE_S1.);
#6178 = LINE('',#6179,#6180);
#6179 = CARTESIAN_POINT('',(-155.,-20.,910.04119458007));
#6180 = VECTOR('',#6181,1.);
#6181 = DIRECTION('',(1.,0.,0.));
#6182 = PCURVE('',#5979,#6183);
#6183 = DEFINITIONAL_REPRESENTATION('',(#6184),#6188);
#6184 = LINE('',#6185,#6186);
#6185 = CARTESIAN_POINT('',(0.,0.));
#6186 = VECTOR('',#6187,1.);
#6187 = DIRECTION('',(0.,1.));
#6188 = ( GEOMETRIC_REPRESENTATION_CONTEXT(2) 
PARAMETRIC_REPRESENTATION_CONTEXT() REPRESENTATION_CONTEXT('2D SPACE',''
  ) );
#6189 = PCURVE('',#6007,#6190);
#6190 = DEFINITIONAL_REPRESENTATION('',(#6191),#6195);
#6191 = LINE('',#6192,#6193);
#6192 = CARTESIAN_POINT('',(0.,0.));
#6193 = VECTOR('',#6194,1.);
#6194 = DIRECTION('',(1.,0.));
#6195 = ( GEOMETRIC_REPRESENTATION_CONTEXT(2) 
PARAMETRIC_REPRESENTATION_CONTEXT() REPRESENTATION_CONTEXT('2D SPACE',''
  ) );
#6196 = ORIENTED_EDGE('',*,*,#5956,.T.);
#6197 = ORIENTED_EDGE('',*,*,#6198,.T.);
#6198 = EDGE_CURVE('',#5959,#6079,#6199,.T.);
#6199 = SURFACE_CURVE('',#6200,(#6204,#6211),.PCURVE_S1.);
#6200 = LINE('',#6201,#6202);
#6201 = CARTESIAN_POINT('',(-155.,-20.,950.04119458007));
#6202 = VECTOR('',#6203,1.);
#6203 = DIRECTION('',(1.,0.,0.));
#6204 = PCURVE('',#5979,#6205);
#6205 = DEFINITIONAL_REPRESENTATION('',(#6206),#6210);
#6206 = LINE('',#6207,#6208);
#6207 = CARTESIAN_POINT('',(40.,0.));
#6208 = VECTOR('',#6209,1.);
#6209 = DIRECTION('',(0.,1.));
#6210 = ( GEOMETRIC_REPRESENTATION_CONTEXT(2) 
PARAMETRIC_REPRESENTATION_CONTEXT() REPRESENTATION_CONTEXT('2D SPACE',''
  ) );
#6211 = PCURVE('',#6061,#6212);
#6212 = DEFINITIONAL_REPRESENTATION('',(#6213),#6217);
#6213 = LINE('',#6214,#6215);
#6214 = CARTESIAN_POINT('',(0.,0.));
#6215 = VECTOR('',#6216,1.);
#6216 = DIRECTION('',(1.,0.));
#6217 = ( GEOMETRIC_REPRESENTATION_CONTEXT(2) 
PARAMETRIC_REPRESENTATION_CONTEXT() REPRESENTATION_CONTEXT('2D SPACE',''
  ) );
#6218 = ORIENTED_EDGE('',*,*,#6076,.F.);
#6219 = ADVANCED_FACE('',(#6220),#6035,.T.);
#6220 = FACE_BOUND('',#6221,.T.);
#6221 = EDGE_LOOP('',(#6222,#6243,#6244,#6265));
#6222 = ORIENTED_EDGE('',*,*,#6223,.F.);
#6223 = EDGE_CURVE('',#5992,#6107,#6224,.T.);
#6224 = SURFACE_CURVE('',#6225,(#6229,#6236),.PCURVE_S1.);
#6225 = LINE('',#6226,#6227);
#6226 = CARTESIAN_POINT('',(-155.,20.,910.04119458007));
#6227 = VECTOR('',#6228,1.);
#6228 = DIRECTION('',(1.,0.,0.));
#6229 = PCURVE('',#6035,#6230);
#6230 = DEFINITIONAL_REPRESENTATION('',(#6231),#6235);
#6231 = LINE('',#6232,#6233);
#6232 = CARTESIAN_POINT('',(0.,0.));
#6233 = VECTOR('',#6234,1.);
#6234 = DIRECTION('',(0.,1.));
#6235 = ( GEOMETRIC_REPRESENTATION_CONTEXT(2) 
PARAMETRIC_REPRESENTATION_CONTEXT() REPRESENTATION_CONTEXT('2D SPACE',''
  ) );
#6236 = PCURVE('',#6007,#6237);
#6237 = DEFINITIONAL_REPRESENTATION('',(#6238),#6242);
#6238 = LINE('',#6239,#6240);
#6239 = CARTESIAN_POINT('',(0.,40.));
#6240 = VECTOR('',#6241,1.);
#6241 = DIRECTION('',(1.,0.));
#6242 = ( GEOMETRIC_REPRESENTATION_CONTEXT(2) 
PARAMETRIC_REPRESENTATION_CONTEXT() REPRESENTATION_CONTEXT('2D SPACE',''
  ) );
#6243 = ORIENTED_EDGE('',*,*,#6019,.T.);
#6244 = ORIENTED_EDGE('',*,*,#6245,.T.);
#6245 = EDGE_CURVE('',#6020,#6130,#6246,.T.);
#6246 = SURFACE_CURVE('',#6247,(#6251,#6258),.PCURVE_S1.);
#6247 = LINE('',#6248,#6249);
#6248 = CARTESIAN_POINT('',(-155.,20.,950.04119458007));
#6249 = VECTOR('',#6250,1.);
#6250 = DIRECTION('',(1.,0.,0.));
#6251 = PCURVE('',#6035,#6252);
#6252 = DEFINITIONAL_REPRESENTATION('',(#6253),#6257);
#6253 = LINE('',#6254,#6255);
#6254 = CARTESIAN_POINT('',(40.,0.));
#6255 = VECTOR('',#6256,1.);
#6256 = DIRECTION('',(0.,1.));
#6257 = ( GEOMETRIC_REPRESENTATION_CONTEXT(2) 
PARAMETRIC_REPRESENTATION_CONTEXT() REPRESENTATION_CONTEXT('2D SPACE',''
  ) );
#6258 = PCURVE('',#6061,#6259);
#6259 = DEFINITIONAL_REPRESENTATION('',(#6260),#6264);
#6260 = LINE('',#6261,#6262);
#6261 = CARTESIAN_POINT('',(0.,40.));
#6262 = VECTOR('',#6263,1.);
#6263 = DIRECTION('',(1.,0.));
#6264 = ( GEOMETRIC_REPRESENTATION_CONTEXT(2) 
PARAMETRIC_REPRESENTATION_CONTEXT() REPRESENTATION_CONTEXT('2D SPACE',''
  ) );
#6265 = ORIENTED_EDGE('',*,*,#6129,.F.);
#6266 = ADVANCED_FACE('',(#6267),#6007,.F.);
#6267 = FACE_BOUND('',#6268,.F.);
#6268 = EDGE_LOOP('',(#6269,#6270,#6271,#6272));
#6269 = ORIENTED_EDGE('',*,*,#5991,.F.);
#6270 = ORIENTED_EDGE('',*,*,#6176,.T.);
#6271 = ORIENTED_EDGE('',*,*,#6106,.T.);
#6272 = ORIENTED_EDGE('',*,*,#6223,.F.);
#6273 = ADVANCED_FACE('',(#6274),#6061,.T.);
#6274 = FACE_BOUND('',#6275,.T.);
#6275 = EDGE_LOOP('',(#6276,#6277,#6278,#6279));
#6276 = ORIENTED_EDGE('',*,*,#6047,.F.);
#6277 = ORIENTED_EDGE('',*,*,#6198,.T.);
#6278 = ORIENTED_EDGE('',*,*,#6152,.T.);
#6279 = ORIENTED_EDGE('',*,*,#6245,.F.);
#6280 = ( GEOMETRIC_REPRESENTATION_CONTEXT(3) 
GLOBAL_UNCERTAINTY_ASSIGNED_CONTEXT((#6284)) 
GLOBAL_UNIT_ASSIGNED_CONTEXT((#6281,#6282,#6283)) REPRESENTATION_CONTEXT
('Context #1','3D Context with UNIT and UNCERTAINTY') );
#6281 = ( LENGTH_UNIT() NAMED_UNIT(*) SI_UNIT(.MILLI.,.METRE.) );
#6282 = ( NAMED_UNIT(*) PLANE_ANGLE_UNIT() SI_UNIT($,.RADIAN.) );
#6283 = ( NAMED_UNIT(*) SI_UNIT($,.STERADIAN.) SOLID_ANGLE_UNIT() );
#6284 = UNCERTAINTY_MEASURE_WITH_UNIT(LENGTH_MEASURE(1.E-07),#6281,
  'distance_accuracy_value','confusion accuracy');
#6285 = CONTEXT_DEPENDENT_SHAPE_REPRESENTATION(#6286,#6288);
#6286 = ( REPRESENTATION_RELATIONSHIP('','',#5949,#10) 
REPRESENTATION_RELATIONSHIP_WITH_TRANSFORMATION(#6287) 
SHAPE_REPRESENTATION_RELATIONSHIP() );
#6287 = ITEM_DEFINED_TRANSFORMATION('','',#11,#83);
#6288 = PRODUCT_DEFINITION_SHAPE('Placement','Placement of an item',
  #6289);
#6289 = NEXT_ASSEMBLY_USAGE_OCCURRENCE('18',
  'POWERTRAIN_HV/current_shunt','',#5,#5944,$);
#6290 = PRODUCT_RELATED_PRODUCT_CATEGORY('part',$,(#5946));
#6291 = SHAPE_DEFINITION_REPRESENTATION(#6292,#6298);
#6292 = PRODUCT_DEFINITION_SHAPE('','',#6293);
#6293 = PRODUCT_DEFINITION('design','',#6294,#6297);
#6294 = PRODUCT_DEFINITION_FORMATION('','',#6295);
#6295 = PRODUCT('CLASH/dcdc','CLASH/dcdc','',(#6296));
#6296 = PRODUCT_CONTEXT('',#2,'mechanical');
#6297 = PRODUCT_DEFINITION_CONTEXT('part definition',#2,'design');
#6298 = ADVANCED_BREP_SHAPE_REPRESENTATION('',(#11,#6299),#6629);
#6299 = MANIFOLD_SOLID_BREP('',#6300);
#6300 = CLOSED_SHELL('',(#6301,#6421,#6521,#6568,#6615,#6622));
#6301 = ADVANCED_FACE('',(#6302),#6316,.F.);
#6302 = FACE_BOUND('',#6303,.F.);
#6303 = EDGE_LOOP('',(#6304,#6339,#6367,#6395));
#6304 = ORIENTED_EDGE('',*,*,#6305,.F.);
#6305 = EDGE_CURVE('',#6306,#6308,#6310,.T.);
#6306 = VERTEX_POINT('',#6307);
#6307 = CARTESIAN_POINT('',(-260.,-245.,880.04119458007));
#6308 = VERTEX_POINT('',#6309);
#6309 = CARTESIAN_POINT('',(-260.,-245.,950.04119458007));
#6310 = SURFACE_CURVE('',#6311,(#6315,#6327),.PCURVE_S1.);
#6311 = LINE('',#6312,#6313);
#6312 = CARTESIAN_POINT('',(-260.,-245.,880.04119458007));
#6313 = VECTOR('',#6314,1.);
#6314 = DIRECTION('',(0.,0.,1.));
#6315 = PCURVE('',#6316,#6321);
#6316 = PLANE('',#6317);
#6317 = AXIS2_PLACEMENT_3D('',#6318,#6319,#6320);
#6318 = CARTESIAN_POINT('',(-260.,-245.,880.04119458007));
#6319 = DIRECTION('',(1.,0.,0.));
#6320 = DIRECTION('',(0.,0.,1.));
#6321 = DEFINITIONAL_REPRESENTATION('',(#6322),#6326);
#6322 = LINE('',#6323,#6324);
#6323 = CARTESIAN_POINT('',(0.,0.));
#6324 = VECTOR('',#6325,1.);
#6325 = DIRECTION('',(1.,0.));
#6326 = ( GEOMETRIC_REPRESENTATION_CONTEXT(2) 
PARAMETRIC_REPRESENTATION_CONTEXT() REPRESENTATION_CONTEXT('2D SPACE',''
  ) );
#6327 = PCURVE('',#6328,#6333);
#6328 = PLANE('',#6329);
#6329 = AXIS2_PLACEMENT_3D('',#6330,#6331,#6332);
#6330 = CARTESIAN_POINT('',(-260.,-245.,880.04119458007));
#6331 = DIRECTION('',(0.,1.,0.));
#6332 = DIRECTION('',(0.,0.,1.));
#6333 = DEFINITIONAL_REPRESENTATION('',(#6334),#6338);
#6334 = LINE('',#6335,#6336);
#6335 = CARTESIAN_POINT('',(0.,0.));
#6336 = VECTOR('',#6337,1.);
#6337 = DIRECTION('',(1.,0.));
#6338 = ( GEOMETRIC_REPRESENTATION_CONTEXT(2) 
PARAMETRIC_REPRESENTATION_CONTEXT() REPRESENTATION_CONTEXT('2D SPACE',''
  ) );
#6339 = ORIENTED_EDGE('',*,*,#6340,.T.);
#6340 = EDGE_CURVE('',#6306,#6341,#6343,.T.);
#6341 = VERTEX_POINT('',#6342);
#6342 = CARTESIAN_POINT('',(-260.,-95.,880.04119458007));
#6343 = SURFACE_CURVE('',#6344,(#6348,#6355),.PCURVE_S1.);
#6344 = LINE('',#6345,#6346);
#6345 = CARTESIAN_POINT('',(-260.,-245.,880.04119458007));
#6346 = VECTOR('',#6347,1.);
#6347 = DIRECTION('',(0.,1.,0.));
#6348 = PCURVE('',#6316,#6349);
#6349 = DEFINITIONAL_REPRESENTATION('',(#6350),#6354);
#6350 = LINE('',#6351,#6352);
#6351 = CARTESIAN_POINT('',(0.,0.));
#6352 = VECTOR('',#6353,1.);
#6353 = DIRECTION('',(0.,-1.));
#6354 = ( GEOMETRIC_REPRESENTATION_CONTEXT(2) 
PARAMETRIC_REPRESENTATION_CONTEXT() REPRESENTATION_CONTEXT('2D SPACE',''
  ) );
#6355 = PCURVE('',#6356,#6361);
#6356 = PLANE('',#6357);
#6357 = AXIS2_PLACEMENT_3D('',#6358,#6359,#6360);
#6358 = CARTESIAN_POINT('',(-260.,-245.,880.04119458007));
#6359 = DIRECTION('',(0.,0.,1.));
#6360 = DIRECTION('',(1.,0.,0.));
#6361 = DEFINITIONAL_REPRESENTATION('',(#6362),#6366);
#6362 = LINE('',#6363,#6364);
#6363 = CARTESIAN_POINT('',(0.,0.));
#6364 = VECTOR('',#6365,1.);
#6365 = DIRECTION('',(0.,1.));
#6366 = ( GEOMETRIC_REPRESENTATION_CONTEXT(2) 
PARAMETRIC_REPRESENTATION_CONTEXT() REPRESENTATION_CONTEXT('2D SPACE',''
  ) );
#6367 = ORIENTED_EDGE('',*,*,#6368,.T.);
#6368 = EDGE_CURVE('',#6341,#6369,#6371,.T.);
#6369 = VERTEX_POINT('',#6370);
#6370 = CARTESIAN_POINT('',(-260.,-95.,950.04119458007));
#6371 = SURFACE_CURVE('',#6372,(#6376,#6383),.PCURVE_S1.);
#6372 = LINE('',#6373,#6374);
#6373 = CARTESIAN_POINT('',(-260.,-95.,880.04119458007));
#6374 = VECTOR('',#6375,1.);
#6375 = DIRECTION('',(0.,0.,1.));
#6376 = PCURVE('',#6316,#6377);
#6377 = DEFINITIONAL_REPRESENTATION('',(#6378),#6382);
#6378 = LINE('',#6379,#6380);
#6379 = CARTESIAN_POINT('',(0.,-150.));
#6380 = VECTOR('',#6381,1.);
#6381 = DIRECTION('',(1.,0.));
#6382 = ( GEOMETRIC_REPRESENTATION_CONTEXT(2) 
PARAMETRIC_REPRESENTATION_CONTEXT() REPRESENTATION_CONTEXT('2D SPACE',''
  ) );
#6383 = PCURVE('',#6384,#6389);
#6384 = PLANE('',#6385);
#6385 = AXIS2_PLACEMENT_3D('',#6386,#6387,#6388);
#6386 = CARTESIAN_POINT('',(-260.,-95.,880.04119458007));
#6387 = DIRECTION('',(0.,1.,0.));
#6388 = DIRECTION('',(0.,0.,1.));
#6389 = DEFINITIONAL_REPRESENTATION('',(#6390),#6394);
#6390 = LINE('',#6391,#6392);
#6391 = CARTESIAN_POINT('',(0.,0.));
#6392 = VECTOR('',#6393,1.);
#6393 = DIRECTION('',(1.,0.));
#6394 = ( GEOMETRIC_REPRESENTATION_CONTEXT(2) 
PARAMETRIC_REPRESENTATION_CONTEXT() REPRESENTATION_CONTEXT('2D SPACE',''
  ) );
#6395 = ORIENTED_EDGE('',*,*,#6396,.F.);
#6396 = EDGE_CURVE('',#6308,#6369,#6397,.T.);
#6397 = SURFACE_CURVE('',#6398,(#6402,#6409),.PCURVE_S1.);
#6398 = LINE('',#6399,#6400);
#6399 = CARTESIAN_POINT('',(-260.,-245.,950.04119458007));
#6400 = VECTOR('',#6401,1.);
#6401 = DIRECTION('',(0.,1.,0.));
#6402 = PCURVE('',#6316,#6403);
#6403 = DEFINITIONAL_REPRESENTATION('',(#6404),#6408);
#6404 = LINE('',#6405,#6406);
#6405 = CARTESIAN_POINT('',(70.,0.));
#6406 = VECTOR('',#6407,1.);
#6407 = DIRECTION('',(0.,-1.));
#6408 = ( GEOMETRIC_REPRESENTATION_CONTEXT(2) 
PARAMETRIC_REPRESENTATION_CONTEXT() REPRESENTATION_CONTEXT('2D SPACE',''
  ) );
#6409 = PCURVE('',#6410,#6415);
#6410 = PLANE('',#6411);
#6411 = AXIS2_PLACEMENT_3D('',#6412,#6413,#6414);
#6412 = CARTESIAN_POINT('',(-260.,-245.,950.04119458007));
#6413 = DIRECTION('',(0.,0.,1.));
#6414 = DIRECTION('',(1.,0.,0.));
#6415 = DEFINITIONAL_REPRESENTATION('',(#6416),#6420);
#6416 = LINE('',#6417,#6418);
#6417 = CARTESIAN_POINT('',(0.,0.));
#6418 = VECTOR('',#6419,1.);
#6419 = DIRECTION('',(0.,1.));
#6420 = ( GEOMETRIC_REPRESENTATION_CONTEXT(2) 
PARAMETRIC_REPRESENTATION_CONTEXT() REPRESENTATION_CONTEXT('2D SPACE',''
  ) );
#6421 = ADVANCED_FACE('',(#6422),#6436,.T.);
#6422 = FACE_BOUND('',#6423,.T.);
#6423 = EDGE_LOOP('',(#6424,#6454,#6477,#6500));
#6424 = ORIENTED_EDGE('',*,*,#6425,.F.);
#6425 = EDGE_CURVE('',#6426,#6428,#6430,.T.);
#6426 = VERTEX_POINT('',#6427);
#6427 = CARTESIAN_POINT('',(-60.,-245.,880.04119458007));
#6428 = VERTEX_POINT('',#6429);
#6429 = CARTESIAN_POINT('',(-60.,-245.,950.04119458007));
#6430 = SURFACE_CURVE('',#6431,(#6435,#6447),.PCURVE_S1.);
#6431 = LINE('',#6432,#6433);
#6432 = CARTESIAN_POINT('',(-60.,-245.,880.04119458007));
#6433 = VECTOR('',#6434,1.);
#6434 = DIRECTION('',(0.,0.,1.));
#6435 = PCURVE('',#6436,#6441);
#6436 = PLANE('',#6437);
#6437 = AXIS2_PLACEMENT_3D('',#6438,#6439,#6440);
#6438 = CARTESIAN_POINT('',(-60.,-245.,880.04119458007));
#6439 = DIRECTION('',(1.,0.,0.));
#6440 = DIRECTION('',(0.,0.,1.));
#6441 = DEFINITIONAL_REPRESENTATION('',(#6442),#6446);
#6442 = LINE('',#6443,#6444);
#6443 = CARTESIAN_POINT('',(0.,0.));
#6444 = VECTOR('',#6445,1.);
#6445 = DIRECTION('',(1.,0.));
#6446 = ( GEOMETRIC_REPRESENTATION_CONTEXT(2) 
PARAMETRIC_REPRESENTATION_CONTEXT() REPRESENTATION_CONTEXT('2D SPACE',''
  ) );
#6447 = PCURVE('',#6328,#6448);
#6448 = DEFINITIONAL_REPRESENTATION('',(#6449),#6453);
#6449 = LINE('',#6450,#6451);
#6450 = CARTESIAN_POINT('',(0.,200.));
#6451 = VECTOR('',#6452,1.);
#6452 = DIRECTION('',(1.,0.));
#6453 = ( GEOMETRIC_REPRESENTATION_CONTEXT(2) 
PARAMETRIC_REPRESENTATION_CONTEXT() REPRESENTATION_CONTEXT('2D SPACE',''
  ) );
#6454 = ORIENTED_EDGE('',*,*,#6455,.T.);
#6455 = EDGE_CURVE('',#6426,#6456,#6458,.T.);
#6456 = VERTEX_POINT('',#6457);
#6457 = CARTESIAN_POINT('',(-60.,-95.,880.04119458007));
#6458 = SURFACE_CURVE('',#6459,(#6463,#6470),.PCURVE_S1.);
#6459 = LINE('',#6460,#6461);
#6460 = CARTESIAN_POINT('',(-60.,-245.,880.04119458007));
#6461 = VECTOR('',#6462,1.);
#6462 = DIRECTION('',(0.,1.,0.));
#6463 = PCURVE('',#6436,#6464);
#6464 = DEFINITIONAL_REPRESENTATION('',(#6465),#6469);
#6465 = LINE('',#6466,#6467);
#6466 = CARTESIAN_POINT('',(0.,0.));
#6467 = VECTOR('',#6468,1.);
#6468 = DIRECTION('',(0.,-1.));
#6469 = ( GEOMETRIC_REPRESENTATION_CONTEXT(2) 
PARAMETRIC_REPRESENTATION_CONTEXT() REPRESENTATION_CONTEXT('2D SPACE',''
  ) );
#6470 = PCURVE('',#6356,#6471);
#6471 = DEFINITIONAL_REPRESENTATION('',(#6472),#6476);
#6472 = LINE('',#6473,#6474);
#6473 = CARTESIAN_POINT('',(200.,0.));
#6474 = VECTOR('',#6475,1.);
#6475 = DIRECTION('',(0.,1.));
#6476 = ( GEOMETRIC_REPRESENTATION_CONTEXT(2) 
PARAMETRIC_REPRESENTATION_CONTEXT() REPRESENTATION_CONTEXT('2D SPACE',''
  ) );
#6477 = ORIENTED_EDGE('',*,*,#6478,.T.);
#6478 = EDGE_CURVE('',#6456,#6479,#6481,.T.);
#6479 = VERTEX_POINT('',#6480);
#6480 = CARTESIAN_POINT('',(-60.,-95.,950.04119458007));
#6481 = SURFACE_CURVE('',#6482,(#6486,#6493),.PCURVE_S1.);
#6482 = LINE('',#6483,#6484);
#6483 = CARTESIAN_POINT('',(-60.,-95.,880.04119458007));
#6484 = VECTOR('',#6485,1.);
#6485 = DIRECTION('',(0.,0.,1.));
#6486 = PCURVE('',#6436,#6487);
#6487 = DEFINITIONAL_REPRESENTATION('',(#6488),#6492);
#6488 = LINE('',#6489,#6490);
#6489 = CARTESIAN_POINT('',(0.,-150.));
#6490 = VECTOR('',#6491,1.);
#6491 = DIRECTION('',(1.,0.));
#6492 = ( GEOMETRIC_REPRESENTATION_CONTEXT(2) 
PARAMETRIC_REPRESENTATION_CONTEXT() REPRESENTATION_CONTEXT('2D SPACE',''
  ) );
#6493 = PCURVE('',#6384,#6494);
#6494 = DEFINITIONAL_REPRESENTATION('',(#6495),#6499);
#6495 = LINE('',#6496,#6497);
#6496 = CARTESIAN_POINT('',(0.,200.));
#6497 = VECTOR('',#6498,1.);
#6498 = DIRECTION('',(1.,0.));
#6499 = ( GEOMETRIC_REPRESENTATION_CONTEXT(2) 
PARAMETRIC_REPRESENTATION_CONTEXT() REPRESENTATION_CONTEXT('2D SPACE',''
  ) );
#6500 = ORIENTED_EDGE('',*,*,#6501,.F.);
#6501 = EDGE_CURVE('',#6428,#6479,#6502,.T.);
#6502 = SURFACE_CURVE('',#6503,(#6507,#6514),.PCURVE_S1.);
#6503 = LINE('',#6504,#6505);
#6504 = CARTESIAN_POINT('',(-60.,-245.,950.04119458007));
#6505 = VECTOR('',#6506,1.);
#6506 = DIRECTION('',(0.,1.,0.));
#6507 = PCURVE('',#6436,#6508);
#6508 = DEFINITIONAL_REPRESENTATION('',(#6509),#6513);
#6509 = LINE('',#6510,#6511);
#6510 = CARTESIAN_POINT('',(70.,0.));
#6511 = VECTOR('',#6512,1.);
#6512 = DIRECTION('',(0.,-1.));
#6513 = ( GEOMETRIC_REPRESENTATION_CONTEXT(2) 
PARAMETRIC_REPRESENTATION_CONTEXT() REPRESENTATION_CONTEXT('2D SPACE',''
  ) );
#6514 = PCURVE('',#6410,#6515);
#6515 = DEFINITIONAL_REPRESENTATION('',(#6516),#6520);
#6516 = LINE('',#6517,#6518);
#6517 = CARTESIAN_POINT('',(200.,0.));
#6518 = VECTOR('',#6519,1.);
#6519 = DIRECTION('',(0.,1.));
#6520 = ( GEOMETRIC_REPRESENTATION_CONTEXT(2) 
PARAMETRIC_REPRESENTATION_CONTEXT() REPRESENTATION_CONTEXT('2D SPACE',''
  ) );
#6521 = ADVANCED_FACE('',(#6522),#6328,.F.);
#6522 = FACE_BOUND('',#6523,.F.);
#6523 = EDGE_LOOP('',(#6524,#6545,#6546,#6567));
#6524 = ORIENTED_EDGE('',*,*,#6525,.F.);
#6525 = EDGE_CURVE('',#6306,#6426,#6526,.T.);
#6526 = SURFACE_CURVE('',#6527,(#6531,#6538),.PCURVE_S1.);
#6527 = LINE('',#6528,#6529);
#6528 = CARTESIAN_POINT('',(-260.,-245.,880.04119458007));
#6529 = VECTOR('',#6530,1.);
#6530 = DIRECTION('',(1.,0.,0.));
#6531 = PCURVE('',#6328,#6532);
#6532 = DEFINITIONAL_REPRESENTATION('',(#6533),#6537);
#6533 = LINE('',#6534,#6535);
#6534 = CARTESIAN_POINT('',(0.,0.));
#6535 = VECTOR('',#6536,1.);
#6536 = DIRECTION('',(0.,1.));
#6537 = ( GEOMETRIC_REPRESENTATION_CONTEXT(2) 
PARAMETRIC_REPRESENTATION_CONTEXT() REPRESENTATION_CONTEXT('2D SPACE',''
  ) );
#6538 = PCURVE('',#6356,#6539);
#6539 = DEFINITIONAL_REPRESENTATION('',(#6540),#6544);
#6540 = LINE('',#6541,#6542);
#6541 = CARTESIAN_POINT('',(0.,0.));
#6542 = VECTOR('',#6543,1.);
#6543 = DIRECTION('',(1.,0.));
#6544 = ( GEOMETRIC_REPRESENTATION_CONTEXT(2) 
PARAMETRIC_REPRESENTATION_CONTEXT() REPRESENTATION_CONTEXT('2D SPACE',''
  ) );
#6545 = ORIENTED_EDGE('',*,*,#6305,.T.);
#6546 = ORIENTED_EDGE('',*,*,#6547,.T.);
#6547 = EDGE_CURVE('',#6308,#6428,#6548,.T.);
#6548 = SURFACE_CURVE('',#6549,(#6553,#6560),.PCURVE_S1.);
#6549 = LINE('',#6550,#6551);
#6550 = CARTESIAN_POINT('',(-260.,-245.,950.04119458007));
#6551 = VECTOR('',#6552,1.);
#6552 = DIRECTION('',(1.,0.,0.));
#6553 = PCURVE('',#6328,#6554);
#6554 = DEFINITIONAL_REPRESENTATION('',(#6555),#6559);
#6555 = LINE('',#6556,#6557);
#6556 = CARTESIAN_POINT('',(70.,0.));
#6557 = VECTOR('',#6558,1.);
#6558 = DIRECTION('',(0.,1.));
#6559 = ( GEOMETRIC_REPRESENTATION_CONTEXT(2) 
PARAMETRIC_REPRESENTATION_CONTEXT() REPRESENTATION_CONTEXT('2D SPACE',''
  ) );
#6560 = PCURVE('',#6410,#6561);
#6561 = DEFINITIONAL_REPRESENTATION('',(#6562),#6566);
#6562 = LINE('',#6563,#6564);
#6563 = CARTESIAN_POINT('',(0.,0.));
#6564 = VECTOR('',#6565,1.);
#6565 = DIRECTION('',(1.,0.));
#6566 = ( GEOMETRIC_REPRESENTATION_CONTEXT(2) 
PARAMETRIC_REPRESENTATION_CONTEXT() REPRESENTATION_CONTEXT('2D SPACE',''
  ) );
#6567 = ORIENTED_EDGE('',*,*,#6425,.F.);
#6568 = ADVANCED_FACE('',(#6569),#6384,.T.);
#6569 = FACE_BOUND('',#6570,.T.);
#6570 = EDGE_LOOP('',(#6571,#6592,#6593,#6614));
#6571 = ORIENTED_EDGE('',*,*,#6572,.F.);
#6572 = EDGE_CURVE('',#6341,#6456,#6573,.T.);
#6573 = SURFACE_CURVE('',#6574,(#6578,#6585),.PCURVE_S1.);
#6574 = LINE('',#6575,#6576);
#6575 = CARTESIAN_POINT('',(-260.,-95.,880.04119458007));
#6576 = VECTOR('',#6577,1.);
#6577 = DIRECTION('',(1.,0.,0.));
#6578 = PCURVE('',#6384,#6579);
#6579 = DEFINITIONAL_REPRESENTATION('',(#6580),#6584);
#6580 = LINE('',#6581,#6582);
#6581 = CARTESIAN_POINT('',(0.,0.));
#6582 = VECTOR('',#6583,1.);
#6583 = DIRECTION('',(0.,1.));
#6584 = ( GEOMETRIC_REPRESENTATION_CONTEXT(2) 
PARAMETRIC_REPRESENTATION_CONTEXT() REPRESENTATION_CONTEXT('2D SPACE',''
  ) );
#6585 = PCURVE('',#6356,#6586);
#6586 = DEFINITIONAL_REPRESENTATION('',(#6587),#6591);
#6587 = LINE('',#6588,#6589);
#6588 = CARTESIAN_POINT('',(0.,150.));
#6589 = VECTOR('',#6590,1.);
#6590 = DIRECTION('',(1.,0.));
#6591 = ( GEOMETRIC_REPRESENTATION_CONTEXT(2) 
PARAMETRIC_REPRESENTATION_CONTEXT() REPRESENTATION_CONTEXT('2D SPACE',''
  ) );
#6592 = ORIENTED_EDGE('',*,*,#6368,.T.);
#6593 = ORIENTED_EDGE('',*,*,#6594,.T.);
#6594 = EDGE_CURVE('',#6369,#6479,#6595,.T.);
#6595 = SURFACE_CURVE('',#6596,(#6600,#6607),.PCURVE_S1.);
#6596 = LINE('',#6597,#6598);
#6597 = CARTESIAN_POINT('',(-260.,-95.,950.04119458007));
#6598 = VECTOR('',#6599,1.);
#6599 = DIRECTION('',(1.,0.,0.));
#6600 = PCURVE('',#6384,#6601);
#6601 = DEFINITIONAL_REPRESENTATION('',(#6602),#6606);
#6602 = LINE('',#6603,#6604);
#6603 = CARTESIAN_POINT('',(70.,0.));
#6604 = VECTOR('',#6605,1.);
#6605 = DIRECTION('',(0.,1.));
#6606 = ( GEOMETRIC_REPRESENTATION_CONTEXT(2) 
PARAMETRIC_REPRESENTATION_CONTEXT() REPRESENTATION_CONTEXT('2D SPACE',''
  ) );
#6607 = PCURVE('',#6410,#6608);
#6608 = DEFINITIONAL_REPRESENTATION('',(#6609),#6613);
#6609 = LINE('',#6610,#6611);
#6610 = CARTESIAN_POINT('',(0.,150.));
#6611 = VECTOR('',#6612,1.);
#6612 = DIRECTION('',(1.,0.));
#6613 = ( GEOMETRIC_REPRESENTATION_CONTEXT(2) 
PARAMETRIC_REPRESENTATION_CONTEXT() REPRESENTATION_CONTEXT('2D SPACE',''
  ) );
#6614 = ORIENTED_EDGE('',*,*,#6478,.F.);
#6615 = ADVANCED_FACE('',(#6616),#6356,.F.);
#6616 = FACE_BOUND('',#6617,.F.);
#6617 = EDGE_LOOP('',(#6618,#6619,#6620,#6621));
#6618 = ORIENTED_EDGE('',*,*,#6340,.F.);
#6619 = ORIENTED_EDGE('',*,*,#6525,.T.);
#6620 = ORIENTED_EDGE('',*,*,#6455,.T.);
#6621 = ORIENTED_EDGE('',*,*,#6572,.F.);
#6622 = ADVANCED_FACE('',(#6623),#6410,.T.);
#6623 = FACE_BOUND('',#6624,.T.);
#6624 = EDGE_LOOP('',(#6625,#6626,#6627,#6628));
#6625 = ORIENTED_EDGE('',*,*,#6396,.F.);
#6626 = ORIENTED_EDGE('',*,*,#6547,.T.);
#6627 = ORIENTED_EDGE('',*,*,#6501,.T.);
#6628 = ORIENTED_EDGE('',*,*,#6594,.F.);
#6629 = ( GEOMETRIC_REPRESENTATION_CONTEXT(3) 
GLOBAL_UNCERTAINTY_ASSIGNED_CONTEXT((#6633)) 
GLOBAL_UNIT_ASSIGNED_CONTEXT((#6630,#6631,#6632)) REPRESENTATION_CONTEXT
('Context #1','3D Context with UNIT and UNCERTAINTY') );
#6630 = ( LENGTH_UNIT() NAMED_UNIT(*) SI_UNIT(.MILLI.,.METRE.) );
#6631 = ( NAMED_UNIT(*) PLANE_ANGLE_UNIT() SI_UNIT($,.RADIAN.) );
#6632 = ( NAMED_UNIT(*) SI_UNIT($,.STERADIAN.) SOLID_ANGLE_UNIT() );
#6633 = UNCERTAINTY_MEASURE_WITH_UNIT(LENGTH_MEASURE(1.E-07),#6630,
  'distance_accuracy_value','confusion accuracy');
#6634 = CONTEXT_DEPENDENT_SHAPE_REPRESENTATION(#6635,#6637);
#6635 = ( REPRESENTATION_RELATIONSHIP('','',#6298,#10) 
REPRESENTATION_RELATIONSHIP_WITH_TRANSFORMATION(#6636) 
SHAPE_REPRESENTATION_RELATIONSHIP() );
#6636 = ITEM_DEFINED_TRANSFORMATION('','',#11,#87);
#6637 = PRODUCT_DEFINITION_SHAPE('Placement','Placement of an item',
  #6638);
#6638 = NEXT_ASSEMBLY_USAGE_OCCURRENCE('19','CLASH/dcdc','',#5,#6293,$);
#6639 = PRODUCT_RELATED_PRODUCT_CATEGORY('part',$,(#6295));
#6640 = SHAPE_DEFINITION_REPRESENTATION(#6641,#6647);
#6641 = PRODUCT_DEFINITION_SHAPE('','',#6642);
#6642 = PRODUCT_DEFINITION('design','',#6643,#6646);
#6643 = PRODUCT_DEFINITION_FORMATION('','',#6644);
#6644 = PRODUCT('POWERTRAIN_COOLING/coolant_pump',
  'POWERTRAIN_COOLING/coolant_pump','',(#6645));
#6645 = PRODUCT_CONTEXT('',#2,'mechanical');
#6646 = PRODUCT_DEFINITION_CONTEXT('part definition',#2,'design');
#6647 = ADVANCED_BREP_SHAPE_REPRESENTATION('',(#11,#6648),#6978);
#6648 = MANIFOLD_SOLID_BREP('',#6649);
#6649 = CLOSED_SHELL('',(#6650,#6770,#6870,#6917,#6964,#6971));
#6650 = ADVANCED_FACE('',(#6651),#6665,.F.);
#6651 = FACE_BOUND('',#6652,.F.);
#6652 = EDGE_LOOP('',(#6653,#6688,#6716,#6744));
#6653 = ORIENTED_EDGE('',*,*,#6654,.F.);
#6654 = EDGE_CURVE('',#6655,#6657,#6659,.T.);
#6655 = VERTEX_POINT('',#6656);
#6656 = CARTESIAN_POINT('',(120.,170.,631.69989624023));
#6657 = VERTEX_POINT('',#6658);
#6658 = CARTESIAN_POINT('',(120.,170.,711.69989624023));
#6659 = SURFACE_CURVE('',#6660,(#6664,#6676),.PCURVE_S1.);
#6660 = LINE('',#6661,#6662);
#6661 = CARTESIAN_POINT('',(120.,170.,631.69989624023));
#6662 = VECTOR('',#6663,1.);
#6663 = DIRECTION('',(0.,0.,1.));
#6664 = PCURVE('',#6665,#6670);
#6665 = PLANE('',#6666);
#6666 = AXIS2_PLACEMENT_3D('',#6667,#6668,#6669);
#6667 = CARTESIAN_POINT('',(120.,170.,631.69989624023));
#6668 = DIRECTION('',(1.,0.,0.));
#6669 = DIRECTION('',(0.,0.,1.));
#6670 = DEFINITIONAL_REPRESENTATION('',(#6671),#6675);
#6671 = LINE('',#6672,#6673);
#6672 = CARTESIAN_POINT('',(0.,0.));
#6673 = VECTOR('',#6674,1.);
#6674 = DIRECTION('',(1.,0.));
#6675 = ( GEOMETRIC_REPRESENTATION_CONTEXT(2) 
PARAMETRIC_REPRESENTATION_CONTEXT() REPRESENTATION_CONTEXT('2D SPACE',''
  ) );
#6676 = PCURVE('',#6677,#6682);
#6677 = PLANE('',#6678);
#6678 = AXIS2_PLACEMENT_3D('',#6679,#6680,#6681);
#6679 = CARTESIAN_POINT('',(120.,170.,631.69989624023));
#6680 = DIRECTION('',(0.,1.,0.));
#6681 = DIRECTION('',(0.,0.,1.));
#6682 = DEFINITIONAL_REPRESENTATION('',(#6683),#6687);
#6683 = LINE('',#6684,#6685);
#6684 = CARTESIAN_POINT('',(0.,0.));
#6685 = VECTOR('',#6686,1.);
#6686 = DIRECTION('',(1.,0.));
#6687 = ( GEOMETRIC_REPRESENTATION_CONTEXT(2) 
PARAMETRIC_REPRESENTATION_CONTEXT() REPRESENTATION_CONTEXT('2D SPACE',''
  ) );
#6688 = ORIENTED_EDGE('',*,*,#6689,.T.);
#6689 = EDGE_CURVE('',#6655,#6690,#6692,.T.);
#6690 = VERTEX_POINT('',#6691);
#6691 = CARTESIAN_POINT('',(120.,250.,631.69989624023));
#6692 = SURFACE_CURVE('',#6693,(#6697,#6704),.PCURVE_S1.);
#6693 = LINE('',#6694,#6695);
#6694 = CARTESIAN_POINT('',(120.,170.,631.69989624023));
#6695 = VECTOR('',#6696,1.);
#6696 = DIRECTION('',(0.,1.,0.));
#6697 = PCURVE('',#6665,#6698);
#6698 = DEFINITIONAL_REPRESENTATION('',(#6699),#6703);
#6699 = LINE('',#6700,#6701);
#6700 = CARTESIAN_POINT('',(0.,0.));
#6701 = VECTOR('',#6702,1.);
#6702 = DIRECTION('',(0.,-1.));
#6703 = ( GEOMETRIC_REPRESENTATION_CONTEXT(2) 
PARAMETRIC_REPRESENTATION_CONTEXT() REPRESENTATION_CONTEXT('2D SPACE',''
  ) );
#6704 = PCURVE('',#6705,#6710);
#6705 = PLANE('',#6706);
#6706 = AXIS2_PLACEMENT_3D('',#6707,#6708,#6709);
#6707 = CARTESIAN_POINT('',(120.,170.,631.69989624023));
#6708 = DIRECTION('',(0.,0.,1.));
#6709 = DIRECTION('',(1.,0.,0.));
#6710 = DEFINITIONAL_REPRESENTATION('',(#6711),#6715);
#6711 = LINE('',#6712,#6713);
#6712 = CARTESIAN_POINT('',(0.,0.));
#6713 = VECTOR('',#6714,1.);
#6714 = DIRECTION('',(0.,1.));
#6715 = ( GEOMETRIC_REPRESENTATION_CONTEXT(2) 
PARAMETRIC_REPRESENTATION_CONTEXT() REPRESENTATION_CONTEXT('2D SPACE',''
  ) );
#6716 = ORIENTED_EDGE('',*,*,#6717,.T.);
#6717 = EDGE_CURVE('',#6690,#6718,#6720,.T.);
#6718 = VERTEX_POINT('',#6719);
#6719 = CARTESIAN_POINT('',(120.,250.,711.69989624023));
#6720 = SURFACE_CURVE('',#6721,(#6725,#6732),.PCURVE_S1.);
#6721 = LINE('',#6722,#6723);
#6722 = CARTESIAN_POINT('',(120.,250.,631.69989624023));
#6723 = VECTOR('',#6724,1.);
#6724 = DIRECTION('',(0.,0.,1.));
#6725 = PCURVE('',#6665,#6726);
#6726 = DEFINITIONAL_REPRESENTATION('',(#6727),#6731);
#6727 = LINE('',#6728,#6729);
#6728 = CARTESIAN_POINT('',(0.,-80.));
#6729 = VECTOR('',#6730,1.);
#6730 = DIRECTION('',(1.,0.));
#6731 = ( GEOMETRIC_REPRESENTATION_CONTEXT(2) 
PARAMETRIC_REPRESENTATION_CONTEXT() REPRESENTATION_CONTEXT('2D SPACE',''
  ) );
#6732 = PCURVE('',#6733,#6738);
#6733 = PLANE('',#6734);
#6734 = AXIS2_PLACEMENT_3D('',#6735,#6736,#6737);
#6735 = CARTESIAN_POINT('',(120.,250.,631.69989624023));
#6736 = DIRECTION('',(0.,1.,0.));
#6737 = DIRECTION('',(0.,0.,1.));
#6738 = DEFINITIONAL_REPRESENTATION('',(#6739),#6743);
#6739 = LINE('',#6740,#6741);
#6740 = CARTESIAN_POINT('',(0.,0.));
#6741 = VECTOR('',#6742,1.);
#6742 = DIRECTION('',(1.,0.));
#6743 = ( GEOMETRIC_REPRESENTATION_CONTEXT(2) 
PARAMETRIC_REPRESENTATION_CONTEXT() REPRESENTATION_CONTEXT('2D SPACE',''
  ) );
#6744 = ORIENTED_EDGE('',*,*,#6745,.F.);
#6745 = EDGE_CURVE('',#6657,#6718,#6746,.T.);
#6746 = SURFACE_CURVE('',#6747,(#6751,#6758),.PCURVE_S1.);
#6747 = LINE('',#6748,#6749);
#6748 = CARTESIAN_POINT('',(120.,170.,711.69989624023));
#6749 = VECTOR('',#6750,1.);
#6750 = DIRECTION('',(0.,1.,0.));
#6751 = PCURVE('',#6665,#6752);
#6752 = DEFINITIONAL_REPRESENTATION('',(#6753),#6757);
#6753 = LINE('',#6754,#6755);
#6754 = CARTESIAN_POINT('',(80.,0.));
#6755 = VECTOR('',#6756,1.);
#6756 = DIRECTION('',(0.,-1.));
#6757 = ( GEOMETRIC_REPRESENTATION_CONTEXT(2) 
PARAMETRIC_REPRESENTATION_CONTEXT() REPRESENTATION_CONTEXT('2D SPACE',''
  ) );
#6758 = PCURVE('',#6759,#6764);
#6759 = PLANE('',#6760);
#6760 = AXIS2_PLACEMENT_3D('',#6761,#6762,#6763);
#6761 = CARTESIAN_POINT('',(120.,170.,711.69989624023));
#6762 = DIRECTION('',(0.,0.,1.));
#6763 = DIRECTION('',(1.,0.,0.));
#6764 = DEFINITIONAL_REPRESENTATION('',(#6765),#6769);
#6765 = LINE('',#6766,#6767);
#6766 = CARTESIAN_POINT('',(0.,0.));
#6767 = VECTOR('',#6768,1.);
#6768 = DIRECTION('',(0.,1.));
#6769 = ( GEOMETRIC_REPRESENTATION_CONTEXT(2) 
PARAMETRIC_REPRESENTATION_CONTEXT() REPRESENTATION_CONTEXT('2D SPACE',''
  ) );
#6770 = ADVANCED_FACE('',(#6771),#6785,.T.);
#6771 = FACE_BOUND('',#6772,.T.);
#6772 = EDGE_LOOP('',(#6773,#6803,#6826,#6849));
#6773 = ORIENTED_EDGE('',*,*,#6774,.F.);
#6774 = EDGE_CURVE('',#6775,#6777,#6779,.T.);
#6775 = VERTEX_POINT('',#6776);
#6776 = CARTESIAN_POINT('',(240.,170.,631.69989624023));
#6777 = VERTEX_POINT('',#6778);
#6778 = CARTESIAN_POINT('',(240.,170.,711.69989624023));
#6779 = SURFACE_CURVE('',#6780,(#6784,#6796),.PCURVE_S1.);
#6780 = LINE('',#6781,#6782);
#6781 = CARTESIAN_POINT('',(240.,170.,631.69989624023));
#6782 = VECTOR('',#6783,1.);
#6783 = DIRECTION('',(0.,0.,1.));
#6784 = PCURVE('',#6785,#6790);
#6785 = PLANE('',#6786);
#6786 = AXIS2_PLACEMENT_3D('',#6787,#6788,#6789);
#6787 = CARTESIAN_POINT('',(240.,170.,631.69989624023));
#6788 = DIRECTION('',(1.,0.,0.));
#6789 = DIRECTION('',(0.,0.,1.));
#6790 = DEFINITIONAL_REPRESENTATION('',(#6791),#6795);
#6791 = LINE('',#6792,#6793);
#6792 = CARTESIAN_POINT('',(0.,0.));
#6793 = VECTOR('',#6794,1.);
#6794 = DIRECTION('',(1.,0.));
#6795 = ( GEOMETRIC_REPRESENTATION_CONTEXT(2) 
PARAMETRIC_REPRESENTATION_CONTEXT() REPRESENTATION_CONTEXT('2D SPACE',''
  ) );
#6796 = PCURVE('',#6677,#6797);
#6797 = DEFINITIONAL_REPRESENTATION('',(#6798),#6802);
#6798 = LINE('',#6799,#6800);
#6799 = CARTESIAN_POINT('',(0.,120.));
#6800 = VECTOR('',#6801,1.);
#6801 = DIRECTION('',(1.,0.));
#6802 = ( GEOMETRIC_REPRESENTATION_CONTEXT(2) 
PARAMETRIC_REPRESENTATION_CONTEXT() REPRESENTATION_CONTEXT('2D SPACE',''
  ) );
#6803 = ORIENTED_EDGE('',*,*,#6804,.T.);
#6804 = EDGE_CURVE('',#6775,#6805,#6807,.T.);
#6805 = VERTEX_POINT('',#6806);
#6806 = CARTESIAN_POINT('',(240.,250.,631.69989624023));
#6807 = SURFACE_CURVE('',#6808,(#6812,#6819),.PCURVE_S1.);
#6808 = LINE('',#6809,#6810);
#6809 = CARTESIAN_POINT('',(240.,170.,631.69989624023));
#6810 = VECTOR('',#6811,1.);
#6811 = DIRECTION('',(0.,1.,0.));
#6812 = PCURVE('',#6785,#6813);
#6813 = DEFINITIONAL_REPRESENTATION('',(#6814),#6818);
#6814 = LINE('',#6815,#6816);
#6815 = CARTESIAN_POINT('',(0.,0.));
#6816 = VECTOR('',#6817,1.);
#6817 = DIRECTION('',(0.,-1.));
#6818 = ( GEOMETRIC_REPRESENTATION_CONTEXT(2) 
PARAMETRIC_REPRESENTATION_CONTEXT() REPRESENTATION_CONTEXT('2D SPACE',''
  ) );
#6819 = PCURVE('',#6705,#6820);
#6820 = DEFINITIONAL_REPRESENTATION('',(#6821),#6825);
#6821 = LINE('',#6822,#6823);
#6822 = CARTESIAN_POINT('',(120.,0.));
#6823 = VECTOR('',#6824,1.);
#6824 = DIRECTION('',(0.,1.));
#6825 = ( GEOMETRIC_REPRESENTATION_CONTEXT(2) 
PARAMETRIC_REPRESENTATION_CONTEXT() REPRESENTATION_CONTEXT('2D SPACE',''
  ) );
#6826 = ORIENTED_EDGE('',*,*,#6827,.T.);
#6827 = EDGE_CURVE('',#6805,#6828,#6830,.T.);
#6828 = VERTEX_POINT('',#6829);
#6829 = CARTESIAN_POINT('',(240.,250.,711.69989624023));
#6830 = SURFACE_CURVE('',#6831,(#6835,#6842),.PCURVE_S1.);
#6831 = LINE('',#6832,#6833);
#6832 = CARTESIAN_POINT('',(240.,250.,631.69989624023));
#6833 = VECTOR('',#6834,1.);
#6834 = DIRECTION('',(0.,0.,1.));
#6835 = PCURVE('',#6785,#6836);
#6836 = DEFINITIONAL_REPRESENTATION('',(#6837),#6841);
#6837 = LINE('',#6838,#6839);
#6838 = CARTESIAN_POINT('',(0.,-80.));
#6839 = VECTOR('',#6840,1.);
#6840 = DIRECTION('',(1.,0.));
#6841 = ( GEOMETRIC_REPRESENTATION_CONTEXT(2) 
PARAMETRIC_REPRESENTATION_CONTEXT() REPRESENTATION_CONTEXT('2D SPACE',''
  ) );
#6842 = PCURVE('',#6733,#6843);
#6843 = DEFINITIONAL_REPRESENTATION('',(#6844),#6848);
#6844 = LINE('',#6845,#6846);
#6845 = CARTESIAN_POINT('',(0.,120.));
#6846 = VECTOR('',#6847,1.);
#6847 = DIRECTION('',(1.,0.));
#6848 = ( GEOMETRIC_REPRESENTATION_CONTEXT(2) 
PARAMETRIC_REPRESENTATION_CONTEXT() REPRESENTATION_CONTEXT('2D SPACE',''
  ) );
#6849 = ORIENTED_EDGE('',*,*,#6850,.F.);
#6850 = EDGE_CURVE('',#6777,#6828,#6851,.T.);
#6851 = SURFACE_CURVE('',#6852,(#6856,#6863),.PCURVE_S1.);
#6852 = LINE('',#6853,#6854);
#6853 = CARTESIAN_POINT('',(240.,170.,711.69989624023));
#6854 = VECTOR('',#6855,1.);
#6855 = DIRECTION('',(0.,1.,0.));
#6856 = PCURVE('',#6785,#6857);
#6857 = DEFINITIONAL_REPRESENTATION('',(#6858),#6862);
#6858 = LINE('',#6859,#6860);
#6859 = CARTESIAN_POINT('',(80.,0.));
#6860 = VECTOR('',#6861,1.);
#6861 = DIRECTION('',(0.,-1.));
#6862 = ( GEOMETRIC_REPRESENTATION_CONTEXT(2) 
PARAMETRIC_REPRESENTATION_CONTEXT() REPRESENTATION_CONTEXT('2D SPACE',''
  ) );
#6863 = PCURVE('',#6759,#6864);
#6864 = DEFINITIONAL_REPRESENTATION('',(#6865),#6869);
#6865 = LINE('',#6866,#6867);
#6866 = CARTESIAN_POINT('',(120.,0.));
#6867 = VECTOR('',#6868,1.);
#6868 = DIRECTION('',(0.,1.));
#6869 = ( GEOMETRIC_REPRESENTATION_CONTEXT(2) 
PARAMETRIC_REPRESENTATION_CONTEXT() REPRESENTATION_CONTEXT('2D SPACE',''
  ) );
#6870 = ADVANCED_FACE('',(#6871),#6677,.F.);
#6871 = FACE_BOUND('',#6872,.F.);
#6872 = EDGE_LOOP('',(#6873,#6894,#6895,#6916));
#6873 = ORIENTED_EDGE('',*,*,#6874,.F.);
#6874 = EDGE_CURVE('',#6655,#6775,#6875,.T.);
#6875 = SURFACE_CURVE('',#6876,(#6880,#6887),.PCURVE_S1.);
#6876 = LINE('',#6877,#6878);
#6877 = CARTESIAN_POINT('',(120.,170.,631.69989624023));
#6878 = VECTOR('',#6879,1.);
#6879 = DIRECTION('',(1.,0.,0.));
#6880 = PCURVE('',#6677,#6881);
#6881 = DEFINITIONAL_REPRESENTATION('',(#6882),#6886);
#6882 = LINE('',#6883,#6884);
#6883 = CARTESIAN_POINT('',(0.,0.));
#6884 = VECTOR('',#6885,1.);
#6885 = DIRECTION('',(0.,1.));
#6886 = ( GEOMETRIC_REPRESENTATION_CONTEXT(2) 
PARAMETRIC_REPRESENTATION_CONTEXT() REPRESENTATION_CONTEXT('2D SPACE',''
  ) );
#6887 = PCURVE('',#6705,#6888);
#6888 = DEFINITIONAL_REPRESENTATION('',(#6889),#6893);
#6889 = LINE('',#6890,#6891);
#6890 = CARTESIAN_POINT('',(0.,0.));
#6891 = VECTOR('',#6892,1.);
#6892 = DIRECTION('',(1.,0.));
#6893 = ( GEOMETRIC_REPRESENTATION_CONTEXT(2) 
PARAMETRIC_REPRESENTATION_CONTEXT() REPRESENTATION_CONTEXT('2D SPACE',''
  ) );
#6894 = ORIENTED_EDGE('',*,*,#6654,.T.);
#6895 = ORIENTED_EDGE('',*,*,#6896,.T.);
#6896 = EDGE_CURVE('',#6657,#6777,#6897,.T.);
#6897 = SURFACE_CURVE('',#6898,(#6902,#6909),.PCURVE_S1.);
#6898 = LINE('',#6899,#6900);
#6899 = CARTESIAN_POINT('',(120.,170.,711.69989624023));
#6900 = VECTOR('',#6901,1.);
#6901 = DIRECTION('',(1.,0.,0.));
#6902 = PCURVE('',#6677,#6903);
#6903 = DEFINITIONAL_REPRESENTATION('',(#6904),#6908);
#6904 = LINE('',#6905,#6906);
#6905 = CARTESIAN_POINT('',(80.,0.));
#6906 = VECTOR('',#6907,1.);
#6907 = DIRECTION('',(0.,1.));
#6908 = ( GEOMETRIC_REPRESENTATION_CONTEXT(2) 
PARAMETRIC_REPRESENTATION_CONTEXT() REPRESENTATION_CONTEXT('2D SPACE',''
  ) );
#6909 = PCURVE('',#6759,#6910);
#6910 = DEFINITIONAL_REPRESENTATION('',(#6911),#6915);
#6911 = LINE('',#6912,#6913);
#6912 = CARTESIAN_POINT('',(0.,0.));
#6913 = VECTOR('',#6914,1.);
#6914 = DIRECTION('',(1.,0.));
#6915 = ( GEOMETRIC_REPRESENTATION_CONTEXT(2) 
PARAMETRIC_REPRESENTATION_CONTEXT() REPRESENTATION_CONTEXT('2D SPACE',''
  ) );
#6916 = ORIENTED_EDGE('',*,*,#6774,.F.);
#6917 = ADVANCED_FACE('',(#6918),#6733,.T.);
#6918 = FACE_BOUND('',#6919,.T.);
#6919 = EDGE_LOOP('',(#6920,#6941,#6942,#6963));
#6920 = ORIENTED_EDGE('',*,*,#6921,.F.);
#6921 = EDGE_CURVE('',#6690,#6805,#6922,.T.);
#6922 = SURFACE_CURVE('',#6923,(#6927,#6934),.PCURVE_S1.);
#6923 = LINE('',#6924,#6925);
#6924 = CARTESIAN_POINT('',(120.,250.,631.69989624023));
#6925 = VECTOR('',#6926,1.);
#6926 = DIRECTION('',(1.,0.,0.));
#6927 = PCURVE('',#6733,#6928);
#6928 = DEFINITIONAL_REPRESENTATION('',(#6929),#6933);
#6929 = LINE('',#6930,#6931);
#6930 = CARTESIAN_POINT('',(0.,0.));
#6931 = VECTOR('',#6932,1.);
#6932 = DIRECTION('',(0.,1.));
#6933 = ( GEOMETRIC_REPRESENTATION_CONTEXT(2) 
PARAMETRIC_REPRESENTATION_CONTEXT() REPRESENTATION_CONTEXT('2D SPACE',''
  ) );
#6934 = PCURVE('',#6705,#6935);
#6935 = DEFINITIONAL_REPRESENTATION('',(#6936),#6940);
#6936 = LINE('',#6937,#6938);
#6937 = CARTESIAN_POINT('',(0.,80.));
#6938 = VECTOR('',#6939,1.);
#6939 = DIRECTION('',(1.,0.));
#6940 = ( GEOMETRIC_REPRESENTATION_CONTEXT(2) 
PARAMETRIC_REPRESENTATION_CONTEXT() REPRESENTATION_CONTEXT('2D SPACE',''
  ) );
#6941 = ORIENTED_EDGE('',*,*,#6717,.T.);
#6942 = ORIENTED_EDGE('',*,*,#6943,.T.);
#6943 = EDGE_CURVE('',#6718,#6828,#6944,.T.);
#6944 = SURFACE_CURVE('',#6945,(#6949,#6956),.PCURVE_S1.);
#6945 = LINE('',#6946,#6947);
#6946 = CARTESIAN_POINT('',(120.,250.,711.69989624023));
#6947 = VECTOR('',#6948,1.);
#6948 = DIRECTION('',(1.,0.,0.));
#6949 = PCURVE('',#6733,#6950);
#6950 = DEFINITIONAL_REPRESENTATION('',(#6951),#6955);
#6951 = LINE('',#6952,#6953);
#6952 = CARTESIAN_POINT('',(80.,0.));
#6953 = VECTOR('',#6954,1.);
#6954 = DIRECTION('',(0.,1.));
#6955 = ( GEOMETRIC_REPRESENTATION_CONTEXT(2) 
PARAMETRIC_REPRESENTATION_CONTEXT() REPRESENTATION_CONTEXT('2D SPACE',''
  ) );
#6956 = PCURVE('',#6759,#6957);
#6957 = DEFINITIONAL_REPRESENTATION('',(#6958),#6962);
#6958 = LINE('',#6959,#6960);
#6959 = CARTESIAN_POINT('',(0.,80.));
#6960 = VECTOR('',#6961,1.);
#6961 = DIRECTION('',(1.,0.));
#6962 = ( GEOMETRIC_REPRESENTATION_CONTEXT(2) 
PARAMETRIC_REPRESENTATION_CONTEXT() REPRESENTATION_CONTEXT('2D SPACE',''
  ) );
#6963 = ORIENTED_EDGE('',*,*,#6827,.F.);
#6964 = ADVANCED_FACE('',(#6965),#6705,.F.);
#6965 = FACE_BOUND('',#6966,.F.);
#6966 = EDGE_LOOP('',(#6967,#6968,#6969,#6970));
#6967 = ORIENTED_EDGE('',*,*,#6689,.F.);
#6968 = ORIENTED_EDGE('',*,*,#6874,.T.);
#6969 = ORIENTED_EDGE('',*,*,#6804,.T.);
#6970 = ORIENTED_EDGE('',*,*,#6921,.F.);
#6971 = ADVANCED_FACE('',(#6972),#6759,.T.);
#6972 = FACE_BOUND('',#6973,.T.);
#6973 = EDGE_LOOP('',(#6974,#6975,#6976,#6977));
#6974 = ORIENTED_EDGE('',*,*,#6745,.F.);
#6975 = ORIENTED_EDGE('',*,*,#6896,.T.);
#6976 = ORIENTED_EDGE('',*,*,#6850,.T.);
#6977 = ORIENTED_EDGE('',*,*,#6943,.F.);
#6978 = ( GEOMETRIC_REPRESENTATION_CONTEXT(3) 
GLOBAL_UNCERTAINTY_ASSIGNED_CONTEXT((#6982)) 
GLOBAL_UNIT_ASSIGNED_CONTEXT((#6979,#6980,#6981)) REPRESENTATION_CONTEXT
('Context #1','3D Context with UNIT and UNCERTAINTY') );
#6979 = ( LENGTH_UNIT() NAMED_UNIT(*) SI_UNIT(.MILLI.,.METRE.) );
#6980 = ( NAMED_UNIT(*) PLANE_ANGLE_UNIT() SI_UNIT($,.RADIAN.) );
#6981 = ( NAMED_UNIT(*) SI_UNIT($,.STERADIAN.) SOLID_ANGLE_UNIT() );
#6982 = UNCERTAINTY_MEASURE_WITH_UNIT(LENGTH_MEASURE(1.E-07),#6979,
  'distance_accuracy_value','confusion accuracy');
#6983 = CONTEXT_DEPENDENT_SHAPE_REPRESENTATION(#6984,#6986);
#6984 = ( REPRESENTATION_RELATIONSHIP('','',#6647,#10) 
REPRESENTATION_RELATIONSHIP_WITH_TRANSFORMATION(#6985) 
SHAPE_REPRESENTATION_RELATIONSHIP() );
#6985 = ITEM_DEFINED_TRANSFORMATION('','',#11,#91);
#6986 = PRODUCT_DEFINITION_SHAPE('Placement','Placement of an item',
  #6987);
#6987 = NEXT_ASSEMBLY_USAGE_OCCURRENCE('20',
  'POWERTRAIN_COOLING/coolant_pump','',#5,#6642,$);
#6988 = PRODUCT_RELATED_PRODUCT_CATEGORY('part',$,(#6644));
#6989 = SHAPE_DEFINITION_REPRESENTATION(#6990,#6996);
#6990 = PRODUCT_DEFINITION_SHAPE('','',#6991);
#6991 = PRODUCT_DEFINITION('design','',#6992,#6995);
#6992 = PRODUCT_DEFINITION_FORMATION('','',#6993);
#6993 = PRODUCT('CLASH/heat_exchanger','CLASH/heat_exchanger','',(#6994)
  );
#6994 = PRODUCT_CONTEXT('',#2,'mechanical');
#6995 = PRODUCT_DEFINITION_CONTEXT('part definition',#2,'design');
#6996 = ADVANCED_BREP_SHAPE_REPRESENTATION('',(#11,#6997),#7327);
#6997 = MANIFOLD_SOLID_BREP('',#6998);
#6998 = CLOSED_SHELL('',(#6999,#7119,#7219,#7266,#7313,#7320));
#6999 = ADVANCED_FACE('',(#7000),#7014,.F.);
#7000 = FACE_BOUND('',#7001,.F.);
#7001 = EDGE_LOOP('',(#7002,#7037,#7065,#7093));
#7002 = ORIENTED_EDGE('',*,*,#7003,.F.);
#7003 = EDGE_CURVE('',#7004,#7006,#7008,.T.);
#7004 = VERTEX_POINT('',#7005);
#7005 = CARTESIAN_POINT('',(-50.,-245.0836486816,898.76061401367));
#7006 = VERTEX_POINT('',#7007);
#7007 = CARTESIAN_POINT('',(-50.,-245.0836486816,958.76061401367));
#7008 = SURFACE_CURVE('',#7009,(#7013,#7025),.PCURVE_S1.);
#7009 = LINE('',#7010,#7011);
#7010 = CARTESIAN_POINT('',(-50.,-245.0836486816,898.76061401367));
#7011 = VECTOR('',#7012,1.);
#7012 = DIRECTION('',(0.,0.,1.));
#7013 = PCURVE('',#7014,#7019);
#7014 = PLANE('',#7015);
#7015 = AXIS2_PLACEMENT_3D('',#7016,#7017,#7018);
#7016 = CARTESIAN_POINT('',(-50.,-245.0836486816,898.76061401367));
#7017 = DIRECTION('',(1.,0.,0.));
#7018 = DIRECTION('',(0.,0.,1.));
#7019 = DEFINITIONAL_REPRESENTATION('',(#7020),#7024);
#7020 = LINE('',#7021,#7022);
#7021 = CARTESIAN_POINT('',(0.,0.));
#7022 = VECTOR('',#7023,1.);
#7023 = DIRECTION('',(1.,0.));
#7024 = ( GEOMETRIC_REPRESENTATION_CONTEXT(2) 
PARAMETRIC_REPRESENTATION_CONTEXT() REPRESENTATION_CONTEXT('2D SPACE',''
  ) );
#7025 = PCURVE('',#7026,#7031);
#7026 = PLANE('',#7027);
#7027 = AXIS2_PLACEMENT_3D('',#7028,#7029,#7030);
#7028 = CARTESIAN_POINT('',(-50.,-245.0836486816,898.76061401367));
#7029 = DIRECTION('',(0.,1.,0.));
#7030 = DIRECTION('',(0.,0.,1.));
#7031 = DEFINITIONAL_REPRESENTATION('',(#7032),#7036);
#7032 = LINE('',#7033,#7034);
#7033 = CARTESIAN_POINT('',(0.,0.));
#7034 = VECTOR('',#7035,1.);
#7035 = DIRECTION('',(1.,0.));
#7036 = ( GEOMETRIC_REPRESENTATION_CONTEXT(2) 
PARAMETRIC_REPRESENTATION_CONTEXT() REPRESENTATION_CONTEXT('2D SPACE',''
  ) );
#7037 = ORIENTED_EDGE('',*,*,#7038,.T.);
#7038 = EDGE_CURVE('',#7004,#7039,#7041,.T.);
#7039 = VERTEX_POINT('',#7040);
#7040 = CARTESIAN_POINT('',(-50.,-125.0836486816,898.76061401367));
#7041 = SURFACE_CURVE('',#7042,(#7046,#7053),.PCURVE_S1.);
#7042 = LINE('',#7043,#7044);
#7043 = CARTESIAN_POINT('',(-50.,-245.0836486816,898.76061401367));
#7044 = VECTOR('',#7045,1.);
#7045 = DIRECTION('',(0.,1.,0.));
#7046 = PCURVE('',#7014,#7047);
#7047 = DEFINITIONAL_REPRESENTATION('',(#7048),#7052);
#7048 = LINE('',#7049,#7050);
#7049 = CARTESIAN_POINT('',(0.,0.));
#7050 = VECTOR('',#7051,1.);
#7051 = DIRECTION('',(0.,-1.));
#7052 = ( GEOMETRIC_REPRESENTATION_CONTEXT(2) 
PARAMETRIC_REPRESENTATION_CONTEXT() REPRESENTATION_CONTEXT('2D SPACE',''
  ) );
#7053 = PCURVE('',#7054,#7059);
#7054 = PLANE('',#7055);
#7055 = AXIS2_PLACEMENT_3D('',#7056,#7057,#7058);
#7056 = CARTESIAN_POINT('',(-50.,-245.0836486816,898.76061401367));
#7057 = DIRECTION('',(0.,0.,1.));
#7058 = DIRECTION('',(1.,0.,0.));
#7059 = DEFINITIONAL_REPRESENTATION('',(#7060),#7064);
#7060 = LINE('',#7061,#7062);
#7061 = CARTESIAN_POINT('',(0.,0.));
#7062 = VECTOR('',#7063,1.);
#7063 = DIRECTION('',(0.,1.));
#7064 = ( GEOMETRIC_REPRESENTATION_CONTEXT(2) 
PARAMETRIC_REPRESENTATION_CONTEXT() REPRESENTATION_CONTEXT('2D SPACE',''
  ) );
#7065 = ORIENTED_EDGE('',*,*,#7066,.T.);
#7066 = EDGE_CURVE('',#7039,#7067,#7069,.T.);
#7067 = VERTEX_POINT('',#7068);
#7068 = CARTESIAN_POINT('',(-50.,-125.0836486816,958.76061401367));
#7069 = SURFACE_CURVE('',#7070,(#7074,#7081),.PCURVE_S1.);
#7070 = LINE('',#7071,#7072);
#7071 = CARTESIAN_POINT('',(-50.,-125.0836486816,898.76061401367));
#7072 = VECTOR('',#7073,1.);
#7073 = DIRECTION('',(0.,0.,1.));
#7074 = PCURVE('',#7014,#7075);
#7075 = DEFINITIONAL_REPRESENTATION('',(#7076),#7080);
#7076 = LINE('',#7077,#7078);
#7077 = CARTESIAN_POINT('',(0.,-120.));
#7078 = VECTOR('',#7079,1.);
#7079 = DIRECTION('',(1.,0.));
#7080 = ( GEOMETRIC_REPRESENTATION_CONTEXT(2) 
PARAMETRIC_REPRESENTATION_CONTEXT() REPRESENTATION_CONTEXT('2D SPACE',''
  ) );
#7081 = PCURVE('',#7082,#7087);
#7082 = PLANE('',#7083);
#7083 = AXIS2_PLACEMENT_3D('',#7084,#7085,#7086);
#7084 = CARTESIAN_POINT('',(-50.,-125.0836486816,898.76061401367));
#7085 = DIRECTION('',(0.,1.,0.));
#7086 = DIRECTION('',(0.,0.,1.));
#7087 = DEFINITIONAL_REPRESENTATION('',(#7088),#7092);
#7088 = LINE('',#7089,#7090);
#7089 = CARTESIAN_POINT('',(0.,0.));
#7090 = VECTOR('',#7091,1.);
#7091 = DIRECTION('',(1.,0.));
#7092 = ( GEOMETRIC_REPRESENTATION_CONTEXT(2) 
PARAMETRIC_REPRESENTATION_CONTEXT() REPRESENTATION_CONTEXT('2D SPACE',''
  ) );
#7093 = ORIENTED_EDGE('',*,*,#7094,.F.);
#7094 = EDGE_CURVE('',#7006,#7067,#7095,.T.);
#7095 = SURFACE_CURVE('',#7096,(#7100,#7107),.PCURVE_S1.);
#7096 = LINE('',#7097,#7098);
#7097 = CARTESIAN_POINT('',(-50.,-245.0836486816,958.76061401367));
#7098 = VECTOR('',#7099,1.);
#7099 = DIRECTION('',(0.,1.,0.));
#7100 = PCURVE('',#7014,#7101);
#7101 = DEFINITIONAL_REPRESENTATION('',(#7102),#7106);
#7102 = LINE('',#7103,#7104);
#7103 = CARTESIAN_POINT('',(60.,0.));
#7104 = VECTOR('',#7105,1.);
#7105 = DIRECTION('',(0.,-1.));
#7106 = ( GEOMETRIC_REPRESENTATION_CONTEXT(2) 
PARAMETRIC_REPRESENTATION_CONTEXT() REPRESENTATION_CONTEXT('2D SPACE',''
  ) );
#7107 = PCURVE('',#7108,#7113);
#7108 = PLANE('',#7109);
#7109 = AXIS2_PLACEMENT_3D('',#7110,#7111,#7112);
#7110 = CARTESIAN_POINT('',(-50.,-245.0836486816,958.76061401367));
#7111 = DIRECTION('',(0.,0.,1.));
#7112 = DIRECTION('',(1.,0.,0.));
#7113 = DEFINITIONAL_REPRESENTATION('',(#7114),#7118);
#7114 = LINE('',#7115,#7116);
#7115 = CARTESIAN_POINT('',(0.,0.));
#7116 = VECTOR('',#7117,1.);
#7117 = DIRECTION('',(0.,1.));
#7118 = ( GEOMETRIC_REPRESENTATION_CONTEXT(2) 
PARAMETRIC_REPRESENTATION_CONTEXT() REPRESENTATION_CONTEXT('2D SPACE',''
  ) );
#7119 = ADVANCED_FACE('',(#7120),#7134,.T.);
#7120 = FACE_BOUND('',#7121,.T.);
#7121 = EDGE_LOOP('',(#7122,#7152,#7175,#7198));
#7122 = ORIENTED_EDGE('',*,*,#7123,.F.);
#7123 = EDGE_CURVE('',#7124,#7126,#7128,.T.);
#7124 = VERTEX_POINT('',#7125);
#7125 = CARTESIAN_POINT('',(250.,-245.0836486816,898.76061401367));
#7126 = VERTEX_POINT('',#7127);
#7127 = CARTESIAN_POINT('',(250.,-245.0836486816,958.76061401367));
#7128 = SURFACE_CURVE('',#7129,(#7133,#7145),.PCURVE_S1.);
#7129 = LINE('',#7130,#7131);
#7130 = CARTESIAN_POINT('',(250.,-245.0836486816,898.76061401367));
#7131 = VECTOR('',#7132,1.);
#7132 = DIRECTION('',(0.,0.,1.));
#7133 = PCURVE('',#7134,#7139);
#7134 = PLANE('',#7135);
#7135 = AXIS2_PLACEMENT_3D('',#7136,#7137,#7138);
#7136 = CARTESIAN_POINT('',(250.,-245.0836486816,898.76061401367));
#7137 = DIRECTION('',(1.,0.,0.));
#7138 = DIRECTION('',(0.,0.,1.));
#7139 = DEFINITIONAL_REPRESENTATION('',(#7140),#7144);
#7140 = LINE('',#7141,#7142);
#7141 = CARTESIAN_POINT('',(0.,0.));
#7142 = VECTOR('',#7143,1.);
#7143 = DIRECTION('',(1.,0.));
#7144 = ( GEOMETRIC_REPRESENTATION_CONTEXT(2) 
PARAMETRIC_REPRESENTATION_CONTEXT() REPRESENTATION_CONTEXT('2D SPACE',''
  ) );
#7145 = PCURVE('',#7026,#7146);
#7146 = DEFINITIONAL_REPRESENTATION('',(#7147),#7151);
#7147 = LINE('',#7148,#7149);
#7148 = CARTESIAN_POINT('',(0.,300.));
#7149 = VECTOR('',#7150,1.);
#7150 = DIRECTION('',(1.,0.));
#7151 = ( GEOMETRIC_REPRESENTATION_CONTEXT(2) 
PARAMETRIC_REPRESENTATION_CONTEXT() REPRESENTATION_CONTEXT('2D SPACE',''
  ) );
#7152 = ORIENTED_EDGE('',*,*,#7153,.T.);
#7153 = EDGE_CURVE('',#7124,#7154,#7156,.T.);
#7154 = VERTEX_POINT('',#7155);
#7155 = CARTESIAN_POINT('',(250.,-125.0836486816,898.76061401367));
#7156 = SURFACE_CURVE('',#7157,(#7161,#7168),.PCURVE_S1.);
#7157 = LINE('',#7158,#7159);
#7158 = CARTESIAN_POINT('',(250.,-245.0836486816,898.76061401367));
#7159 = VECTOR('',#7160,1.);
#7160 = DIRECTION('',(0.,1.,0.));
#7161 = PCURVE('',#7134,#7162);
#7162 = DEFINITIONAL_REPRESENTATION('',(#7163),#7167);
#7163 = LINE('',#7164,#7165);
#7164 = CARTESIAN_POINT('',(0.,0.));
#7165 = VECTOR('',#7166,1.);
#7166 = DIRECTION('',(0.,-1.));
#7167 = ( GEOMETRIC_REPRESENTATION_CONTEXT(2) 
PARAMETRIC_REPRESENTATION_CONTEXT() REPRESENTATION_CONTEXT('2D SPACE',''
  ) );
#7168 = PCURVE('',#7054,#7169);
#7169 = DEFINITIONAL_REPRESENTATION('',(#7170),#7174);
#7170 = LINE('',#7171,#7172);
#7171 = CARTESIAN_POINT('',(300.,0.));
#7172 = VECTOR('',#7173,1.);
#7173 = DIRECTION('',(0.,1.));
#7174 = ( GEOMETRIC_REPRESENTATION_CONTEXT(2) 
PARAMETRIC_REPRESENTATION_CONTEXT() REPRESENTATION_CONTEXT('2D SPACE',''
  ) );
#7175 = ORIENTED_EDGE('',*,*,#7176,.T.);
#7176 = EDGE_CURVE('',#7154,#7177,#7179,.T.);
#7177 = VERTEX_POINT('',#7178);
#7178 = CARTESIAN_POINT('',(250.,-125.0836486816,958.76061401367));
#7179 = SURFACE_CURVE('',#7180,(#7184,#7191),.PCURVE_S1.);
#7180 = LINE('',#7181,#7182);
#7181 = CARTESIAN_POINT('',(250.,-125.0836486816,898.76061401367));
#7182 = VECTOR('',#7183,1.);
#7183 = DIRECTION('',(0.,0.,1.));
#7184 = PCURVE('',#7134,#7185);
#7185 = DEFINITIONAL_REPRESENTATION('',(#7186),#7190);
#7186 = LINE('',#7187,#7188);
#7187 = CARTESIAN_POINT('',(0.,-120.));
#7188 = VECTOR('',#7189,1.);
#7189 = DIRECTION('',(1.,0.));
#7190 = ( GEOMETRIC_REPRESENTATION_CONTEXT(2) 
PARAMETRIC_REPRESENTATION_CONTEXT() REPRESENTATION_CONTEXT('2D SPACE',''
  ) );
#7191 = PCURVE('',#7082,#7192);
#7192 = DEFINITIONAL_REPRESENTATION('',(#7193),#7197);
#7193 = LINE('',#7194,#7195);
#7194 = CARTESIAN_POINT('',(0.,300.));
#7195 = VECTOR('',#7196,1.);
#7196 = DIRECTION('',(1.,0.));
#7197 = ( GEOMETRIC_REPRESENTATION_CONTEXT(2) 
PARAMETRIC_REPRESENTATION_CONTEXT() REPRESENTATION_CONTEXT('2D SPACE',''
  ) );
#7198 = ORIENTED_EDGE('',*,*,#7199,.F.);
#7199 = EDGE_CURVE('',#7126,#7177,#7200,.T.);
#7200 = SURFACE_CURVE('',#7201,(#7205,#7212),.PCURVE_S1.);
#7201 = LINE('',#7202,#7203);
#7202 = CARTESIAN_POINT('',(250.,-245.0836486816,958.76061401367));
#7203 = VECTOR('',#7204,1.);
#7204 = DIRECTION('',(0.,1.,0.));
#7205 = PCURVE('',#7134,#7206);
#7206 = DEFINITIONAL_REPRESENTATION('',(#7207),#7211);
#7207 = LINE('',#7208,#7209);
#7208 = CARTESIAN_POINT('',(60.,0.));
#7209 = VECTOR('',#7210,1.);
#7210 = DIRECTION('',(0.,-1.));
#7211 = ( GEOMETRIC_REPRESENTATION_CONTEXT(2) 
PARAMETRIC_REPRESENTATION_CONTEXT() REPRESENTATION_CONTEXT('2D SPACE',''
  ) );
#7212 = PCURVE('',#7108,#7213);
#7213 = DEFINITIONAL_REPRESENTATION('',(#7214),#7218);
#7214 = LINE('',#7215,#7216);
#7215 = CARTESIAN_POINT('',(300.,0.));
#7216 = VECTOR('',#7217,1.);
#7217 = DIRECTION('',(0.,1.));
#7218 = ( GEOMETRIC_REPRESENTATION_CONTEXT(2) 
PARAMETRIC_REPRESENTATION_CONTEXT() REPRESENTATION_CONTEXT('2D SPACE',''
  ) );
#7219 = ADVANCED_FACE('',(#7220),#7026,.F.);
#7220 = FACE_BOUND('',#7221,.F.);
#7221 = EDGE_LOOP('',(#7222,#7243,#7244,#7265));
#7222 = ORIENTED_EDGE('',*,*,#7223,.F.);
#7223 = EDGE_CURVE('',#7004,#7124,#7224,.T.);
#7224 = SURFACE_CURVE('',#7225,(#7229,#7236),.PCURVE_S1.);
#7225 = LINE('',#7226,#7227);
#7226 = CARTESIAN_POINT('',(-50.,-245.0836486816,898.76061401367));
#7227 = VECTOR('',#7228,1.);
#7228 = DIRECTION('',(1.,0.,0.));
#7229 = PCURVE('',#7026,#7230);
#7230 = DEFINITIONAL_REPRESENTATION('',(#7231),#7235);
#7231 = LINE('',#7232,#7233);
#7232 = CARTESIAN_POINT('',(0.,0.));
#7233 = VECTOR('',#7234,1.);
#7234 = DIRECTION('',(0.,1.));
#7235 = ( GEOMETRIC_REPRESENTATION_CONTEXT(2) 
PARAMETRIC_REPRESENTATION_CONTEXT() REPRESENTATION_CONTEXT('2D SPACE',''
  ) );
#7236 = PCURVE('',#7054,#7237);
#7237 = DEFINITIONAL_REPRESENTATION('',(#7238),#7242);
#7238 = LINE('',#7239,#7240);
#7239 = CARTESIAN_POINT('',(0.,0.));
#7240 = VECTOR('',#7241,1.);
#7241 = DIRECTION('',(1.,0.));
#7242 = ( GEOMETRIC_REPRESENTATION_CONTEXT(2) 
PARAMETRIC_REPRESENTATION_CONTEXT() REPRESENTATION_CONTEXT('2D SPACE',''
  ) );
#7243 = ORIENTED_EDGE('',*,*,#7003,.T.);
#7244 = ORIENTED_EDGE('',*,*,#7245,.T.);
#7245 = EDGE_CURVE('',#7006,#7126,#7246,.T.);
#7246 = SURFACE_CURVE('',#7247,(#7251,#7258),.PCURVE_S1.);
#7247 = LINE('',#7248,#7249);
#7248 = CARTESIAN_POINT('',(-50.,-245.0836486816,958.76061401367));
#7249 = VECTOR('',#7250,1.);
#7250 = DIRECTION('',(1.,0.,0.));
#7251 = PCURVE('',#7026,#7252);
#7252 = DEFINITIONAL_REPRESENTATION('',(#7253),#7257);
#7253 = LINE('',#7254,#7255);
#7254 = CARTESIAN_POINT('',(60.,0.));
#7255 = VECTOR('',#7256,1.);
#7256 = DIRECTION('',(0.,1.));
#7257 = ( GEOMETRIC_REPRESENTATION_CONTEXT(2) 
PARAMETRIC_REPRESENTATION_CONTEXT() REPRESENTATION_CONTEXT('2D SPACE',''
  ) );
#7258 = PCURVE('',#7108,#7259);
#7259 = DEFINITIONAL_REPRESENTATION('',(#7260),#7264);
#7260 = LINE('',#7261,#7262);
#7261 = CARTESIAN_POINT('',(0.,0.));
#7262 = VECTOR('',#7263,1.);
#7263 = DIRECTION('',(1.,0.));
#7264 = ( GEOMETRIC_REPRESENTATION_CONTEXT(2) 
PARAMETRIC_REPRESENTATION_CONTEXT() REPRESENTATION_CONTEXT('2D SPACE',''
  ) );
#7265 = ORIENTED_EDGE('',*,*,#7123,.F.);
#7266 = ADVANCED_FACE('',(#7267),#7082,.T.);
#7267 = FACE_BOUND('',#7268,.T.);
#7268 = EDGE_LOOP('',(#7269,#7290,#7291,#7312));
#7269 = ORIENTED_EDGE('',*,*,#7270,.F.);
#7270 = EDGE_CURVE('',#7039,#7154,#7271,.T.);
#7271 = SURFACE_CURVE('',#7272,(#7276,#7283),.PCURVE_S1.);
#7272 = LINE('',#7273,#7274);
#7273 = CARTESIAN_POINT('',(-50.,-125.0836486816,898.76061401367));
#7274 = VECTOR('',#7275,1.);
#7275 = DIRECTION('',(1.,0.,0.));
#7276 = PCURVE('',#7082,#7277);
#7277 = DEFINITIONAL_REPRESENTATION('',(#7278),#7282);
#7278 = LINE('',#7279,#7280);
#7279 = CARTESIAN_POINT('',(0.,0.));
#7280 = VECTOR('',#7281,1.);
#7281 = DIRECTION('',(0.,1.));
#7282 = ( GEOMETRIC_REPRESENTATION_CONTEXT(2) 
PARAMETRIC_REPRESENTATION_CONTEXT() REPRESENTATION_CONTEXT('2D SPACE',''
  ) );
#7283 = PCURVE('',#7054,#7284);
#7284 = DEFINITIONAL_REPRESENTATION('',(#7285),#7289);
#7285 = LINE('',#7286,#7287);
#7286 = CARTESIAN_POINT('',(0.,120.));
#7287 = VECTOR('',#7288,1.);
#7288 = DIRECTION('',(1.,0.));
#7289 = ( GEOMETRIC_REPRESENTATION_CONTEXT(2) 
PARAMETRIC_REPRESENTATION_CONTEXT() REPRESENTATION_CONTEXT('2D SPACE',''
  ) );
#7290 = ORIENTED_EDGE('',*,*,#7066,.T.);
#7291 = ORIENTED_EDGE('',*,*,#7292,.T.);
#7292 = EDGE_CURVE('',#7067,#7177,#7293,.T.);
#7293 = SURFACE_CURVE('',#7294,(#7298,#7305),.PCURVE_S1.);
#7294 = LINE('',#7295,#7296);
#7295 = CARTESIAN_POINT('',(-50.,-125.0836486816,958.76061401367));
#7296 = VECTOR('',#7297,1.);
#7297 = DIRECTION('',(1.,0.,0.));
#7298 = PCURVE('',#7082,#7299);
#7299 = DEFINITIONAL_REPRESENTATION('',(#7300),#7304);
#7300 = LINE('',#7301,#7302);
#7301 = CARTESIAN_POINT('',(60.,0.));
#7302 = VECTOR('',#7303,1.);
#7303 = DIRECTION('',(0.,1.));
#7304 = ( GEOMETRIC_REPRESENTATION_CONTEXT(2) 
PARAMETRIC_REPRESENTATION_CONTEXT() REPRESENTATION_CONTEXT('2D SPACE',''
  ) );
#7305 = PCURVE('',#7108,#7306);
#7306 = DEFINITIONAL_REPRESENTATION('',(#7307),#7311);
#7307 = LINE('',#7308,#7309);
#7308 = CARTESIAN_POINT('',(0.,120.));
#7309 = VECTOR('',#7310,1.);
#7310 = DIRECTION('',(1.,0.));
#7311 = ( GEOMETRIC_REPRESENTATION_CONTEXT(2) 
PARAMETRIC_REPRESENTATION_CONTEXT() REPRESENTATION_CONTEXT('2D SPACE',''
  ) );
#7312 = ORIENTED_EDGE('',*,*,#7176,.F.);
#7313 = ADVANCED_FACE('',(#7314),#7054,.F.);
#7314 = FACE_BOUND('',#7315,.F.);
#7315 = EDGE_LOOP('',(#7316,#7317,#7318,#7319));
#7316 = ORIENTED_EDGE('',*,*,#7038,.F.);
#7317 = ORIENTED_EDGE('',*,*,#7223,.T.);
#7318 = ORIENTED_EDGE('',*,*,#7153,.T.);
#7319 = ORIENTED_EDGE('',*,*,#7270,.F.);
#7320 = ADVANCED_FACE('',(#7321),#7108,.T.);
#7321 = FACE_BOUND('',#7322,.T.);
#7322 = EDGE_LOOP('',(#7323,#7324,#7325,#7326));
#7323 = ORIENTED_EDGE('',*,*,#7094,.F.);
#7324 = ORIENTED_EDGE('',*,*,#7245,.T.);
#7325 = ORIENTED_EDGE('',*,*,#7199,.T.);
#7326 = ORIENTED_EDGE('',*,*,#7292,.F.);
#7327 = ( GEOMETRIC_REPRESENTATION_CONTEXT(3) 
GLOBAL_UNCERTAINTY_ASSIGNED_CONTEXT((#7331)) 
GLOBAL_UNIT_ASSIGNED_CONTEXT((#7328,#7329,#7330)) REPRESENTATION_CONTEXT
('Context #1','3D Context with UNIT and UNCERTAINTY') );
#7328 = ( LENGTH_UNIT() NAMED_UNIT(*) SI_UNIT(.MILLI.,.METRE.) );
#7329 = ( NAMED_UNIT(*) PLANE_ANGLE_UNIT() SI_UNIT($,.RADIAN.) );
#7330 = ( NAMED_UNIT(*) SI_UNIT($,.STERADIAN.) SOLID_ANGLE_UNIT() );
#7331 = UNCERTAINTY_MEASURE_WITH_UNIT(LENGTH_MEASURE(1.E-07),#7328,
  'distance_accuracy_value','confusion accuracy');
#7332 = CONTEXT_DEPENDENT_SHAPE_REPRESENTATION(#7333,#7335);
#7333 = ( REPRESENTATION_RELATIONSHIP('','',#6996,#10) 
REPRESENTATION_RELATIONSHIP_WITH_TRANSFORMATION(#7334) 
SHAPE_REPRESENTATION_RELATIONSHIP() );
#7334 = ITEM_DEFINED_TRANSFORMATION('','',#11,#95);
#7335 = PRODUCT_DEFINITION_SHAPE('Placement','Placement of an item',
  #7336);
#7336 = NEXT_ASSEMBLY_USAGE_OCCURRENCE('21','CLASH/heat_exchanger','',#5
  ,#6991,$);
#7337 = PRODUCT_RELATED_PRODUCT_CATEGORY('part',$,(#6993));
#7338 = SHAPE_DEFINITION_REPRESENTATION(#7339,#7345);
#7339 = PRODUCT_DEFINITION_SHAPE('','',#7340);
#7340 = PRODUCT_DEFINITION('design','',#7341,#7344);
#7341 = PRODUCT_DEFINITION_FORMATION('','',#7342);
#7342 = PRODUCT('POWERTRAIN_LV/lv_battery','POWERTRAIN_LV/lv_battery',''
  ,(#7343));
#7343 = PRODUCT_CONTEXT('',#2,'mechanical');
#7344 = PRODUCT_DEFINITION_CONTEXT('part definition',#2,'design');
#7345 = ADVANCED_BREP_SHAPE_REPRESENTATION('',(#11,#7346),#7676);
#7346 = MANIFOLD_SOLID_BREP('',#7347);
#7347 = CLOSED_SHELL('',(#7348,#7468,#7568,#7615,#7662,#7669));
#7348 = ADVANCED_FACE('',(#7349),#7363,.F.);
#7349 = FACE_BOUND('',#7350,.F.);
#7350 = EDGE_LOOP('',(#7351,#7386,#7414,#7442));
#7351 = ORIENTED_EDGE('',*,*,#7352,.F.);
#7352 = EDGE_CURVE('',#7353,#7355,#7357,.T.);
#7353 = VERTEX_POINT('',#7354);
#7354 = CARTESIAN_POINT('',(344.5,-32.5,803.51490531444));
#7355 = VERTEX_POINT('',#7356);
#7356 = CARTESIAN_POINT('',(344.5,-32.5,898.51490531444));
#7357 = SURFACE_CURVE('',#7358,(#7362,#7374),.PCURVE_S1.);
#7358 = LINE('',#7359,#7360);
#7359 = CARTESIAN_POINT('',(344.5,-32.5,803.51490531444));
#7360 = VECTOR('',#7361,1.);
#7361 = DIRECTION('',(0.,0.,1.));
#7362 = PCURVE('',#7363,#7368);
#7363 = PLANE('',#7364);
#7364 = AXIS2_PLACEMENT_3D('',#7365,#7366,#7367);
#7365 = CARTESIAN_POINT('',(344.5,-32.5,803.51490531444));
#7366 = DIRECTION('',(1.,0.,0.));
#7367 = DIRECTION('',(0.,0.,1.));
#7368 = DEFINITIONAL_REPRESENTATION('',(#7369),#7373);
#7369 = LINE('',#7370,#7371);
#7370 = CARTESIAN_POINT('',(0.,0.));
#7371 = VECTOR('',#7372,1.);
#7372 = DIRECTION('',(1.,0.));
#7373 = ( GEOMETRIC_REPRESENTATION_CONTEXT(2) 
PARAMETRIC_REPRESENTATION_CONTEXT() REPRESENTATION_CONTEXT('2D SPACE',''
  ) );
#7374 = PCURVE('',#7375,#7380);
#7375 = PLANE('',#7376);
#7376 = AXIS2_PLACEMENT_3D('',#7377,#7378,#7379);
#7377 = CARTESIAN_POINT('',(344.5,-32.5,803.51490531444));
#7378 = DIRECTION('',(0.,1.,0.));
#7379 = DIRECTION('',(0.,0.,1.));
#7380 = DEFINITIONAL_REPRESENTATION('',(#7381),#7385);
#7381 = LINE('',#7382,#7383);
#7382 = CARTESIAN_POINT('',(0.,0.));
#7383 = VECTOR('',#7384,1.);
#7384 = DIRECTION('',(1.,0.));
#7385 = ( GEOMETRIC_REPRESENTATION_CONTEXT(2) 
PARAMETRIC_REPRESENTATION_CONTEXT() REPRESENTATION_CONTEXT('2D SPACE',''
  ) );
#7386 = ORIENTED_EDGE('',*,*,#7387,.T.);
#7387 = EDGE_CURVE('',#7353,#7388,#7390,.T.);
#7388 = VERTEX_POINT('',#7389);
#7389 = CARTESIAN_POINT('',(344.5,32.5,803.51490531444));
#7390 = SURFACE_CURVE('',#7391,(#7395,#7402),.PCURVE_S1.);
#7391 = LINE('',#7392,#7393);
#7392 = CARTESIAN_POINT('',(344.5,-32.5,803.51490531444));
#7393 = VECTOR('',#7394,1.);
#7394 = DIRECTION('',(0.,1.,0.));
#7395 = PCURVE('',#7363,#7396);
#7396 = DEFINITIONAL_REPRESENTATION('',(#7397),#7401);
#7397 = LINE('',#7398,#7399);
#7398 = CARTESIAN_POINT('',(0.,0.));
#7399 = VECTOR('',#7400,1.);
#7400 = DIRECTION('',(0.,-1.));
#7401 = ( GEOMETRIC_REPRESENTATION_CONTEXT(2) 
PARAMETRIC_REPRESENTATION_CONTEXT() REPRESENTATION_CONTEXT('2D SPACE',''
  ) );
#7402 = PCURVE('',#7403,#7408);
#7403 = PLANE('',#7404);
#7404 = AXIS2_PLACEMENT_3D('',#7405,#7406,#7407);
#7405 = CARTESIAN_POINT('',(344.5,-32.5,803.51490531444));
#7406 = DIRECTION('',(0.,0.,1.));
#7407 = DIRECTION('',(1.,0.,0.));
#7408 = DEFINITIONAL_REPRESENTATION('',(#7409),#7413);
#7409 = LINE('',#7410,#7411);
#7410 = CARTESIAN_POINT('',(0.,0.));
#7411 = VECTOR('',#7412,1.);
#7412 = DIRECTION('',(0.,1.));
#7413 = ( GEOMETRIC_REPRESENTATION_CONTEXT(2) 
PARAMETRIC_REPRESENTATION_CONTEXT() REPRESENTATION_CONTEXT('2D SPACE',''
  ) );
#7414 = ORIENTED_EDGE('',*,*,#7415,.T.);
#7415 = EDGE_CURVE('',#7388,#7416,#7418,.T.);
#7416 = VERTEX_POINT('',#7417);
#7417 = CARTESIAN_POINT('',(344.5,32.5,898.51490531444));
#7418 = SURFACE_CURVE('',#7419,(#7423,#7430),.PCURVE_S1.);
#7419 = LINE('',#7420,#7421);
#7420 = CARTESIAN_POINT('',(344.5,32.5,803.51490531444));
#7421 = VECTOR('',#7422,1.);
#7422 = DIRECTION('',(0.,0.,1.));
#7423 = PCURVE('',#7363,#7424);
#7424 = DEFINITIONAL_REPRESENTATION('',(#7425),#7429);
#7425 = LINE('',#7426,#7427);
#7426 = CARTESIAN_POINT('',(0.,-65.));
#7427 = VECTOR('',#7428,1.);
#7428 = DIRECTION('',(1.,0.));
#7429 = ( GEOMETRIC_REPRESENTATION_CONTEXT(2) 
PARAMETRIC_REPRESENTATION_CONTEXT() REPRESENTATION_CONTEXT('2D SPACE',''
  ) );
#7430 = PCURVE('',#7431,#7436);
#7431 = PLANE('',#7432);
#7432 = AXIS2_PLACEMENT_3D('',#7433,#7434,#7435);
#7433 = CARTESIAN_POINT('',(344.5,32.5,803.51490531444));
#7434 = DIRECTION('',(0.,1.,0.));
#7435 = DIRECTION('',(0.,0.,1.));
#7436 = DEFINITIONAL_REPRESENTATION('',(#7437),#7441);
#7437 = LINE('',#7438,#7439);
#7438 = CARTESIAN_POINT('',(0.,0.));
#7439 = VECTOR('',#7440,1.);
#7440 = DIRECTION('',(1.,0.));
#7441 = ( GEOMETRIC_REPRESENTATION_CONTEXT(2) 
PARAMETRIC_REPRESENTATION_CONTEXT() REPRESENTATION_CONTEXT('2D SPACE',''
  ) );
#7442 = ORIENTED_EDGE('',*,*,#7443,.F.);
#7443 = EDGE_CURVE('',#7355,#7416,#7444,.T.);
#7444 = SURFACE_CURVE('',#7445,(#7449,#7456),.PCURVE_S1.);
#7445 = LINE('',#7446,#7447);
#7446 = CARTESIAN_POINT('',(344.5,-32.5,898.51490531444));
#7447 = VECTOR('',#7448,1.);
#7448 = DIRECTION('',(0.,1.,0.));
#7449 = PCURVE('',#7363,#7450);
#7450 = DEFINITIONAL_REPRESENTATION('',(#7451),#7455);
#7451 = LINE('',#7452,#7453);
#7452 = CARTESIAN_POINT('',(95.,0.));
#7453 = VECTOR('',#7454,1.);
#7454 = DIRECTION('',(0.,-1.));
#7455 = ( GEOMETRIC_REPRESENTATION_CONTEXT(2) 
PARAMETRIC_REPRESENTATION_CONTEXT() REPRESENTATION_CONTEXT('2D SPACE',''
  ) );
#7456 = PCURVE('',#7457,#7462);
#7457 = PLANE('',#7458);
#7458 = AXIS2_PLACEMENT_3D('',#7459,#7460,#7461);
#7459 = CARTESIAN_POINT('',(344.5,-32.5,898.51490531444));
#7460 = DIRECTION('',(0.,0.,1.));
#7461 = DIRECTION('',(1.,0.,0.));
#7462 = DEFINITIONAL_REPRESENTATION('',(#7463),#7467);
#7463 = LINE('',#7464,#7465);
#7464 = CARTESIAN_POINT('',(0.,0.));
#7465 = VECTOR('',#7466,1.);
#7466 = DIRECTION('',(0.,1.));
#7467 = ( GEOMETRIC_REPRESENTATION_CONTEXT(2) 
PARAMETRIC_REPRESENTATION_CONTEXT() REPRESENTATION_CONTEXT('2D SPACE',''
  ) );
#7468 = ADVANCED_FACE('',(#7469),#7483,.T.);
#7469 = FACE_BOUND('',#7470,.T.);
#7470 = EDGE_LOOP('',(#7471,#7501,#7524,#7547));
#7471 = ORIENTED_EDGE('',*,*,#7472,.F.);
#7472 = EDGE_CURVE('',#7473,#7475,#7477,.T.);
#7473 = VERTEX_POINT('',#7474);
#7474 = CARTESIAN_POINT('',(495.5,-32.5,803.51490531444));
#7475 = VERTEX_POINT('',#7476);
#7476 = CARTESIAN_POINT('',(495.5,-32.5,898.51490531444));
#7477 = SURFACE_CURVE('',#7478,(#7482,#7494),.PCURVE_S1.);
#7478 = LINE('',#7479,#7480);
#7479 = CARTESIAN_POINT('',(495.5,-32.5,803.51490531444));
#7480 = VECTOR('',#7481,1.);
#7481 = DIRECTION('',(0.,0.,1.));
#7482 = PCURVE('',#7483,#7488);
#7483 = PLANE('',#7484);
#7484 = AXIS2_PLACEMENT_3D('',#7485,#7486,#7487);
#7485 = CARTESIAN_POINT('',(495.5,-32.5,803.51490531444));
#7486 = DIRECTION('',(1.,0.,0.));
#7487 = DIRECTION('',(0.,0.,1.));
#7488 = DEFINITIONAL_REPRESENTATION('',(#7489),#7493);
#7489 = LINE('',#7490,#7491);
#7490 = CARTESIAN_POINT('',(0.,0.));
#7491 = VECTOR('',#7492,1.);
#7492 = DIRECTION('',(1.,0.));
#7493 = ( GEOMETRIC_REPRESENTATION_CONTEXT(2) 
PARAMETRIC_REPRESENTATION_CONTEXT() REPRESENTATION_CONTEXT('2D SPACE',''
  ) );
#7494 = PCURVE('',#7375,#7495);
#7495 = DEFINITIONAL_REPRESENTATION('',(#7496),#7500);
#7496 = LINE('',#7497,#7498);
#7497 = CARTESIAN_POINT('',(0.,151.));
#7498 = VECTOR('',#7499,1.);
#7499 = DIRECTION('',(1.,0.));
#7500 = ( GEOMETRIC_REPRESENTATION_CONTEXT(2) 
PARAMETRIC_REPRESENTATION_CONTEXT() REPRESENTATION_CONTEXT('2D SPACE',''
  ) );
#7501 = ORIENTED_EDGE('',*,*,#7502,.T.);
#7502 = EDGE_CURVE('',#7473,#7503,#7505,.T.);
#7503 = VERTEX_POINT('',#7504);
#7504 = CARTESIAN_POINT('',(495.5,32.5,803.51490531444));
#7505 = SURFACE_CURVE('',#7506,(#7510,#7517),.PCURVE_S1.);
#7506 = LINE('',#7507,#7508);
#7507 = CARTESIAN_POINT('',(495.5,-32.5,803.51490531444));
#7508 = VECTOR('',#7509,1.);
#7509 = DIRECTION('',(0.,1.,0.));
#7510 = PCURVE('',#7483,#7511);
#7511 = DEFINITIONAL_REPRESENTATION('',(#7512),#7516);
#7512 = LINE('',#7513,#7514);
#7513 = CARTESIAN_POINT('',(0.,0.));
#7514 = VECTOR('',#7515,1.);
#7515 = DIRECTION('',(0.,-1.));
#7516 = ( GEOMETRIC_REPRESENTATION_CONTEXT(2) 
PARAMETRIC_REPRESENTATION_CONTEXT() REPRESENTATION_CONTEXT('2D SPACE',''
  ) );
#7517 = PCURVE('',#7403,#7518);
#7518 = DEFINITIONAL_REPRESENTATION('',(#7519),#7523);
#7519 = LINE('',#7520,#7521);
#7520 = CARTESIAN_POINT('',(151.,0.));
#7521 = VECTOR('',#7522,1.);
#7522 = DIRECTION('',(0.,1.));
#7523 = ( GEOMETRIC_REPRESENTATION_CONTEXT(2) 
PARAMETRIC_REPRESENTATION_CONTEXT() REPRESENTATION_CONTEXT('2D SPACE',''
  ) );
#7524 = ORIENTED_EDGE('',*,*,#7525,.T.);
#7525 = EDGE_CURVE('',#7503,#7526,#7528,.T.);
#7526 = VERTEX_POINT('',#7527);
#7527 = CARTESIAN_POINT('',(495.5,32.5,898.51490531444));
#7528 = SURFACE_CURVE('',#7529,(#7533,#7540),.PCURVE_S1.);
#7529 = LINE('',#7530,#7531);
#7530 = CARTESIAN_POINT('',(495.5,32.5,803.51490531444));
#7531 = VECTOR('',#7532,1.);
#7532 = DIRECTION('',(0.,0.,1.));
#7533 = PCURVE('',#7483,#7534);
#7534 = DEFINITIONAL_REPRESENTATION('',(#7535),#7539);
#7535 = LINE('',#7536,#7537);
#7536 = CARTESIAN_POINT('',(0.,-65.));
#7537 = VECTOR('',#7538,1.);
#7538 = DIRECTION('',(1.,0.));
#7539 = ( GEOMETRIC_REPRESENTATION_CONTEXT(2) 
PARAMETRIC_REPRESENTATION_CONTEXT() REPRESENTATION_CONTEXT('2D SPACE',''
  ) );
#7540 = PCURVE('',#7431,#7541);
#7541 = DEFINITIONAL_REPRESENTATION('',(#7542),#7546);
#7542 = LINE('',#7543,#7544);
#7543 = CARTESIAN_POINT('',(0.,151.));
#7544 = VECTOR('',#7545,1.);
#7545 = DIRECTION('',(1.,0.));
#7546 = ( GEOMETRIC_REPRESENTATION_CONTEXT(2) 
PARAMETRIC_REPRESENTATION_CONTEXT() REPRESENTATION_CONTEXT('2D SPACE',''
  ) );
#7547 = ORIENTED_EDGE('',*,*,#7548,.F.);
#7548 = EDGE_CURVE('',#7475,#7526,#7549,.T.);
#7549 = SURFACE_CURVE('',#7550,(#7554,#7561),.PCURVE_S1.);
#7550 = LINE('',#7551,#7552);
#7551 = CARTESIAN_POINT('',(495.5,-32.5,898.51490531444));
#7552 = VECTOR('',#7553,1.);
#7553 = DIRECTION('',(0.,1.,0.));
#7554 = PCURVE('',#7483,#7555);
#7555 = DEFINITIONAL_REPRESENTATION('',(#7556),#7560);
#7556 = LINE('',#7557,#7558);
#7557 = CARTESIAN_POINT('',(95.,0.));
#7558 = VECTOR('',#7559,1.);
#7559 = DIRECTION('',(0.,-1.));
#7560 = ( GEOMETRIC_REPRESENTATION_CONTEXT(2) 
PARAMETRIC_REPRESENTATION_CONTEXT() REPRESENTATION_CONTEXT('2D SPACE',''
  ) );
#7561 = PCURVE('',#7457,#7562);
#7562 = DEFINITIONAL_REPRESENTATION('',(#7563),#7567);
#7563 = LINE('',#7564,#7565);
#7564 = CARTESIAN_POINT('',(151.,0.));
#7565 = VECTOR('',#7566,1.);
#7566 = DIRECTION('',(0.,1.));
#7567 = ( GEOMETRIC_REPRESENTATION_CONTEXT(2) 
PARAMETRIC_REPRESENTATION_CONTEXT() REPRESENTATION_CONTEXT('2D SPACE',''
  ) );
#7568 = ADVANCED_FACE('',(#7569),#7375,.F.);
#7569 = FACE_BOUND('',#7570,.F.);
#7570 = EDGE_LOOP('',(#7571,#7592,#7593,#7614));
#7571 = ORIENTED_EDGE('',*,*,#7572,.F.);
#7572 = EDGE_CURVE('',#7353,#7473,#7573,.T.);
#7573 = SURFACE_CURVE('',#7574,(#7578,#7585),.PCURVE_S1.);
#7574 = LINE('',#7575,#7576);
#7575 = CARTESIAN_POINT('',(344.5,-32.5,803.51490531444));
#7576 = VECTOR('',#7577,1.);
#7577 = DIRECTION('',(1.,0.,0.));
#7578 = PCURVE('',#7375,#7579);
#7579 = DEFINITIONAL_REPRESENTATION('',(#7580),#7584);
#7580 = LINE('',#7581,#7582);
#7581 = CARTESIAN_POINT('',(0.,0.));
#7582 = VECTOR('',#7583,1.);
#7583 = DIRECTION('',(0.,1.));
#7584 = ( GEOMETRIC_REPRESENTATION_CONTEXT(2) 
PARAMETRIC_REPRESENTATION_CONTEXT() REPRESENTATION_CONTEXT('2D SPACE',''
  ) );
#7585 = PCURVE('',#7403,#7586);
#7586 = DEFINITIONAL_REPRESENTATION('',(#7587),#7591);
#7587 = LINE('',#7588,#7589);
#7588 = CARTESIAN_POINT('',(0.,0.));
#7589 = VECTOR('',#7590,1.);
#7590 = DIRECTION('',(1.,0.));
#7591 = ( GEOMETRIC_REPRESENTATION_CONTEXT(2) 
PARAMETRIC_REPRESENTATION_CONTEXT() REPRESENTATION_CONTEXT('2D SPACE',''
  ) );
#7592 = ORIENTED_EDGE('',*,*,#7352,.T.);
#7593 = ORIENTED_EDGE('',*,*,#7594,.T.);
#7594 = EDGE_CURVE('',#7355,#7475,#7595,.T.);
#7595 = SURFACE_CURVE('',#7596,(#7600,#7607),.PCURVE_S1.);
#7596 = LINE('',#7597,#7598);
#7597 = CARTESIAN_POINT('',(344.5,-32.5,898.51490531444));
#7598 = VECTOR('',#7599,1.);
#7599 = DIRECTION('',(1.,0.,0.));
#7600 = PCURVE('',#7375,#7601);
#7601 = DEFINITIONAL_REPRESENTATION('',(#7602),#7606);
#7602 = LINE('',#7603,#7604);
#7603 = CARTESIAN_POINT('',(95.,0.));
#7604 = VECTOR('',#7605,1.);
#7605 = DIRECTION('',(0.,1.));
#7606 = ( GEOMETRIC_REPRESENTATION_CONTEXT(2) 
PARAMETRIC_REPRESENTATION_CONTEXT() REPRESENTATION_CONTEXT('2D SPACE',''
  ) );
#7607 = PCURVE('',#7457,#7608);
#7608 = DEFINITIONAL_REPRESENTATION('',(#7609),#7613);
#7609 = LINE('',#7610,#7611);
#7610 = CARTESIAN_POINT('',(0.,0.));
#7611 = VECTOR('',#7612,1.);
#7612 = DIRECTION('',(1.,0.));
#7613 = ( GEOMETRIC_REPRESENTATION_CONTEXT(2) 
PARAMETRIC_REPRESENTATION_CONTEXT() REPRESENTATION_CONTEXT('2D SPACE',''
  ) );
#7614 = ORIENTED_EDGE('',*,*,#7472,.F.);
#7615 = ADVANCED_FACE('',(#7616),#7431,.T.);
#7616 = FACE_BOUND('',#7617,.T.);
#7617 = EDGE_LOOP('',(#7618,#7639,#7640,#7661));
#7618 = ORIENTED_EDGE('',*,*,#7619,.F.);
#7619 = EDGE_CURVE('',#7388,#7503,#7620,.T.);
#7620 = SURFACE_CURVE('',#7621,(#7625,#7632),.PCURVE_S1.);
#7621 = LINE('',#7622,#7623);
#7622 = CARTESIAN_POINT('',(344.5,32.5,803.51490531444));
#7623 = VECTOR('',#7624,1.);
#7624 = DIRECTION('',(1.,0.,0.));
#7625 = PCURVE('',#7431,#7626);
#7626 = DEFINITIONAL_REPRESENTATION('',(#7627),#7631);
#7627 = LINE('',#7628,#7629);
#7628 = CARTESIAN_POINT('',(0.,0.));
#7629 = VECTOR('',#7630,1.);
#7630 = DIRECTION('',(0.,1.));
#7631 = ( GEOMETRIC_REPRESENTATION_CONTEXT(2) 
PARAMETRIC_REPRESENTATION_CONTEXT() REPRESENTATION_CONTEXT('2D SPACE',''
  ) );
#7632 = PCURVE('',#7403,#7633);
#7633 = DEFINITIONAL_REPRESENTATION('',(#7634),#7638);
#7634 = LINE('',#7635,#7636);
#7635 = CARTESIAN_POINT('',(0.,65.));
#7636 = VECTOR('',#7637,1.);
#7637 = DIRECTION('',(1.,0.));
#7638 = ( GEOMETRIC_REPRESENTATION_CONTEXT(2) 
PARAMETRIC_REPRESENTATION_CONTEXT() REPRESENTATION_CONTEXT('2D SPACE',''
  ) );
#7639 = ORIENTED_EDGE('',*,*,#7415,.T.);
#7640 = ORIENTED_EDGE('',*,*,#7641,.T.);
#7641 = EDGE_CURVE('',#7416,#7526,#7642,.T.);
#7642 = SURFACE_CURVE('',#7643,(#7647,#7654),.PCURVE_S1.);
#7643 = LINE('',#7644,#7645);
#7644 = CARTESIAN_POINT('',(344.5,32.5,898.51490531444));
#7645 = VECTOR('',#7646,1.);
#7646 = DIRECTION('',(1.,0.,0.));
#7647 = PCURVE('',#7431,#7648);
#7648 = DEFINITIONAL_REPRESENTATION('',(#7649),#7653);
#7649 = LINE('',#7650,#7651);
#7650 = CARTESIAN_POINT('',(95.,0.));
#7651 = VECTOR('',#7652,1.);
#7652 = DIRECTION('',(0.,1.));
#7653 = ( GEOMETRIC_REPRESENTATION_CONTEXT(2) 
PARAMETRIC_REPRESENTATION_CONTEXT() REPRESENTATION_CONTEXT('2D SPACE',''
  ) );
#7654 = PCURVE('',#7457,#7655);
#7655 = DEFINITIONAL_REPRESENTATION('',(#7656),#7660);
#7656 = LINE('',#7657,#7658);
#7657 = CARTESIAN_POINT('',(0.,65.));
#7658 = VECTOR('',#7659,1.);
#7659 = DIRECTION('',(1.,0.));
#7660 = ( GEOMETRIC_REPRESENTATION_CONTEXT(2) 
PARAMETRIC_REPRESENTATION_CONTEXT() REPRESENTATION_CONTEXT('2D SPACE',''
  ) );
#7661 = ORIENTED_EDGE('',*,*,#7525,.F.);
#7662 = ADVANCED_FACE('',(#7663),#7403,.F.);
#7663 = FACE_BOUND('',#7664,.F.);
#7664 = EDGE_LOOP('',(#7665,#7666,#7667,#7668));
#7665 = ORIENTED_EDGE('',*,*,#7387,.F.);
#7666 = ORIENTED_EDGE('',*,*,#7572,.T.);
#7667 = ORIENTED_EDGE('',*,*,#7502,.T.);
#7668 = ORIENTED_EDGE('',*,*,#7619,.F.);
#7669 = ADVANCED_FACE('',(#7670),#7457,.T.);
#7670 = FACE_BOUND('',#7671,.T.);
#7671 = EDGE_LOOP('',(#7672,#7673,#7674,#7675));
#7672 = ORIENTED_EDGE('',*,*,#7443,.F.);
#7673 = ORIENTED_EDGE('',*,*,#7594,.T.);
#7674 = ORIENTED_EDGE('',*,*,#7548,.T.);
#7675 = ORIENTED_EDGE('',*,*,#7641,.F.);
#7676 = ( GEOMETRIC_REPRESENTATION_CONTEXT(3) 
GLOBAL_UNCERTAINTY_ASSIGNED_CONTEXT((#7680)) 
GLOBAL_UNIT_ASSIGNED_CONTEXT((#7677,#7678,#7679)) REPRESENTATION_CONTEXT
('Context #1','3D Context with UNIT and UNCERTAINTY') );
#7677 = ( LENGTH_UNIT() NAMED_UNIT(*) SI_UNIT(.MILLI.,.METRE.) );
#7678 = ( NAMED_UNIT(*) PLANE_ANGLE_UNIT() SI_UNIT($,.RADIAN.) );
#7679 = ( NAMED_UNIT(*) SI_UNIT($,.STERADIAN.) SOLID_ANGLE_UNIT() );
#7680 = UNCERTAINTY_MEASURE_WITH_UNIT(LENGTH_MEASURE(1.E-07),#7677,
  'distance_accuracy_value','confusion accuracy');
#7681 = CONTEXT_DEPENDENT_SHAPE_REPRESENTATION(#7682,#7684);
#7682 = ( REPRESENTATION_RELATIONSHIP('','',#7345,#10) 
REPRESENTATION_RELATIONSHIP_WITH_TRANSFORMATION(#7683) 
SHAPE_REPRESENTATION_RELATIONSHIP() );
#7683 = ITEM_DEFINED_TRANSFORMATION('','',#11,#99);
#7684 = PRODUCT_DEFINITION_SHAPE('Placement','Placement of an item',
  #7685);
#7685 = NEXT_ASSEMBLY_USAGE_OCCURRENCE('22','POWERTRAIN_LV/lv_battery',
  '',#5,#7340,$);
#7686 = PRODUCT_RELATED_PRODUCT_CATEGORY('part',$,(#7342));
#7687 = SHAPE_DEFINITION_REPRESENTATION(#7688,#7694);
#7688 = PRODUCT_DEFINITION_SHAPE('','',#7689);
#7689 = PRODUCT_DEFINITION('design','',#7690,#7693);
#7690 = PRODUCT_DEFINITION_FORMATION('','',#7691);
#7691 = PRODUCT('POWERTRAIN_LV/vcu','POWERTRAIN_LV/vcu','',(#7692));
#7692 = PRODUCT_CONTEXT('',#2,'mechanical');
#7693 = PRODUCT_DEFINITION_CONTEXT('part definition',#2,'design');
#7694 = ADVANCED_BREP_SHAPE_REPRESENTATION('',(#11,#7695),#8025);
#7695 = MANIFOLD_SOLID_BREP('',#7696);
#7696 = CLOSED_SHELL('',(#7697,#7817,#7917,#7964,#8011,#8018));
#7697 = ADVANCED_FACE('',(#7698),#7712,.F.);
#7698 = FACE_BOUND('',#7699,.F.);
#7699 = EDGE_LOOP('',(#7700,#7735,#7763,#7791));
#7700 = ORIENTED_EDGE('',*,*,#7701,.F.);
#7701 = EDGE_CURVE('',#7702,#7704,#7706,.T.);
#7702 = VERTEX_POINT('',#7703);
#7703 = CARTESIAN_POINT('',(650.,-87.5,714.73367986679));
#7704 = VERTEX_POINT('',#7705);
#7705 = CARTESIAN_POINT('',(650.,-87.5,804.73367986679));
#7706 = SURFACE_CURVE('',#7707,(#7711,#7723),.PCURVE_S1.);
#7707 = LINE('',#7708,#7709);
#7708 = CARTESIAN_POINT('',(650.,-87.5,714.73367986679));
#7709 = VECTOR('',#7710,1.);
#7710 = DIRECTION('',(0.,0.,1.));
#7711 = PCURVE('',#7712,#7717);
#7712 = PLANE('',#7713);
#7713 = AXIS2_PLACEMENT_3D('',#7714,#7715,#7716);
#7714 = CARTESIAN_POINT('',(650.,-87.5,714.73367986679));
#7715 = DIRECTION('',(1.,0.,0.));
#7716 = DIRECTION('',(0.,0.,1.));
#7717 = DEFINITIONAL_REPRESENTATION('',(#7718),#7722);
#7718 = LINE('',#7719,#7720);
#7719 = CARTESIAN_POINT('',(0.,0.));
#7720 = VECTOR('',#7721,1.);
#7721 = DIRECTION('',(1.,0.));
#7722 = ( GEOMETRIC_REPRESENTATION_CONTEXT(2) 
PARAMETRIC_REPRESENTATION_CONTEXT() REPRESENTATION_CONTEXT('2D SPACE',''
  ) );
#7723 = PCURVE('',#7724,#7729);
#7724 = PLANE('',#7725);
#7725 = AXIS2_PLACEMENT_3D('',#7726,#7727,#7728);
#7726 = CARTESIAN_POINT('',(650.,-87.5,714.73367986679));
#7727 = DIRECTION('',(0.,1.,0.));
#7728 = DIRECTION('',(0.,0.,1.));
#7729 = DEFINITIONAL_REPRESENTATION('',(#7730),#7734);
#7730 = LINE('',#7731,#7732);
#7731 = CARTESIAN_POINT('',(0.,0.));
#7732 = VECTOR('',#7733,1.);
#7733 = DIRECTION('',(1.,0.));
#7734 = ( GEOMETRIC_REPRESENTATION_CONTEXT(2) 
PARAMETRIC_REPRESENTATION_CONTEXT() REPRESENTATION_CONTEXT('2D SPACE',''
  ) );
#7735 = ORIENTED_EDGE('',*,*,#7736,.T.);
#7736 = EDGE_CURVE('',#7702,#7737,#7739,.T.);
#7737 = VERTEX_POINT('',#7738);
#7738 = CARTESIAN_POINT('',(650.,87.5,714.73367986679));
#7739 = SURFACE_CURVE('',#7740,(#7744,#7751),.PCURVE_S1.);
#7740 = LINE('',#7741,#7742);
#7741 = CARTESIAN_POINT('',(650.,-87.5,714.73367986679));
#7742 = VECTOR('',#7743,1.);
#7743 = DIRECTION('',(0.,1.,0.));
#7744 = PCURVE('',#7712,#7745);
#7745 = DEFINITIONAL_REPRESENTATION('',(#7746),#7750);
#7746 = LINE('',#7747,#7748);
#7747 = CARTESIAN_POINT('',(0.,0.));
#7748 = VECTOR('',#7749,1.);
#7749 = DIRECTION('',(0.,-1.));
#7750 = ( GEOMETRIC_REPRESENTATION_CONTEXT(2) 
PARAMETRIC_REPRESENTATION_CONTEXT() REPRESENTATION_CONTEXT('2D SPACE',''
  ) );
#7751 = PCURVE('',#7752,#7757);
#7752 = PLANE('',#7753);
#7753 = AXIS2_PLACEMENT_3D('',#7754,#7755,#7756);
#7754 = CARTESIAN_POINT('',(650.,-87.5,714.73367986679));
#7755 = DIRECTION('',(0.,0.,1.));
#7756 = DIRECTION('',(1.,0.,0.));
#7757 = DEFINITIONAL_REPRESENTATION('',(#7758),#7762);
#7758 = LINE('',#7759,#7760);
#7759 = CARTESIAN_POINT('',(0.,0.));
#7760 = VECTOR('',#7761,1.);
#7761 = DIRECTION('',(0.,1.));
#7762 = ( GEOMETRIC_REPRESENTATION_CONTEXT(2) 
PARAMETRIC_REPRESENTATION_CONTEXT() REPRESENTATION_CONTEXT('2D SPACE',''
  ) );
#7763 = ORIENTED_EDGE('',*,*,#7764,.T.);
#7764 = EDGE_CURVE('',#7737,#7765,#7767,.T.);
#7765 = VERTEX_POINT('',#7766);
#7766 = CARTESIAN_POINT('',(650.,87.5,804.73367986679));
#7767 = SURFACE_CURVE('',#7768,(#7772,#7779),.PCURVE_S1.);
#7768 = LINE('',#7769,#7770);
#7769 = CARTESIAN_POINT('',(650.,87.5,714.73367986679));
#7770 = VECTOR('',#7771,1.);
#7771 = DIRECTION('',(0.,0.,1.));
#7772 = PCURVE('',#7712,#7773);
#7773 = DEFINITIONAL_REPRESENTATION('',(#7774),#7778);
#7774 = LINE('',#7775,#7776);
#7775 = CARTESIAN_POINT('',(0.,-175.));
#7776 = VECTOR('',#7777,1.);
#7777 = DIRECTION('',(1.,0.));
#7778 = ( GEOMETRIC_REPRESENTATION_CONTEXT(2) 
PARAMETRIC_REPRESENTATION_CONTEXT() REPRESENTATION_CONTEXT('2D SPACE',''
  ) );
#7779 = PCURVE('',#7780,#7785);
#7780 = PLANE('',#7781);
#7781 = AXIS2_PLACEMENT_3D('',#7782,#7783,#7784);
#7782 = CARTESIAN_POINT('',(650.,87.5,714.73367986679));
#7783 = DIRECTION('',(0.,1.,0.));
#7784 = DIRECTION('',(0.,0.,1.));
#7785 = DEFINITIONAL_REPRESENTATION('',(#7786),#7790);
#7786 = LINE('',#7787,#7788);
#7787 = CARTESIAN_POINT('',(0.,0.));
#7788 = VECTOR('',#7789,1.);
#7789 = DIRECTION('',(1.,0.));
#7790 = ( GEOMETRIC_REPRESENTATION_CONTEXT(2) 
PARAMETRIC_REPRESENTATION_CONTEXT() REPRESENTATION_CONTEXT('2D SPACE',''
  ) );
#7791 = ORIENTED_EDGE('',*,*,#7792,.F.);
#7792 = EDGE_CURVE('',#7704,#7765,#7793,.T.);
#7793 = SURFACE_CURVE('',#7794,(#7798,#7805),.PCURVE_S1.);
#7794 = LINE('',#7795,#7796);
#7795 = CARTESIAN_POINT('',(650.,-87.5,804.73367986679));
#7796 = VECTOR('',#7797,1.);
#7797 = DIRECTION('',(0.,1.,0.));
#7798 = PCURVE('',#7712,#7799);
#7799 = DEFINITIONAL_REPRESENTATION('',(#7800),#7804);
#7800 = LINE('',#7801,#7802);
#7801 = CARTESIAN_POINT('',(90.,0.));
#7802 = VECTOR('',#7803,1.);
#7803 = DIRECTION('',(0.,-1.));
#7804 = ( GEOMETRIC_REPRESENTATION_CONTEXT(2) 
PARAMETRIC_REPRESENTATION_CONTEXT() REPRESENTATION_CONTEXT('2D SPACE',''
  ) );
#7805 = PCURVE('',#7806,#7811);
#7806 = PLANE('',#7807);
#7807 = AXIS2_PLACEMENT_3D('',#7808,#7809,#7810);
#7808 = CARTESIAN_POINT('',(650.,-87.5,804.73367986679));
#7809 = DIRECTION('',(0.,0.,1.));
#7810 = DIRECTION('',(1.,0.,0.));
#7811 = DEFINITIONAL_REPRESENTATION('',(#7812),#7816);
#7812 = LINE('',#7813,#7814);
#7813 = CARTESIAN_POINT('',(0.,0.));
#7814 = VECTOR('',#7815,1.);
#7815 = DIRECTION('',(0.,1.));
#7816 = ( GEOMETRIC_REPRESENTATION_CONTEXT(2) 
PARAMETRIC_REPRESENTATION_CONTEXT() REPRESENTATION_CONTEXT('2D SPACE',''
  ) );
#7817 = ADVANCED_FACE('',(#7818),#7832,.T.);
#7818 = FACE_BOUND('',#7819,.T.);
#7819 = EDGE_LOOP('',(#7820,#7850,#7873,#7896));
#7820 = ORIENTED_EDGE('',*,*,#7821,.F.);
#7821 = EDGE_CURVE('',#7822,#7824,#7826,.T.);
#7822 = VERTEX_POINT('',#7823);
#7823 = CARTESIAN_POINT('',(910.,-87.5,714.73367986679));
#7824 = VERTEX_POINT('',#7825);
#7825 = CARTESIAN_POINT('',(910.,-87.5,804.73367986679));
#7826 = SURFACE_CURVE('',#7827,(#7831,#7843),.PCURVE_S1.);
#7827 = LINE('',#7828,#7829);
#7828 = CARTESIAN_POINT('',(910.,-87.5,714.73367986679));
#7829 = VECTOR('',#7830,1.);
#7830 = DIRECTION('',(0.,0.,1.));
#7831 = PCURVE('',#7832,#7837);
#7832 = PLANE('',#7833);
#7833 = AXIS2_PLACEMENT_3D('',#7834,#7835,#7836);
#7834 = CARTESIAN_POINT('',(910.,-87.5,714.73367986679));
#7835 = DIRECTION('',(1.,0.,0.));
#7836 = DIRECTION('',(0.,0.,1.));
#7837 = DEFINITIONAL_REPRESENTATION('',(#7838),#7842);
#7838 = LINE('',#7839,#7840);
#7839 = CARTESIAN_POINT('',(0.,0.));
#7840 = VECTOR('',#7841,1.);
#7841 = DIRECTION('',(1.,0.));
#7842 = ( GEOMETRIC_REPRESENTATION_CONTEXT(2) 
PARAMETRIC_REPRESENTATION_CONTEXT() REPRESENTATION_CONTEXT('2D SPACE',''
  ) );
#7843 = PCURVE('',#7724,#7844);
#7844 = DEFINITIONAL_REPRESENTATION('',(#7845),#7849);
#7845 = LINE('',#7846,#7847);
#7846 = CARTESIAN_POINT('',(0.,260.));
#7847 = VECTOR('',#7848,1.);
#7848 = DIRECTION('',(1.,0.));
#7849 = ( GEOMETRIC_REPRESENTATION_CONTEXT(2) 
PARAMETRIC_REPRESENTATION_CONTEXT() REPRESENTATION_CONTEXT('2D SPACE',''
  ) );
#7850 = ORIENTED_EDGE('',*,*,#7851,.T.);
#7851 = EDGE_CURVE('',#7822,#7852,#7854,.T.);
#7852 = VERTEX_POINT('',#7853);
#7853 = CARTESIAN_POINT('',(910.,87.5,714.73367986679));
#7854 = SURFACE_CURVE('',#7855,(#7859,#7866),.PCURVE_S1.);
#7855 = LINE('',#7856,#7857);
#7856 = CARTESIAN_POINT('',(910.,-87.5,714.73367986679));
#7857 = VECTOR('',#7858,1.);
#7858 = DIRECTION('',(0.,1.,0.));
#7859 = PCURVE('',#7832,#7860);
#7860 = DEFINITIONAL_REPRESENTATION('',(#7861),#7865);
#7861 = LINE('',#7862,#7863);
#7862 = CARTESIAN_POINT('',(0.,0.));
#7863 = VECTOR('',#7864,1.);
#7864 = DIRECTION('',(0.,-1.));
#7865 = ( GEOMETRIC_REPRESENTATION_CONTEXT(2) 
PARAMETRIC_REPRESENTATION_CONTEXT() REPRESENTATION_CONTEXT('2D SPACE',''
  ) );
#7866 = PCURVE('',#7752,#7867);
#7867 = DEFINITIONAL_REPRESENTATION('',(#7868),#7872);
#7868 = LINE('',#7869,#7870);
#7869 = CARTESIAN_POINT('',(260.,0.));
#7870 = VECTOR('',#7871,1.);
#7871 = DIRECTION('',(0.,1.));
#7872 = ( GEOMETRIC_REPRESENTATION_CONTEXT(2) 
PARAMETRIC_REPRESENTATION_CONTEXT() REPRESENTATION_CONTEXT('2D SPACE',''
  ) );
#7873 = ORIENTED_EDGE('',*,*,#7874,.T.);
#7874 = EDGE_CURVE('',#7852,#7875,#7877,.T.);
#7875 = VERTEX_POINT('',#7876);
#7876 = CARTESIAN_POINT('',(910.,87.5,804.73367986679));
#7877 = SURFACE_CURVE('',#7878,(#7882,#7889),.PCURVE_S1.);
#7878 = LINE('',#7879,#7880);
#7879 = CARTESIAN_POINT('',(910.,87.5,714.73367986679));
#7880 = VECTOR('',#7881,1.);
#7881 = DIRECTION('',(0.,0.,1.));
#7882 = PCURVE('',#7832,#7883);
#7883 = DEFINITIONAL_REPRESENTATION('',(#7884),#7888);
#7884 = LINE('',#7885,#7886);
#7885 = CARTESIAN_POINT('',(0.,-175.));
#7886 = VECTOR('',#7887,1.);
#7887 = DIRECTION('',(1.,0.));
#7888 = ( GEOMETRIC_REPRESENTATION_CONTEXT(2) 
PARAMETRIC_REPRESENTATION_CONTEXT() REPRESENTATION_CONTEXT('2D SPACE',''
  ) );
#7889 = PCURVE('',#7780,#7890);
#7890 = DEFINITIONAL_REPRESENTATION('',(#7891),#7895);
#7891 = LINE('',#7892,#7893);
#7892 = CARTESIAN_POINT('',(0.,260.));
#7893 = VECTOR('',#7894,1.);
#7894 = DIRECTION('',(1.,0.));
#7895 = ( GEOMETRIC_REPRESENTATION_CONTEXT(2) 
PARAMETRIC_REPRESENTATION_CONTEXT() REPRESENTATION_CONTEXT('2D SPACE',''
  ) );
#7896 = ORIENTED_EDGE('',*,*,#7897,.F.);
#7897 = EDGE_CURVE('',#7824,#7875,#7898,.T.);
#7898 = SURFACE_CURVE('',#7899,(#7903,#7910),.PCURVE_S1.);
#7899 = LINE('',#7900,#7901);
#7900 = CARTESIAN_POINT('',(910.,-87.5,804.73367986679));
#7901 = VECTOR('',#7902,1.);
#7902 = DIRECTION('',(0.,1.,0.));
#7903 = PCURVE('',#7832,#7904);
#7904 = DEFINITIONAL_REPRESENTATION('',(#7905),#7909);
#7905 = LINE('',#7906,#7907);
#7906 = CARTESIAN_POINT('',(90.,0.));
#7907 = VECTOR('',#7908,1.);
#7908 = DIRECTION('',(0.,-1.));
#7909 = ( GEOMETRIC_REPRESENTATION_CONTEXT(2) 
PARAMETRIC_REPRESENTATION_CONTEXT() REPRESENTATION_CONTEXT('2D SPACE',''
  ) );
#7910 = PCURVE('',#7806,#7911);
#7911 = DEFINITIONAL_REPRESENTATION('',(#7912),#7916);
#7912 = LINE('',#7913,#7914);
#7913 = CARTESIAN_POINT('',(260.,0.));
#7914 = VECTOR('',#7915,1.);
#7915 = DIRECTION('',(0.,1.));
#7916 = ( GEOMETRIC_REPRESENTATION_CONTEXT(2) 
PARAMETRIC_REPRESENTATION_CONTEXT() REPRESENTATION_CONTEXT('2D SPACE',''
  ) );
#7917 = ADVANCED_FACE('',(#7918),#7724,.F.);
#7918 = FACE_BOUND('',#7919,.F.);
#7919 = EDGE_LOOP('',(#7920,#7941,#7942,#7963));
#7920 = ORIENTED_EDGE('',*,*,#7921,.F.);
#7921 = EDGE_CURVE('',#7702,#7822,#7922,.T.);
#7922 = SURFACE_CURVE('',#7923,(#7927,#7934),.PCURVE_S1.);
#7923 = LINE('',#7924,#7925);
#7924 = CARTESIAN_POINT('',(650.,-87.5,714.73367986679));
#7925 = VECTOR('',#7926,1.);
#7926 = DIRECTION('',(1.,0.,0.));
#7927 = PCURVE('',#7724,#7928);
#7928 = DEFINITIONAL_REPRESENTATION('',(#7929),#7933);
#7929 = LINE('',#7930,#7931);
#7930 = CARTESIAN_POINT('',(0.,0.));
#7931 = VECTOR('',#7932,1.);
#7932 = DIRECTION('',(0.,1.));
#7933 = ( GEOMETRIC_REPRESENTATION_CONTEXT(2) 
PARAMETRIC_REPRESENTATION_CONTEXT() REPRESENTATION_CONTEXT('2D SPACE',''
  ) );
#7934 = PCURVE('',#7752,#7935);
#7935 = DEFINITIONAL_REPRESENTATION('',(#7936),#7940);
#7936 = LINE('',#7937,#7938);
#7937 = CARTESIAN_POINT('',(0.,0.));
#7938 = VECTOR('',#7939,1.);
#7939 = DIRECTION('',(1.,0.));
#7940 = ( GEOMETRIC_REPRESENTATION_CONTEXT(2) 
PARAMETRIC_REPRESENTATION_CONTEXT() REPRESENTATION_CONTEXT('2D SPACE',''
  ) );
#7941 = ORIENTED_EDGE('',*,*,#7701,.T.);
#7942 = ORIENTED_EDGE('',*,*,#7943,.T.);
#7943 = EDGE_CURVE('',#7704,#7824,#7944,.T.);
#7944 = SURFACE_CURVE('',#7945,(#7949,#7956),.PCURVE_S1.);
#7945 = LINE('',#7946,#7947);
#7946 = CARTESIAN_POINT('',(650.,-87.5,804.73367986679));
#7947 = VECTOR('',#7948,1.);
#7948 = DIRECTION('',(1.,0.,0.));
#7949 = PCURVE('',#7724,#7950);
#7950 = DEFINITIONAL_REPRESENTATION('',(#7951),#7955);
#7951 = LINE('',#7952,#7953);
#7952 = CARTESIAN_POINT('',(90.,0.));
#7953 = VECTOR('',#7954,1.);
#7954 = DIRECTION('',(0.,1.));
#7955 = ( GEOMETRIC_REPRESENTATION_CONTEXT(2) 
PARAMETRIC_REPRESENTATION_CONTEXT() REPRESENTATION_CONTEXT('2D SPACE',''
  ) );
#7956 = PCURVE('',#7806,#7957);
#7957 = DEFINITIONAL_REPRESENTATION('',(#7958),#7962);
#7958 = LINE('',#7959,#7960);
#7959 = CARTESIAN_POINT('',(0.,0.));
#7960 = VECTOR('',#7961,1.);
#7961 = DIRECTION('',(1.,0.));
#7962 = ( GEOMETRIC_REPRESENTATION_CONTEXT(2) 
PARAMETRIC_REPRESENTATION_CONTEXT() REPRESENTATION_CONTEXT('2D SPACE',''
  ) );
#7963 = ORIENTED_EDGE('',*,*,#7821,.F.);
#7964 = ADVANCED_FACE('',(#7965),#7780,.T.);
#7965 = FACE_BOUND('',#7966,.T.);
#7966 = EDGE_LOOP('',(#7967,#7988,#7989,#8010));
#7967 = ORIENTED_EDGE('',*,*,#7968,.F.);
#7968 = EDGE_CURVE('',#7737,#7852,#7969,.T.);
#7969 = SURFACE_CURVE('',#7970,(#7974,#7981),.PCURVE_S1.);
#7970 = LINE('',#7971,#7972);
#7971 = CARTESIAN_POINT('',(650.,87.5,714.73367986679));
#7972 = VECTOR('',#7973,1.);
#7973 = DIRECTION('',(1.,0.,0.));
#7974 = PCURVE('',#7780,#7975);
#7975 = DEFINITIONAL_REPRESENTATION('',(#7976),#7980);
#7976 = LINE('',#7977,#7978);
#7977 = CARTESIAN_POINT('',(0.,0.));
#7978 = VECTOR('',#7979,1.);
#7979 = DIRECTION('',(0.,1.));
#7980 = ( GEOMETRIC_REPRESENTATION_CONTEXT(2) 
PARAMETRIC_REPRESENTATION_CONTEXT() REPRESENTATION_CONTEXT('2D SPACE',''
  ) );
#7981 = PCURVE('',#7752,#7982);
#7982 = DEFINITIONAL_REPRESENTATION('',(#7983),#7987);
#7983 = LINE('',#7984,#7985);
#7984 = CARTESIAN_POINT('',(0.,175.));
#7985 = VECTOR('',#7986,1.);
#7986 = DIRECTION('',(1.,0.));
#7987 = ( GEOMETRIC_REPRESENTATION_CONTEXT(2) 
PARAMETRIC_REPRESENTATION_CONTEXT() REPRESENTATION_CONTEXT('2D SPACE',''
  ) );
#7988 = ORIENTED_EDGE('',*,*,#7764,.T.);
#7989 = ORIENTED_EDGE('',*,*,#7990,.T.);
#7990 = EDGE_CURVE('',#7765,#7875,#7991,.T.);
#7991 = SURFACE_CURVE('',#7992,(#7996,#8003),.PCURVE_S1.);
#7992 = LINE('',#7993,#7994);
#7993 = CARTESIAN_POINT('',(650.,87.5,804.73367986679));
#7994 = VECTOR('',#7995,1.);
#7995 = DIRECTION('',(1.,0.,0.));
#7996 = PCURVE('',#7780,#7997);
#7997 = DEFINITIONAL_REPRESENTATION('',(#7998),#8002);
#7998 = LINE('',#7999,#8000);
#7999 = CARTESIAN_POINT('',(90.,0.));
#8000 = VECTOR('',#8001,1.);
#8001 = DIRECTION('',(0.,1.));
#8002 = ( GEOMETRIC_REPRESENTATION_CONTEXT(2) 
PARAMETRIC_REPRESENTATION_CONTEXT() REPRESENTATION_CONTEXT('2D SPACE',''
  ) );
#8003 = PCURVE('',#7806,#8004);
#8004 = DEFINITIONAL_REPRESENTATION('',(#8005),#8009);
#8005 = LINE('',#8006,#8007);
#8006 = CARTESIAN_POINT('',(0.,175.));
#8007 = VECTOR('',#8008,1.);
#8008 = DIRECTION('',(1.,0.));
#8009 = ( GEOMETRIC_REPRESENTATION_CONTEXT(2) 
PARAMETRIC_REPRESENTATION_CONTEXT() REPRESENTATION_CONTEXT('2D SPACE',''
  ) );
#8010 = ORIENTED_EDGE('',*,*,#7874,.F.);
#8011 = ADVANCED_FACE('',(#8012),#7752,.F.);
#8012 = FACE_BOUND('',#8013,.F.);
#8013 = EDGE_LOOP('',(#8014,#8015,#8016,#8017));
#8014 = ORIENTED_EDGE('',*,*,#7736,.F.);
#8015 = ORIENTED_EDGE('',*,*,#7921,.T.);
#8016 = ORIENTED_EDGE('',*,*,#7851,.T.);
#8017 = ORIENTED_EDGE('',*,*,#7968,.F.);
#8018 = ADVANCED_FACE('',(#8019),#7806,.T.);
#8019 = FACE_BOUND('',#8020,.T.);
#8020 = EDGE_LOOP('',(#8021,#8022,#8023,#8024));
#8021 = ORIENTED_EDGE('',*,*,#7792,.F.);
#8022 = ORIENTED_EDGE('',*,*,#7943,.T.);
#8023 = ORIENTED_EDGE('',*,*,#7897,.T.);
#8024 = ORIENTED_EDGE('',*,*,#7990,.F.);
#8025 = ( GEOMETRIC_REPRESENTATION_CONTEXT(3) 
GLOBAL_UNCERTAINTY_ASSIGNED_CONTEXT((#8029)) 
GLOBAL_UNIT_ASSIGNED_CONTEXT((#8026,#8027,#8028)) REPRESENTATION_CONTEXT
('Context #1','3D Context with UNIT and UNCERTAINTY') );
#8026 = ( LENGTH_UNIT() NAMED_UNIT(*) SI_UNIT(.MILLI.,.METRE.) );
#8027 = ( NAMED_UNIT(*) PLANE_ANGLE_UNIT() SI_UNIT($,.RADIAN.) );
#8028 = ( NAMED_UNIT(*) SI_UNIT($,.STERADIAN.) SOLID_ANGLE_UNIT() );
#8029 = UNCERTAINTY_MEASURE_WITH_UNIT(LENGTH_MEASURE(1.E-07),#8026,
  'distance_accuracy_value','confusion accuracy');
#8030 = CONTEXT_DEPENDENT_SHAPE_REPRESENTATION(#8031,#8033);
#8031 = ( REPRESENTATION_RELATIONSHIP('','',#7694,#10) 
REPRESENTATION_RELATIONSHIP_WITH_TRANSFORMATION(#8032) 
SHAPE_REPRESENTATION_RELATIONSHIP() );
#8032 = ITEM_DEFINED_TRANSFORMATION('','',#11,#103);
#8033 = PRODUCT_DEFINITION_SHAPE('Placement','Placement of an item',
  #8034);
#8034 = NEXT_ASSEMBLY_USAGE_OCCURRENCE('23','POWERTRAIN_LV/vcu','',#5,
  #7689,$);
#8035 = PRODUCT_RELATED_PRODUCT_CATEGORY('part',$,(#7691));
#8036 = SHAPE_DEFINITION_REPRESENTATION(#8037,#8043);
#8037 = PRODUCT_DEFINITION_SHAPE('','',#8038);
#8038 = PRODUCT_DEFINITION('design','',#8039,#8042);
#8039 = PRODUCT_DEFINITION_FORMATION('','',#8040);
#8040 = PRODUCT('POWERTRAIN_LV/estop','POWERTRAIN_LV/estop','',(#8041));
#8041 = PRODUCT_CONTEXT('',#2,'mechanical');
#8042 = PRODUCT_DEFINITION_CONTEXT('part definition',#2,'design');
#8043 = ADVANCED_BREP_SHAPE_REPRESENTATION('',(#11,#8044),#8374);
#8044 = MANIFOLD_SOLID_BREP('',#8045);
#8045 = CLOSED_SHELL('',(#8046,#8166,#8266,#8313,#8360,#8367));
#8046 = ADVANCED_FACE('',(#8047),#8061,.F.);
#8047 = FACE_BOUND('',#8048,.F.);
#8048 = EDGE_LOOP('',(#8049,#8084,#8112,#8140));
#8049 = ORIENTED_EDGE('',*,*,#8050,.F.);
#8050 = EDGE_CURVE('',#8051,#8053,#8055,.T.);
#8051 = VERTEX_POINT('',#8052);
#8052 = CARTESIAN_POINT('',(620.,-245.,772.02317733764));
#8053 = VERTEX_POINT('',#8054);
#8054 = CARTESIAN_POINT('',(620.,-245.,862.02317733764));
#8055 = SURFACE_CURVE('',#8056,(#8060,#8072),.PCURVE_S1.);
#8056 = LINE('',#8057,#8058);
#8057 = CARTESIAN_POINT('',(620.,-245.,772.02317733764));
#8058 = VECTOR('',#8059,1.);
#8059 = DIRECTION('',(0.,0.,1.));
#8060 = PCURVE('',#8061,#8066);
#8061 = PLANE('',#8062);
#8062 = AXIS2_PLACEMENT_3D('',#8063,#8064,#8065);
#8063 = CARTESIAN_POINT('',(620.,-245.,772.02317733764));
#8064 = DIRECTION('',(1.,0.,0.));
#8065 = DIRECTION('',(0.,0.,1.));
#8066 = DEFINITIONAL_REPRESENTATION('',(#8067),#8071);
#8067 = LINE('',#8068,#8069);
#8068 = CARTESIAN_POINT('',(0.,0.));
#8069 = VECTOR('',#8070,1.);
#8070 = DIRECTION('',(1.,0.));
#8071 = ( GEOMETRIC_REPRESENTATION_CONTEXT(2) 
PARAMETRIC_REPRESENTATION_CONTEXT() REPRESENTATION_CONTEXT('2D SPACE',''
  ) );
#8072 = PCURVE('',#8073,#8078);
#8073 = PLANE('',#8074);
#8074 = AXIS2_PLACEMENT_3D('',#8075,#8076,#8077);
#8075 = CARTESIAN_POINT('',(620.,-245.,772.02317733764));
#8076 = DIRECTION('',(0.,1.,0.));
#8077 = DIRECTION('',(0.,0.,1.));
#8078 = DEFINITIONAL_REPRESENTATION('',(#8079),#8083);
#8079 = LINE('',#8080,#8081);
#8080 = CARTESIAN_POINT('',(0.,0.));
#8081 = VECTOR('',#8082,1.);
#8082 = DIRECTION('',(1.,0.));
#8083 = ( GEOMETRIC_REPRESENTATION_CONTEXT(2) 
PARAMETRIC_REPRESENTATION_CONTEXT() REPRESENTATION_CONTEXT('2D SPACE',''
  ) );
#8084 = ORIENTED_EDGE('',*,*,#8085,.T.);
#8085 = EDGE_CURVE('',#8051,#8086,#8088,.T.);
#8086 = VERTEX_POINT('',#8087);
#8087 = CARTESIAN_POINT('',(620.,-155.,772.02317733764));
#8088 = SURFACE_CURVE('',#8089,(#8093,#8100),.PCURVE_S1.);
#8089 = LINE('',#8090,#8091);
#8090 = CARTESIAN_POINT('',(620.,-245.,772.02317733764));
#8091 = VECTOR('',#8092,1.);
#8092 = DIRECTION('',(0.,1.,0.));
#8093 = PCURVE('',#8061,#8094);
#8094 = DEFINITIONAL_REPRESENTATION('',(#8095),#8099);
#8095 = LINE('',#8096,#8097);
#8096 = CARTESIAN_POINT('',(0.,0.));
#8097 = VECTOR('',#8098,1.);
#8098 = DIRECTION('',(0.,-1.));
#8099 = ( GEOMETRIC_REPRESENTATION_CONTEXT(2) 
PARAMETRIC_REPRESENTATION_CONTEXT() REPRESENTATION_CONTEXT('2D SPACE',''
  ) );
#8100 = PCURVE('',#8101,#8106);
#8101 = PLANE('',#8102);
#8102 = AXIS2_PLACEMENT_3D('',#8103,#8104,#8105);
#8103 = CARTESIAN_POINT('',(620.,-245.,772.02317733764));
#8104 = DIRECTION('',(0.,0.,1.));
#8105 = DIRECTION('',(1.,0.,0.));
#8106 = DEFINITIONAL_REPRESENTATION('',(#8107),#8111);
#8107 = LINE('',#8108,#8109);
#8108 = CARTESIAN_POINT('',(0.,0.));
#8109 = VECTOR('',#8110,1.);
#8110 = DIRECTION('',(0.,1.));
#8111 = ( GEOMETRIC_REPRESENTATION_CONTEXT(2) 
PARAMETRIC_REPRESENTATION_CONTEXT() REPRESENTATION_CONTEXT('2D SPACE',''
  ) );
#8112 = ORIENTED_EDGE('',*,*,#8113,.T.);
#8113 = EDGE_CURVE('',#8086,#8114,#8116,.T.);
#8114 = VERTEX_POINT('',#8115);
#8115 = CARTESIAN_POINT('',(620.,-155.,862.02317733764));
#8116 = SURFACE_CURVE('',#8117,(#8121,#8128),.PCURVE_S1.);
#8117 = LINE('',#8118,#8119);
#8118 = CARTESIAN_POINT('',(620.,-155.,772.02317733764));
#8119 = VECTOR('',#8120,1.);
#8120 = DIRECTION('',(0.,0.,1.));
#8121 = PCURVE('',#8061,#8122);
#8122 = DEFINITIONAL_REPRESENTATION('',(#8123),#8127);
#8123 = LINE('',#8124,#8125);
#8124 = CARTESIAN_POINT('',(0.,-90.));
#8125 = VECTOR('',#8126,1.);
#8126 = DIRECTION('',(1.,0.));
#8127 = ( GEOMETRIC_REPRESENTATION_CONTEXT(2) 
PARAMETRIC_REPRESENTATION_CONTEXT() REPRESENTATION_CONTEXT('2D SPACE',''
  ) );
#8128 = PCURVE('',#8129,#8134);
#8129 = PLANE('',#8130);
#8130 = AXIS2_PLACEMENT_3D('',#8131,#8132,#8133);
#8131 = CARTESIAN_POINT('',(620.,-155.,772.02317733764));
#8132 = DIRECTION('',(0.,1.,0.));
#8133 = DIRECTION('',(0.,0.,1.));
#8134 = DEFINITIONAL_REPRESENTATION('',(#8135),#8139);
#8135 = LINE('',#8136,#8137);
#8136 = CARTESIAN_POINT('',(0.,0.));
#8137 = VECTOR('',#8138,1.);
#8138 = DIRECTION('',(1.,0.));
#8139 = ( GEOMETRIC_REPRESENTATION_CONTEXT(2) 
PARAMETRIC_REPRESENTATION_CONTEXT() REPRESENTATION_CONTEXT('2D SPACE',''
  ) );
#8140 = ORIENTED_EDGE('',*,*,#8141,.F.);
#8141 = EDGE_CURVE('',#8053,#8114,#8142,.T.);
#8142 = SURFACE_CURVE('',#8143,(#8147,#8154),.PCURVE_S1.);
#8143 = LINE('',#8144,#8145);
#8144 = CARTESIAN_POINT('',(620.,-245.,862.02317733764));
#8145 = VECTOR('',#8146,1.);
#8146 = DIRECTION('',(0.,1.,0.));
#8147 = PCURVE('',#8061,#8148);
#8148 = DEFINITIONAL_REPRESENTATION('',(#8149),#8153);
#8149 = LINE('',#8150,#8151);
#8150 = CARTESIAN_POINT('',(90.,0.));
#8151 = VECTOR('',#8152,1.);
#8152 = DIRECTION('',(0.,-1.));
#8153 = ( GEOMETRIC_REPRESENTATION_CONTEXT(2) 
PARAMETRIC_REPRESENTATION_CONTEXT() REPRESENTATION_CONTEXT('2D SPACE',''
  ) );
#8154 = PCURVE('',#8155,#8160);
#8155 = PLANE('',#8156);
#8156 = AXIS2_PLACEMENT_3D('',#8157,#8158,#8159);
#8157 = CARTESIAN_POINT('',(620.,-245.,862.02317733764));
#8158 = DIRECTION('',(0.,0.,1.));
#8159 = DIRECTION('',(1.,0.,0.));
#8160 = DEFINITIONAL_REPRESENTATION('',(#8161),#8165);
#8161 = LINE('',#8162,#8163);
#8162 = CARTESIAN_POINT('',(0.,0.));
#8163 = VECTOR('',#8164,1.);
#8164 = DIRECTION('',(0.,1.));
#8165 = ( GEOMETRIC_REPRESENTATION_CONTEXT(2) 
PARAMETRIC_REPRESENTATION_CONTEXT() REPRESENTATION_CONTEXT('2D SPACE',''
  ) );
#8166 = ADVANCED_FACE('',(#8167),#8181,.T.);
#8167 = FACE_BOUND('',#8168,.T.);
#8168 = EDGE_LOOP('',(#8169,#8199,#8222,#8245));
#8169 = ORIENTED_EDGE('',*,*,#8170,.F.);
#8170 = EDGE_CURVE('',#8171,#8173,#8175,.T.);
#8171 = VERTEX_POINT('',#8172);
#8172 = CARTESIAN_POINT('',(680.,-245.,772.02317733764));
#8173 = VERTEX_POINT('',#8174);
#8174 = CARTESIAN_POINT('',(680.,-245.,862.02317733764));
#8175 = SURFACE_CURVE('',#8176,(#8180,#8192),.PCURVE_S1.);
#8176 = LINE('',#8177,#8178);
#8177 = CARTESIAN_POINT('',(680.,-245.,772.02317733764));
#8178 = VECTOR('',#8179,1.);
#8179 = DIRECTION('',(0.,0.,1.));
#8180 = PCURVE('',#8181,#8186);
#8181 = PLANE('',#8182);
#8182 = AXIS2_PLACEMENT_3D('',#8183,#8184,#8185);
#8183 = CARTESIAN_POINT('',(680.,-245.,772.02317733764));
#8184 = DIRECTION('',(1.,0.,0.));
#8185 = DIRECTION('',(0.,0.,1.));
#8186 = DEFINITIONAL_REPRESENTATION('',(#8187),#8191);
#8187 = LINE('',#8188,#8189);
#8188 = CARTESIAN_POINT('',(0.,0.));
#8189 = VECTOR('',#8190,1.);
#8190 = DIRECTION('',(1.,0.));
#8191 = ( GEOMETRIC_REPRESENTATION_CONTEXT(2) 
PARAMETRIC_REPRESENTATION_CONTEXT() REPRESENTATION_CONTEXT('2D SPACE',''
  ) );
#8192 = PCURVE('',#8073,#8193);
#8193 = DEFINITIONAL_REPRESENTATION('',(#8194),#8198);
#8194 = LINE('',#8195,#8196);
#8195 = CARTESIAN_POINT('',(0.,60.));
#8196 = VECTOR('',#8197,1.);
#8197 = DIRECTION('',(1.,0.));
#8198 = ( GEOMETRIC_REPRESENTATION_CONTEXT(2) 
PARAMETRIC_REPRESENTATION_CONTEXT() REPRESENTATION_CONTEXT('2D SPACE',''
  ) );
#8199 = ORIENTED_EDGE('',*,*,#8200,.T.);
#8200 = EDGE_CURVE('',#8171,#8201,#8203,.T.);
#8201 = VERTEX_POINT('',#8202);
#8202 = CARTESIAN_POINT('',(680.,-155.,772.02317733764));
#8203 = SURFACE_CURVE('',#8204,(#8208,#8215),.PCURVE_S1.);
#8204 = LINE('',#8205,#8206);
#8205 = CARTESIAN_POINT('',(680.,-245.,772.02317733764));
#8206 = VECTOR('',#8207,1.);
#8207 = DIRECTION('',(0.,1.,0.));
#8208 = PCURVE('',#8181,#8209);
#8209 = DEFINITIONAL_REPRESENTATION('',(#8210),#8214);
#8210 = LINE('',#8211,#8212);
#8211 = CARTESIAN_POINT('',(0.,0.));
#8212 = VECTOR('',#8213,1.);
#8213 = DIRECTION('',(0.,-1.));
#8214 = ( GEOMETRIC_REPRESENTATION_CONTEXT(2) 
PARAMETRIC_REPRESENTATION_CONTEXT() REPRESENTATION_CONTEXT('2D SPACE',''
  ) );
#8215 = PCURVE('',#8101,#8216);
#8216 = DEFINITIONAL_REPRESENTATION('',(#8217),#8221);
#8217 = LINE('',#8218,#8219);
#8218 = CARTESIAN_POINT('',(60.,0.));
#8219 = VECTOR('',#8220,1.);
#8220 = DIRECTION('',(0.,1.));
#8221 = ( GEOMETRIC_REPRESENTATION_CONTEXT(2) 
PARAMETRIC_REPRESENTATION_CONTEXT() REPRESENTATION_CONTEXT('2D SPACE',''
  ) );
#8222 = ORIENTED_EDGE('',*,*,#8223,.T.);
#8223 = EDGE_CURVE('',#8201,#8224,#8226,.T.);
#8224 = VERTEX_POINT('',#8225);
#8225 = CARTESIAN_POINT('',(680.,-155.,862.02317733764));
#8226 = SURFACE_CURVE('',#8227,(#8231,#8238),.PCURVE_S1.);
#8227 = LINE('',#8228,#8229);
#8228 = CARTESIAN_POINT('',(680.,-155.,772.02317733764));
#8229 = VECTOR('',#8230,1.);
#8230 = DIRECTION('',(0.,0.,1.));
#8231 = PCURVE('',#8181,#8232);
#8232 = DEFINITIONAL_REPRESENTATION('',(#8233),#8237);
#8233 = LINE('',#8234,#8235);
#8234 = CARTESIAN_POINT('',(0.,-90.));
#8235 = VECTOR('',#8236,1.);
#8236 = DIRECTION('',(1.,0.));
#8237 = ( GEOMETRIC_REPRESENTATION_CONTEXT(2) 
PARAMETRIC_REPRESENTATION_CONTEXT() REPRESENTATION_CONTEXT('2D SPACE',''
  ) );
#8238 = PCURVE('',#8129,#8239);
#8239 = DEFINITIONAL_REPRESENTATION('',(#8240),#8244);
#8240 = LINE('',#8241,#8242);
#8241 = CARTESIAN_POINT('',(0.,60.));
#8242 = VECTOR('',#8243,1.);
#8243 = DIRECTION('',(1.,0.));
#8244 = ( GEOMETRIC_REPRESENTATION_CONTEXT(2) 
PARAMETRIC_REPRESENTATION_CONTEXT() REPRESENTATION_CONTEXT('2D SPACE',''
  ) );
#8245 = ORIENTED_EDGE('',*,*,#8246,.F.);
#8246 = EDGE_CURVE('',#8173,#8224,#8247,.T.);
#8247 = SURFACE_CURVE('',#8248,(#8252,#8259),.PCURVE_S1.);
#8248 = LINE('',#8249,#8250);
#8249 = CARTESIAN_POINT('',(680.,-245.,862.02317733764));
#8250 = VECTOR('',#8251,1.);
#8251 = DIRECTION('',(0.,1.,0.));
#8252 = PCURVE('',#8181,#8253);
#8253 = DEFINITIONAL_REPRESENTATION('',(#8254),#8258);
#8254 = LINE('',#8255,#8256);
#8255 = CARTESIAN_POINT('',(90.,0.));
#8256 = VECTOR('',#8257,1.);
#8257 = DIRECTION('',(0.,-1.));
#8258 = ( GEOMETRIC_REPRESENTATION_CONTEXT(2) 
PARAMETRIC_REPRESENTATION_CONTEXT() REPRESENTATION_CONTEXT('2D SPACE',''
  ) );
#8259 = PCURVE('',#8155,#8260);
#8260 = DEFINITIONAL_REPRESENTATION('',(#8261),#8265);
#8261 = LINE('',#8262,#8263);
#8262 = CARTESIAN_POINT('',(60.,0.));
#8263 = VECTOR('',#8264,1.);
#8264 = DIRECTION('',(0.,1.));
#8265 = ( GEOMETRIC_REPRESENTATION_CONTEXT(2) 
PARAMETRIC_REPRESENTATION_CONTEXT() REPRESENTATION_CONTEXT('2D SPACE',''
  ) );
#8266 = ADVANCED_FACE('',(#8267),#8073,.F.);
#8267 = FACE_BOUND('',#8268,.F.);
#8268 = EDGE_LOOP('',(#8269,#8290,#8291,#8312));
#8269 = ORIENTED_EDGE('',*,*,#8270,.F.);
#8270 = EDGE_CURVE('',#8051,#8171,#8271,.T.);
#8271 = SURFACE_CURVE('',#8272,(#8276,#8283),.PCURVE_S1.);
#8272 = LINE('',#8273,#8274);
#8273 = CARTESIAN_POINT('',(620.,-245.,772.02317733764));
#8274 = VECTOR('',#8275,1.);
#8275 = DIRECTION('',(1.,0.,0.));
#8276 = PCURVE('',#8073,#8277);
#8277 = DEFINITIONAL_REPRESENTATION('',(#8278),#8282);
#8278 = LINE('',#8279,#8280);
#8279 = CARTESIAN_POINT('',(0.,0.));
#8280 = VECTOR('',#8281,1.);
#8281 = DIRECTION('',(0.,1.));
#8282 = ( GEOMETRIC_REPRESENTATION_CONTEXT(2) 
PARAMETRIC_REPRESENTATION_CONTEXT() REPRESENTATION_CONTEXT('2D SPACE',''
  ) );
#8283 = PCURVE('',#8101,#8284);
#8284 = DEFINITIONAL_REPRESENTATION('',(#8285),#8289);
#8285 = LINE('',#8286,#8287);
#8286 = CARTESIAN_POINT('',(0.,0.));
#8287 = VECTOR('',#8288,1.);
#8288 = DIRECTION('',(1.,0.));
#8289 = ( GEOMETRIC_REPRESENTATION_CONTEXT(2) 
PARAMETRIC_REPRESENTATION_CONTEXT() REPRESENTATION_CONTEXT('2D SPACE',''
  ) );
#8290 = ORIENTED_EDGE('',*,*,#8050,.T.);
#8291 = ORIENTED_EDGE('',*,*,#8292,.T.);
#8292 = EDGE_CURVE('',#8053,#8173,#8293,.T.);
#8293 = SURFACE_CURVE('',#8294,(#8298,#8305),.PCURVE_S1.);
#8294 = LINE('',#8295,#8296);
#8295 = CARTESIAN_POINT('',(620.,-245.,862.02317733764));
#8296 = VECTOR('',#8297,1.);
#8297 = DIRECTION('',(1.,0.,0.));
#8298 = PCURVE('',#8073,#8299);
#8299 = DEFINITIONAL_REPRESENTATION('',(#8300),#8304);
#8300 = LINE('',#8301,#8302);
#8301 = CARTESIAN_POINT('',(90.,0.));
#8302 = VECTOR('',#8303,1.);
#8303 = DIRECTION('',(0.,1.));
#8304 = ( GEOMETRIC_REPRESENTATION_CONTEXT(2) 
PARAMETRIC_REPRESENTATION_CONTEXT() REPRESENTATION_CONTEXT('2D SPACE',''
  ) );
#8305 = PCURVE('',#8155,#8306);
#8306 = DEFINITIONAL_REPRESENTATION('',(#8307),#8311);
#8307 = LINE('',#8308,#8309);
#8308 = CARTESIAN_POINT('',(0.,0.));
#8309 = VECTOR('',#8310,1.);
#8310 = DIRECTION('',(1.,0.));
#8311 = ( GEOMETRIC_REPRESENTATION_CONTEXT(2) 
PARAMETRIC_REPRESENTATION_CONTEXT() REPRESENTATION_CONTEXT('2D SPACE',''
  ) );
#8312 = ORIENTED_EDGE('',*,*,#8170,.F.);
#8313 = ADVANCED_FACE('',(#8314),#8129,.T.);
#8314 = FACE_BOUND('',#8315,.T.);
#8315 = EDGE_LOOP('',(#8316,#8337,#8338,#8359));
#8316 = ORIENTED_EDGE('',*,*,#8317,.F.);
#8317 = EDGE_CURVE('',#8086,#8201,#8318,.T.);
#8318 = SURFACE_CURVE('',#8319,(#8323,#8330),.PCURVE_S1.);
#8319 = LINE('',#8320,#8321);
#8320 = CARTESIAN_POINT('',(620.,-155.,772.02317733764));
#8321 = VECTOR('',#8322,1.);
#8322 = DIRECTION('',(1.,0.,0.));
#8323 = PCURVE('',#8129,#8324);
#8324 = DEFINITIONAL_REPRESENTATION('',(#8325),#8329);
#8325 = LINE('',#8326,#8327);
#8326 = CARTESIAN_POINT('',(0.,0.));
#8327 = VECTOR('',#8328,1.);
#8328 = DIRECTION('',(0.,1.));
#8329 = ( GEOMETRIC_REPRESENTATION_CONTEXT(2) 
PARAMETRIC_REPRESENTATION_CONTEXT() REPRESENTATION_CONTEXT('2D SPACE',''
  ) );
#8330 = PCURVE('',#8101,#8331);
#8331 = DEFINITIONAL_REPRESENTATION('',(#8332),#8336);
#8332 = LINE('',#8333,#8334);
#8333 = CARTESIAN_POINT('',(0.,90.));
#8334 = VECTOR('',#8335,1.);
#8335 = DIRECTION('',(1.,0.));
#8336 = ( GEOMETRIC_REPRESENTATION_CONTEXT(2) 
PARAMETRIC_REPRESENTATION_CONTEXT() REPRESENTATION_CONTEXT('2D SPACE',''
  ) );
#8337 = ORIENTED_EDGE('',*,*,#8113,.T.);
#8338 = ORIENTED_EDGE('',*,*,#8339,.T.);
#8339 = EDGE_CURVE('',#8114,#8224,#8340,.T.);
#8340 = SURFACE_CURVE('',#8341,(#8345,#8352),.PCURVE_S1.);
#8341 = LINE('',#8342,#8343);
#8342 = CARTESIAN_POINT('',(620.,-155.,862.02317733764));
#8343 = VECTOR('',#8344,1.);
#8344 = DIRECTION('',(1.,0.,0.));
#8345 = PCURVE('',#8129,#8346);
#8346 = DEFINITIONAL_REPRESENTATION('',(#8347),#8351);
#8347 = LINE('',#8348,#8349);
#8348 = CARTESIAN_POINT('',(90.,0.));
#8349 = VECTOR('',#8350,1.);
#8350 = DIRECTION('',(0.,1.));
#8351 = ( GEOMETRIC_REPRESENTATION_CONTEXT(2) 
PARAMETRIC_REPRESENTATION_CONTEXT() REPRESENTATION_CONTEXT('2D SPACE',''
  ) );
#8352 = PCURVE('',#8155,#8353);
#8353 = DEFINITIONAL_REPRESENTATION('',(#8354),#8358);
#8354 = LINE('',#8355,#8356);
#8355 = CARTESIAN_POINT('',(0.,90.));
#8356 = VECTOR('',#8357,1.);
#8357 = DIRECTION('',(1.,0.));
#8358 = ( GEOMETRIC_REPRESENTATION_CONTEXT(2) 
PARAMETRIC_REPRESENTATION_CONTEXT() REPRESENTATION_CONTEXT('2D SPACE',''
  ) );
#8359 = ORIENTED_EDGE('',*,*,#8223,.F.);
#8360 = ADVANCED_FACE('',(#8361),#8101,.F.);
#8361 = FACE_BOUND('',#8362,.F.);
#8362 = EDGE_LOOP('',(#8363,#8364,#8365,#8366));
#8363 = ORIENTED_EDGE('',*,*,#8085,.F.);
#8364 = ORIENTED_EDGE('',*,*,#8270,.T.);
#8365 = ORIENTED_EDGE('',*,*,#8200,.T.);
#8366 = ORIENTED_EDGE('',*,*,#8317,.F.);
#8367 = ADVANCED_FACE('',(#8368),#8155,.T.);
#8368 = FACE_BOUND('',#8369,.T.);
#8369 = EDGE_LOOP('',(#8370,#8371,#8372,#8373));
#8370 = ORIENTED_EDGE('',*,*,#8141,.F.);
#8371 = ORIENTED_EDGE('',*,*,#8292,.T.);
#8372 = ORIENTED_EDGE('',*,*,#8246,.T.);
#8373 = ORIENTED_EDGE('',*,*,#8339,.F.);
#8374 = ( GEOMETRIC_REPRESENTATION_CONTEXT(3) 
GLOBAL_UNCERTAINTY_ASSIGNED_CONTEXT((#8378)) 
GLOBAL_UNIT_ASSIGNED_CONTEXT((#8375,#8376,#8377)) REPRESENTATION_CONTEXT
('Context #1','3D Context with UNIT and UNCERTAINTY') );
#8375 = ( LENGTH_UNIT() NAMED_UNIT(*) SI_UNIT(.MILLI.,.METRE.) );
#8376 = ( NAMED_UNIT(*) PLANE_ANGLE_UNIT() SI_UNIT($,.RADIAN.) );
#8377 = ( NAMED_UNIT(*) SI_UNIT($,.STERADIAN.) SOLID_ANGLE_UNIT() );
#8378 = UNCERTAINTY_MEASURE_WITH_UNIT(LENGTH_MEASURE(1.E-07),#8375,
  'distance_accuracy_value','confusion accuracy');
#8379 = CONTEXT_DEPENDENT_SHAPE_REPRESENTATION(#8380,#8382);
#8380 = ( REPRESENTATION_RELATIONSHIP('','',#8043,#10) 
REPRESENTATION_RELATIONSHIP_WITH_TRANSFORMATION(#8381) 
SHAPE_REPRESENTATION_RELATIONSHIP() );
#8381 = ITEM_DEFINED_TRANSFORMATION('','',#11,#107);
#8382 = PRODUCT_DEFINITION_SHAPE('Placement','Placement of an item',
  #8383);
#8383 = NEXT_ASSEMBLY_USAGE_OCCURRENCE('24','POWERTRAIN_LV/estop','',#5,
  #8038,$);
#8384 = PRODUCT_RELATED_PRODUCT_CATEGORY('part',$,(#8040));
#8385 = SHAPE_DEFINITION_REPRESENTATION(#8386,#8392);
#8386 = PRODUCT_DEFINITION_SHAPE('','',#8387);
#8387 = PRODUCT_DEFINITION('design','',#8388,#8391);
#8388 = PRODUCT_DEFINITION_FORMATION('','',#8389);
#8389 = PRODUCT('STRUCTURE/bulkhead','STRUCTURE/bulkhead','',(#8390));
#8390 = PRODUCT_CONTEXT('',#2,'mechanical');
#8391 = PRODUCT_DEFINITION_CONTEXT('part definition',#2,'design');
#8392 = ADVANCED_BREP_SHAPE_REPRESENTATION('',(#11,#8393),#8723);
#8393 = MANIFOLD_SOLID_BREP('',#8394);
#8394 = CLOSED_SHELL('',(#8395,#8515,#8615,#8662,#8709,#8716));
#8395 = ADVANCED_FACE('',(#8396),#8410,.F.);
#8396 = FACE_BOUND('',#8397,.F.);
#8397 = EDGE_LOOP('',(#8398,#8433,#8461,#8489));
#8398 = ORIENTED_EDGE('',*,*,#8399,.F.);
#8399 = EDGE_CURVE('',#8400,#8402,#8404,.T.);
#8400 = VERTEX_POINT('',#8401);
#8401 = CARTESIAN_POINT('',(294.,-315.,633.));
#8402 = VERTEX_POINT('',#8403);
#8403 = CARTESIAN_POINT('',(294.,-315.,1.013E+03));
#8404 = SURFACE_CURVE('',#8405,(#8409,#8421),.PCURVE_S1.);
#8405 = LINE('',#8406,#8407);
#8406 = CARTESIAN_POINT('',(294.,-315.,633.));
#8407 = VECTOR('',#8408,1.);
#8408 = DIRECTION('',(0.,0.,1.));
#8409 = PCURVE('',#8410,#8415);
#8410 = PLANE('',#8411);
#8411 = AXIS2_PLACEMENT_3D('',#8412,#8413,#8414);
#8412 = CARTESIAN_POINT('',(294.,-315.,633.));
#8413 = DIRECTION('',(1.,0.,0.));
#8414 = DIRECTION('',(0.,0.,1.));
#8415 = DEFINITIONAL_REPRESENTATION('',(#8416),#8420);
#8416 = LINE('',#8417,#8418);
#8417 = CARTESIAN_POINT('',(0.,0.));
#8418 = VECTOR('',#8419,1.);
#8419 = DIRECTION('',(1.,0.));
#8420 = ( GEOMETRIC_REPRESENTATION_CONTEXT(2) 
PARAMETRIC_REPRESENTATION_CONTEXT() REPRESENTATION_CONTEXT('2D SPACE',''
  ) );
#8421 = PCURVE('',#8422,#8427);
#8422 = PLANE('',#8423);
#8423 = AXIS2_PLACEMENT_3D('',#8424,#8425,#8426);
#8424 = CARTESIAN_POINT('',(294.,-315.,633.));
#8425 = DIRECTION('',(0.,1.,0.));
#8426 = DIRECTION('',(0.,0.,1.));
#8427 = DEFINITIONAL_REPRESENTATION('',(#8428),#8432);
#8428 = LINE('',#8429,#8430);
#8429 = CARTESIAN_POINT('',(0.,0.));
#8430 = VECTOR('',#8431,1.);
#8431 = DIRECTION('',(1.,0.));
#8432 = ( GEOMETRIC_REPRESENTATION_CONTEXT(2) 
PARAMETRIC_REPRESENTATION_CONTEXT() REPRESENTATION_CONTEXT('2D SPACE',''
  ) );
#8433 = ORIENTED_EDGE('',*,*,#8434,.T.);
#8434 = EDGE_CURVE('',#8400,#8435,#8437,.T.);
#8435 = VERTEX_POINT('',#8436);
#8436 = CARTESIAN_POINT('',(294.,315.,633.));
#8437 = SURFACE_CURVE('',#8438,(#8442,#8449),.PCURVE_S1.);
#8438 = LINE('',#8439,#8440);
#8439 = CARTESIAN_POINT('',(294.,-315.,633.));
#8440 = VECTOR('',#8441,1.);
#8441 = DIRECTION('',(0.,1.,0.));
#8442 = PCURVE('',#8410,#8443);
#8443 = DEFINITIONAL_REPRESENTATION('',(#8444),#8448);
#8444 = LINE('',#8445,#8446);
#8445 = CARTESIAN_POINT('',(0.,0.));
#8446 = VECTOR('',#8447,1.);
#8447 = DIRECTION('',(0.,-1.));
#8448 = ( GEOMETRIC_REPRESENTATION_CONTEXT(2) 
PARAMETRIC_REPRESENTATION_CONTEXT() REPRESENTATION_CONTEXT('2D SPACE',''
  ) );
#8449 = PCURVE('',#8450,#8455);
#8450 = PLANE('',#8451);
#8451 = AXIS2_PLACEMENT_3D('',#8452,#8453,#8454);
#8452 = CARTESIAN_POINT('',(294.,-315.,633.));
#8453 = DIRECTION('',(0.,0.,1.));
#8454 = DIRECTION('',(1.,0.,0.));
#8455 = DEFINITIONAL_REPRESENTATION('',(#8456),#8460);
#8456 = LINE('',#8457,#8458);
#8457 = CARTESIAN_POINT('',(0.,0.));
#8458 = VECTOR('',#8459,1.);
#8459 = DIRECTION('',(0.,1.));
#8460 = ( GEOMETRIC_REPRESENTATION_CONTEXT(2) 
PARAMETRIC_REPRESENTATION_CONTEXT() REPRESENTATION_CONTEXT('2D SPACE',''
  ) );
#8461 = ORIENTED_EDGE('',*,*,#8462,.T.);
#8462 = EDGE_CURVE('',#8435,#8463,#8465,.T.);
#8463 = VERTEX_POINT('',#8464);
#8464 = CARTESIAN_POINT('',(294.,315.,1.013E+03));
#8465 = SURFACE_CURVE('',#8466,(#8470,#8477),.PCURVE_S1.);
#8466 = LINE('',#8467,#8468);
#8467 = CARTESIAN_POINT('',(294.,315.,633.));
#8468 = VECTOR('',#8469,1.);
#8469 = DIRECTION('',(0.,0.,1.));
#8470 = PCURVE('',#8410,#8471);
#8471 = DEFINITIONAL_REPRESENTATION('',(#8472),#8476);
#8472 = LINE('',#8473,#8474);
#8473 = CARTESIAN_POINT('',(0.,-630.));
#8474 = VECTOR('',#8475,1.);
#8475 = DIRECTION('',(1.,0.));
#8476 = ( GEOMETRIC_REPRESENTATION_CONTEXT(2) 
PARAMETRIC_REPRESENTATION_CONTEXT() REPRESENTATION_CONTEXT('2D SPACE',''
  ) );
#8477 = PCURVE('',#8478,#8483);
#8478 = PLANE('',#8479);
#8479 = AXIS2_PLACEMENT_3D('',#8480,#8481,#8482);
#8480 = CARTESIAN_POINT('',(294.,315.,633.));
#8481 = DIRECTION('',(0.,1.,0.));
#8482 = DIRECTION('',(0.,0.,1.));
#8483 = DEFINITIONAL_REPRESENTATION('',(#8484),#8488);
#8484 = LINE('',#8485,#8486);
#8485 = CARTESIAN_POINT('',(0.,0.));
#8486 = VECTOR('',#8487,1.);
#8487 = DIRECTION('',(1.,0.));
#8488 = ( GEOMETRIC_REPRESENTATION_CONTEXT(2) 
PARAMETRIC_REPRESENTATION_CONTEXT() REPRESENTATION_CONTEXT('2D SPACE',''
  ) );
#8489 = ORIENTED_EDGE('',*,*,#8490,.F.);
#8490 = EDGE_CURVE('',#8402,#8463,#8491,.T.);
#8491 = SURFACE_CURVE('',#8492,(#8496,#8503),.PCURVE_S1.);
#8492 = LINE('',#8493,#8494);
#8493 = CARTESIAN_POINT('',(294.,-315.,1.013E+03));
#8494 = VECTOR('',#8495,1.);
#8495 = DIRECTION('',(0.,1.,0.));
#8496 = PCURVE('',#8410,#8497);
#8497 = DEFINITIONAL_REPRESENTATION('',(#8498),#8502);
#8498 = LINE('',#8499,#8500);
#8499 = CARTESIAN_POINT('',(380.,0.));
#8500 = VECTOR('',#8501,1.);
#8501 = DIRECTION('',(0.,-1.));
#8502 = ( GEOMETRIC_REPRESENTATION_CONTEXT(2) 
PARAMETRIC_REPRESENTATION_CONTEXT() REPRESENTATION_CONTEXT('2D SPACE',''
  ) );
#8503 = PCURVE('',#8504,#8509);
#8504 = PLANE('',#8505);
#8505 = AXIS2_PLACEMENT_3D('',#8506,#8507,#8508);
#8506 = CARTESIAN_POINT('',(294.,-315.,1.013E+03));
#8507 = DIRECTION('',(0.,0.,1.));
#8508 = DIRECTION('',(1.,0.,0.));
#8509 = DEFINITIONAL_REPRESENTATION('',(#8510),#8514);
#8510 = LINE('',#8511,#8512);
#8511 = CARTESIAN_POINT('',(0.,0.));
#8512 = VECTOR('',#8513,1.);
#8513 = DIRECTION('',(0.,1.));
#8514 = ( GEOMETRIC_REPRESENTATION_CONTEXT(2) 
PARAMETRIC_REPRESENTATION_CONTEXT() REPRESENTATION_CONTEXT('2D SPACE',''
  ) );
#8515 = ADVANCED_FACE('',(#8516),#8530,.T.);
#8516 = FACE_BOUND('',#8517,.T.);
#8517 = EDGE_LOOP('',(#8518,#8548,#8571,#8594));
#8518 = ORIENTED_EDGE('',*,*,#8519,.F.);
#8519 = EDGE_CURVE('',#8520,#8522,#8524,.T.);
#8520 = VERTEX_POINT('',#8521);
#8521 = CARTESIAN_POINT('',(306.,-315.,633.));
#8522 = VERTEX_POINT('',#8523);
#8523 = CARTESIAN_POINT('',(306.,-315.,1.013E+03));
#8524 = SURFACE_CURVE('',#8525,(#8529,#8541),.PCURVE_S1.);
#8525 = LINE('',#8526,#8527);
#8526 = CARTESIAN_POINT('',(306.,-315.,633.));
#8527 = VECTOR('',#8528,1.);
#8528 = DIRECTION('',(0.,0.,1.));
#8529 = PCURVE('',#8530,#8535);
#8530 = PLANE('',#8531);
#8531 = AXIS2_PLACEMENT_3D('',#8532,#8533,#8534);
#8532 = CARTESIAN_POINT('',(306.,-315.,633.));
#8533 = DIRECTION('',(1.,0.,0.));
#8534 = DIRECTION('',(0.,0.,1.));
#8535 = DEFINITIONAL_REPRESENTATION('',(#8536),#8540);
#8536 = LINE('',#8537,#8538);
#8537 = CARTESIAN_POINT('',(0.,0.));
#8538 = VECTOR('',#8539,1.);
#8539 = DIRECTION('',(1.,0.));
#8540 = ( GEOMETRIC_REPRESENTATION_CONTEXT(2) 
PARAMETRIC_REPRESENTATION_CONTEXT() REPRESENTATION_CONTEXT('2D SPACE',''
  ) );
#8541 = PCURVE('',#8422,#8542);
#8542 = DEFINITIONAL_REPRESENTATION('',(#8543),#8547);
#8543 = LINE('',#8544,#8545);
#8544 = CARTESIAN_POINT('',(0.,12.));
#8545 = VECTOR('',#8546,1.);
#8546 = DIRECTION('',(1.,0.));
#8547 = ( GEOMETRIC_REPRESENTATION_CONTEXT(2) 
PARAMETRIC_REPRESENTATION_CONTEXT() REPRESENTATION_CONTEXT('2D SPACE',''
  ) );
#8548 = ORIENTED_EDGE('',*,*,#8549,.T.);
#8549 = EDGE_CURVE('',#8520,#8550,#8552,.T.);
#8550 = VERTEX_POINT('',#8551);
#8551 = CARTESIAN_POINT('',(306.,315.,633.));
#8552 = SURFACE_CURVE('',#8553,(#8557,#8564),.PCURVE_S1.);
#8553 = LINE('',#8554,#8555);
#8554 = CARTESIAN_POINT('',(306.,-315.,633.));
#8555 = VECTOR('',#8556,1.);
#8556 = DIRECTION('',(0.,1.,0.));
#8557 = PCURVE('',#8530,#8558);
#8558 = DEFINITIONAL_REPRESENTATION('',(#8559),#8563);
#8559 = LINE('',#8560,#8561);
#8560 = CARTESIAN_POINT('',(0.,0.));
#8561 = VECTOR('',#8562,1.);
#8562 = DIRECTION('',(0.,-1.));
#8563 = ( GEOMETRIC_REPRESENTATION_CONTEXT(2) 
PARAMETRIC_REPRESENTATION_CONTEXT() REPRESENTATION_CONTEXT('2D SPACE',''
  ) );
#8564 = PCURVE('',#8450,#8565);
#8565 = DEFINITIONAL_REPRESENTATION('',(#8566),#8570);
#8566 = LINE('',#8567,#8568);
#8567 = CARTESIAN_POINT('',(12.,0.));
#8568 = VECTOR('',#8569,1.);
#8569 = DIRECTION('',(0.,1.));
#8570 = ( GEOMETRIC_REPRESENTATION_CONTEXT(2) 
PARAMETRIC_REPRESENTATION_CONTEXT() REPRESENTATION_CONTEXT('2D SPACE',''
  ) );
#8571 = ORIENTED_EDGE('',*,*,#8572,.T.);
#8572 = EDGE_CURVE('',#8550,#8573,#8575,.T.);
#8573 = VERTEX_POINT('',#8574);
#8574 = CARTESIAN_POINT('',(306.,315.,1.013E+03));
#8575 = SURFACE_CURVE('',#8576,(#8580,#8587),.PCURVE_S1.);
#8576 = LINE('',#8577,#8578);
#8577 = CARTESIAN_POINT('',(306.,315.,633.));
#8578 = VECTOR('',#8579,1.);
#8579 = DIRECTION('',(0.,0.,1.));
#8580 = PCURVE('',#8530,#8581);
#8581 = DEFINITIONAL_REPRESENTATION('',(#8582),#8586);
#8582 = LINE('',#8583,#8584);
#8583 = CARTESIAN_POINT('',(0.,-630.));
#8584 = VECTOR('',#8585,1.);
#8585 = DIRECTION('',(1.,0.));
#8586 = ( GEOMETRIC_REPRESENTATION_CONTEXT(2) 
PARAMETRIC_REPRESENTATION_CONTEXT() REPRESENTATION_CONTEXT('2D SPACE',''
  ) );
#8587 = PCURVE('',#8478,#8588);
#8588 = DEFINITIONAL_REPRESENTATION('',(#8589),#8593);
#8589 = LINE('',#8590,#8591);
#8590 = CARTESIAN_POINT('',(0.,12.));
#8591 = VECTOR('',#8592,1.);
#8592 = DIRECTION('',(1.,0.));
#8593 = ( GEOMETRIC_REPRESENTATION_CONTEXT(2) 
PARAMETRIC_REPRESENTATION_CONTEXT() REPRESENTATION_CONTEXT('2D SPACE',''
  ) );
#8594 = ORIENTED_EDGE('',*,*,#8595,.F.);
#8595 = EDGE_CURVE('',#8522,#8573,#8596,.T.);
#8596 = SURFACE_CURVE('',#8597,(#8601,#8608),.PCURVE_S1.);
#8597 = LINE('',#8598,#8599);
#8598 = CARTESIAN_POINT('',(306.,-315.,1.013E+03));
#8599 = VECTOR('',#8600,1.);
#8600 = DIRECTION('',(0.,1.,0.));
#8601 = PCURVE('',#8530,#8602);
#8602 = DEFINITIONAL_REPRESENTATION('',(#8603),#8607);
#8603 = LINE('',#8604,#8605);
#8604 = CARTESIAN_POINT('',(380.,0.));
#8605 = VECTOR('',#8606,1.);
#8606 = DIRECTION('',(0.,-1.));
#8607 = ( GEOMETRIC_REPRESENTATION_CONTEXT(2) 
PARAMETRIC_REPRESENTATION_CONTEXT() REPRESENTATION_CONTEXT('2D SPACE',''
  ) );
#8608 = PCURVE('',#8504,#8609);
#8609 = DEFINITIONAL_REPRESENTATION('',(#8610),#8614);
#8610 = LINE('',#8611,#8612);
#8611 = CARTESIAN_POINT('',(12.,0.));
#8612 = VECTOR('',#8613,1.);
#8613 = DIRECTION('',(0.,1.));
#8614 = ( GEOMETRIC_REPRESENTATION_CONTEXT(2) 
PARAMETRIC_REPRESENTATION_CONTEXT() REPRESENTATION_CONTEXT('2D SPACE',''
  ) );
#8615 = ADVANCED_FACE('',(#8616),#8422,.F.);
#8616 = FACE_BOUND('',#8617,.F.);
#8617 = EDGE_LOOP('',(#8618,#8639,#8640,#8661));
#8618 = ORIENTED_EDGE('',*,*,#8619,.F.);
#8619 = EDGE_CURVE('',#8400,#8520,#8620,.T.);
#8620 = SURFACE_CURVE('',#8621,(#8625,#8632),.PCURVE_S1.);
#8621 = LINE('',#8622,#8623);
#8622 = CARTESIAN_POINT('',(294.,-315.,633.));
#8623 = VECTOR('',#8624,1.);
#8624 = DIRECTION('',(1.,0.,0.));
#8625 = PCURVE('',#8422,#8626);
#8626 = DEFINITIONAL_REPRESENTATION('',(#8627),#8631);
#8627 = LINE('',#8628,#8629);
#8628 = CARTESIAN_POINT('',(0.,0.));
#8629 = VECTOR('',#8630,1.);
#8630 = DIRECTION('',(0.,1.));
#8631 = ( GEOMETRIC_REPRESENTATION_CONTEXT(2) 
PARAMETRIC_REPRESENTATION_CONTEXT() REPRESENTATION_CONTEXT('2D SPACE',''
  ) );
#8632 = PCURVE('',#8450,#8633);
#8633 = DEFINITIONAL_REPRESENTATION('',(#8634),#8638);
#8634 = LINE('',#8635,#8636);
#8635 = CARTESIAN_POINT('',(0.,0.));
#8636 = VECTOR('',#8637,1.);
#8637 = DIRECTION('',(1.,0.));
#8638 = ( GEOMETRIC_REPRESENTATION_CONTEXT(2) 
PARAMETRIC_REPRESENTATION_CONTEXT() REPRESENTATION_CONTEXT('2D SPACE',''
  ) );
#8639 = ORIENTED_EDGE('',*,*,#8399,.T.);
#8640 = ORIENTED_EDGE('',*,*,#8641,.T.);
#8641 = EDGE_CURVE('',#8402,#8522,#8642,.T.);
#8642 = SURFACE_CURVE('',#8643,(#8647,#8654),.PCURVE_S1.);
#8643 = LINE('',#8644,#8645);
#8644 = CARTESIAN_POINT('',(294.,-315.,1.013E+03));
#8645 = VECTOR('',#8646,1.);
#8646 = DIRECTION('',(1.,0.,0.));
#8647 = PCURVE('',#8422,#8648);
#8648 = DEFINITIONAL_REPRESENTATION('',(#8649),#8653);
#8649 = LINE('',#8650,#8651);
#8650 = CARTESIAN_POINT('',(380.,0.));
#8651 = VECTOR('',#8652,1.);
#8652 = DIRECTION('',(0.,1.));
#8653 = ( GEOMETRIC_REPRESENTATION_CONTEXT(2) 
PARAMETRIC_REPRESENTATION_CONTEXT() REPRESENTATION_CONTEXT('2D SPACE',''
  ) );
#8654 = PCURVE('',#8504,#8655);
#8655 = DEFINITIONAL_REPRESENTATION('',(#8656),#8660);
#8656 = LINE('',#8657,#8658);
#8657 = CARTESIAN_POINT('',(0.,0.));
#8658 = VECTOR('',#8659,1.);
#8659 = DIRECTION('',(1.,0.));
#8660 = ( GEOMETRIC_REPRESENTATION_CONTEXT(2) 
PARAMETRIC_REPRESENTATION_CONTEXT() REPRESENTATION_CONTEXT('2D SPACE',''
  ) );
#8661 = ORIENTED_EDGE('',*,*,#8519,.F.);
#8662 = ADVANCED_FACE('',(#8663),#8478,.T.);
#8663 = FACE_BOUND('',#8664,.T.);
#8664 = EDGE_LOOP('',(#8665,#8686,#8687,#8708));
#8665 = ORIENTED_EDGE('',*,*,#8666,.F.);
#8666 = EDGE_CURVE('',#8435,#8550,#8667,.T.);
#8667 = SURFACE_CURVE('',#8668,(#8672,#8679),.PCURVE_S1.);
#8668 = LINE('',#8669,#8670);
#8669 = CARTESIAN_POINT('',(294.,315.,633.));
#8670 = VECTOR('',#8671,1.);
#8671 = DIRECTION('',(1.,0.,0.));
#8672 = PCURVE('',#8478,#8673);
#8673 = DEFINITIONAL_REPRESENTATION('',(#8674),#8678);
#8674 = LINE('',#8675,#8676);
#8675 = CARTESIAN_POINT('',(0.,0.));
#8676 = VECTOR('',#8677,1.);
#8677 = DIRECTION('',(0.,1.));
#8678 = ( GEOMETRIC_REPRESENTATION_CONTEXT(2) 
PARAMETRIC_REPRESENTATION_CONTEXT() REPRESENTATION_CONTEXT('2D SPACE',''
  ) );
#8679 = PCURVE('',#8450,#8680);
#8680 = DEFINITIONAL_REPRESENTATION('',(#8681),#8685);
#8681 = LINE('',#8682,#8683);
#8682 = CARTESIAN_POINT('',(0.,630.));
#8683 = VECTOR('',#8684,1.);
#8684 = DIRECTION('',(1.,0.));
#8685 = ( GEOMETRIC_REPRESENTATION_CONTEXT(2) 
PARAMETRIC_REPRESENTATION_CONTEXT() REPRESENTATION_CONTEXT('2D SPACE',''
  ) );
#8686 = ORIENTED_EDGE('',*,*,#8462,.T.);
#8687 = ORIENTED_EDGE('',*,*,#8688,.T.);
#8688 = EDGE_CURVE('',#8463,#8573,#8689,.T.);
#8689 = SURFACE_CURVE('',#8690,(#8694,#8701),.PCURVE_S1.);
#8690 = LINE('',#8691,#8692);
#8691 = CARTESIAN_POINT('',(294.,315.,1.013E+03));
#8692 = VECTOR('',#8693,1.);
#8693 = DIRECTION('',(1.,0.,0.));
#8694 = PCURVE('',#8478,#8695);
#8695 = DEFINITIONAL_REPRESENTATION('',(#8696),#8700);
#8696 = LINE('',#8697,#8698);
#8697 = CARTESIAN_POINT('',(380.,0.));
#8698 = VECTOR('',#8699,1.);
#8699 = DIRECTION('',(0.,1.));
#8700 = ( GEOMETRIC_REPRESENTATION_CONTEXT(2) 
PARAMETRIC_REPRESENTATION_CONTEXT() REPRESENTATION_CONTEXT('2D SPACE',''
  ) );
#8701 = PCURVE('',#8504,#8702);
#8702 = DEFINITIONAL_REPRESENTATION('',(#8703),#8707);
#8703 = LINE('',#8704,#8705);
#8704 = CARTESIAN_POINT('',(0.,630.));
#8705 = VECTOR('',#8706,1.);
#8706 = DIRECTION('',(1.,0.));
#8707 = ( GEOMETRIC_REPRESENTATION_CONTEXT(2) 
PARAMETRIC_REPRESENTATION_CONTEXT() REPRESENTATION_CONTEXT('2D SPACE',''
  ) );
#8708 = ORIENTED_EDGE('',*,*,#8572,.F.);
#8709 = ADVANCED_FACE('',(#8710),#8450,.F.);
#8710 = FACE_BOUND('',#8711,.F.);
#8711 = EDGE_LOOP('',(#8712,#8713,#8714,#8715));
#8712 = ORIENTED_EDGE('',*,*,#8434,.F.);
#8713 = ORIENTED_EDGE('',*,*,#8619,.T.);
#8714 = ORIENTED_EDGE('',*,*,#8549,.T.);
#8715 = ORIENTED_EDGE('',*,*,#8666,.F.);
#8716 = ADVANCED_FACE('',(#8717),#8504,.T.);
#8717 = FACE_BOUND('',#8718,.T.);
#8718 = EDGE_LOOP('',(#8719,#8720,#8721,#8722));
#8719 = ORIENTED_EDGE('',*,*,#8490,.F.);
#8720 = ORIENTED_EDGE('',*,*,#8641,.T.);
#8721 = ORIENTED_EDGE('',*,*,#8595,.T.);
#8722 = ORIENTED_EDGE('',*,*,#8688,.F.);
#8723 = ( GEOMETRIC_REPRESENTATION_CONTEXT(3) 
GLOBAL_UNCERTAINTY_ASSIGNED_CONTEXT((#8727)) 
GLOBAL_UNIT_ASSIGNED_CONTEXT((#8724,#8725,#8726)) REPRESENTATION_CONTEXT
('Context #1','3D Context with UNIT and UNCERTAINTY') );
#8724 = ( LENGTH_UNIT() NAMED_UNIT(*) SI_UNIT(.MILLI.,.METRE.) );
#8725 = ( NAMED_UNIT(*) PLANE_ANGLE_UNIT() SI_UNIT($,.RADIAN.) );
#8726 = ( NAMED_UNIT(*) SI_UNIT($,.STERADIAN.) SOLID_ANGLE_UNIT() );
#8727 = UNCERTAINTY_MEASURE_WITH_UNIT(LENGTH_MEASURE(1.E-07),#8724,
  'distance_accuracy_value','confusion accuracy');
#8728 = CONTEXT_DEPENDENT_SHAPE_REPRESENTATION(#8729,#8731);
#8729 = ( REPRESENTATION_RELATIONSHIP('','',#8392,#10) 
REPRESENTATION_RELATIONSHIP_WITH_TRANSFORMATION(#8730) 
SHAPE_REPRESENTATION_RELATIONSHIP() );
#8730 = ITEM_DEFINED_TRANSFORMATION('','',#11,#111);
#8731 = PRODUCT_DEFINITION_SHAPE('Placement','Placement of an item',
  #8732);
#8732 = NEXT_ASSEMBLY_USAGE_OCCURRENCE('25','STRUCTURE/bulkhead','',#5,
  #8387,$);
#8733 = PRODUCT_RELATED_PRODUCT_CATEGORY('part',$,(#8389));
#8734 = SHAPE_DEFINITION_REPRESENTATION(#8735,#8741);
#8735 = PRODUCT_DEFINITION_SHAPE('','',#8736);
#8736 = PRODUCT_DEFINITION('design','',#8737,#8740);
#8737 = PRODUCT_DEFINITION_FORMATION('','',#8738);
#8738 = PRODUCT('CLASH/monitor_bay','CLASH/monitor_bay','',(#8739));
#8739 = PRODUCT_CONTEXT('',#2,'mechanical');
#8740 = PRODUCT_DEFINITION_CONTEXT('part definition',#2,'design');
#8741 = ADVANCED_BREP_SHAPE_REPRESENTATION('',(#11,#8742),#9072);
#8742 = MANIFOLD_SOLID_BREP('',#8743);
#8743 = CLOSED_SHELL('',(#8744,#8864,#8964,#9011,#9058,#9065));
#8744 = ADVANCED_FACE('',(#8745),#8759,.F.);
#8745 = FACE_BOUND('',#8746,.F.);
#8746 = EDGE_LOOP('',(#8747,#8782,#8810,#8838));
#8747 = ORIENTED_EDGE('',*,*,#8748,.F.);
#8748 = EDGE_CURVE('',#8749,#8751,#8753,.T.);
#8749 = VERTEX_POINT('',#8750);
#8750 = CARTESIAN_POINT('',(200.,-80.,1.075E+03));
#8751 = VERTEX_POINT('',#8752);
#8752 = CARTESIAN_POINT('',(200.,-80.,1.205E+03));
#8753 = SURFACE_CURVE('',#8754,(#8758,#8770),.PCURVE_S1.);
#8754 = LINE('',#8755,#8756);
#8755 = CARTESIAN_POINT('',(200.,-80.,1.075E+03));
#8756 = VECTOR('',#8757,1.);
#8757 = DIRECTION('',(0.,0.,1.));
#8758 = PCURVE('',#8759,#8764);
#8759 = PLANE('',#8760);
#8760 = AXIS2_PLACEMENT_3D('',#8761,#8762,#8763);
#8761 = CARTESIAN_POINT('',(200.,-80.,1.075E+03));
#8762 = DIRECTION('',(1.,0.,0.));
#8763 = DIRECTION('',(0.,0.,1.));
#8764 = DEFINITIONAL_REPRESENTATION('',(#8765),#8769);
#8765 = LINE('',#8766,#8767);
#8766 = CARTESIAN_POINT('',(0.,0.));
#8767 = VECTOR('',#8768,1.);
#8768 = DIRECTION('',(1.,0.));
#8769 = ( GEOMETRIC_REPRESENTATION_CONTEXT(2) 
PARAMETRIC_REPRESENTATION_CONTEXT() REPRESENTATION_CONTEXT('2D SPACE',''
  ) );
#8770 = PCURVE('',#8771,#8776);
#8771 = PLANE('',#8772);
#8772 = AXIS2_PLACEMENT_3D('',#8773,#8774,#8775);
#8773 = CARTESIAN_POINT('',(200.,-80.,1.075E+03));
#8774 = DIRECTION('',(0.,1.,0.));
#8775 = DIRECTION('',(0.,0.,1.));
#8776 = DEFINITIONAL_REPRESENTATION('',(#8777),#8781);
#8777 = LINE('',#8778,#8779);
#8778 = CARTESIAN_POINT('',(0.,0.));
#8779 = VECTOR('',#8780,1.);
#8780 = DIRECTION('',(1.,0.));
#8781 = ( GEOMETRIC_REPRESENTATION_CONTEXT(2) 
PARAMETRIC_REPRESENTATION_CONTEXT() REPRESENTATION_CONTEXT('2D SPACE',''
  ) );
#8782 = ORIENTED_EDGE('',*,*,#8783,.T.);
#8783 = EDGE_CURVE('',#8749,#8784,#8786,.T.);
#8784 = VERTEX_POINT('',#8785);
#8785 = CARTESIAN_POINT('',(200.,80.,1.075E+03));
#8786 = SURFACE_CURVE('',#8787,(#8791,#8798),.PCURVE_S1.);
#8787 = LINE('',#8788,#8789);
#8788 = CARTESIAN_POINT('',(200.,-80.,1.075E+03));
#8789 = VECTOR('',#8790,1.);
#8790 = DIRECTION('',(0.,1.,0.));
#8791 = PCURVE('',#8759,#8792);
#8792 = DEFINITIONAL_REPRESENTATION('',(#8793),#8797);
#8793 = LINE('',#8794,#8795);
#8794 = CARTESIAN_POINT('',(0.,0.));
#8795 = VECTOR('',#8796,1.);
#8796 = DIRECTION('',(0.,-1.));
#8797 = ( GEOMETRIC_REPRESENTATION_CONTEXT(2) 
PARAMETRIC_REPRESENTATION_CONTEXT() REPRESENTATION_CONTEXT('2D SPACE',''
  ) );
#8798 = PCURVE('',#8799,#8804);
#8799 = PLANE('',#8800);
#8800 = AXIS2_PLACEMENT_3D('',#8801,#8802,#8803);
#8801 = CARTESIAN_POINT('',(200.,-80.,1.075E+03));
#8802 = DIRECTION('',(0.,0.,1.));
#8803 = DIRECTION('',(1.,0.,0.));
#8804 = DEFINITIONAL_REPRESENTATION('',(#8805),#8809);
#8805 = LINE('',#8806,#8807);
#8806 = CARTESIAN_POINT('',(0.,0.));
#8807 = VECTOR('',#8808,1.);
#8808 = DIRECTION('',(0.,1.));
#8809 = ( GEOMETRIC_REPRESENTATION_CONTEXT(2) 
PARAMETRIC_REPRESENTATION_CONTEXT() REPRESENTATION_CONTEXT('2D SPACE',''
  ) );
#8810 = ORIENTED_EDGE('',*,*,#8811,.T.);
#8811 = EDGE_CURVE('',#8784,#8812,#8814,.T.);
#8812 = VERTEX_POINT('',#8813);
#8813 = CARTESIAN_POINT('',(200.,80.,1.205E+03));
#8814 = SURFACE_CURVE('',#8815,(#8819,#8826),.PCURVE_S1.);
#8815 = LINE('',#8816,#8817);
#8816 = CARTESIAN_POINT('',(200.,80.,1.075E+03));
#8817 = VECTOR('',#8818,1.);
#8818 = DIRECTION('',(0.,0.,1.));
#8819 = PCURVE('',#8759,#8820);
#8820 = DEFINITIONAL_REPRESENTATION('',(#8821),#8825);
#8821 = LINE('',#8822,#8823);
#8822 = CARTESIAN_POINT('',(0.,-160.));
#8823 = VECTOR('',#8824,1.);
#8824 = DIRECTION('',(1.,0.));
#8825 = ( GEOMETRIC_REPRESENTATION_CONTEXT(2) 
PARAMETRIC_REPRESENTATION_CONTEXT() REPRESENTATION_CONTEXT('2D SPACE',''
  ) );
#8826 = PCURVE('',#8827,#8832);
#8827 = PLANE('',#8828);
#8828 = AXIS2_PLACEMENT_3D('',#8829,#8830,#8831);
#8829 = CARTESIAN_POINT('',(200.,80.,1.075E+03));
#8830 = DIRECTION('',(0.,1.,0.));
#8831 = DIRECTION('',(0.,0.,1.));
#8832 = DEFINITIONAL_REPRESENTATION('',(#8833),#8837);
#8833 = LINE('',#8834,#8835);
#8834 = CARTESIAN_POINT('',(0.,0.));
#8835 = VECTOR('',#8836,1.);
#8836 = DIRECTION('',(1.,0.));
#8837 = ( GEOMETRIC_REPRESENTATION_CONTEXT(2) 
PARAMETRIC_REPRESENTATION_CONTEXT() REPRESENTATION_CONTEXT('2D SPACE',''
  ) );
#8838 = ORIENTED_EDGE('',*,*,#8839,.F.);
#8839 = EDGE_CURVE('',#8751,#8812,#8840,.T.);
#8840 = SURFACE_CURVE('',#8841,(#8845,#8852),.PCURVE_S1.);
#8841 = LINE('',#8842,#8843);
#8842 = CARTESIAN_POINT('',(200.,-80.,1.205E+03));
#8843 = VECTOR('',#8844,1.);
#8844 = DIRECTION('',(0.,1.,0.));
#8845 = PCURVE('',#8759,#8846);
#8846 = DEFINITIONAL_REPRESENTATION('',(#8847),#8851);
#8847 = LINE('',#8848,#8849);
#8848 = CARTESIAN_POINT('',(130.,0.));
#8849 = VECTOR('',#8850,1.);
#8850 = DIRECTION('',(0.,-1.));
#8851 = ( GEOMETRIC_REPRESENTATION_CONTEXT(2) 
PARAMETRIC_REPRESENTATION_CONTEXT() REPRESENTATION_CONTEXT('2D SPACE',''
  ) );
#8852 = PCURVE('',#8853,#8858);
#8853 = PLANE('',#8854);
#8854 = AXIS2_PLACEMENT_3D('',#8855,#8856,#8857);
#8855 = CARTESIAN_POINT('',(200.,-80.,1.205E+03));
#8856 = DIRECTION('',(0.,0.,1.));
#8857 = DIRECTION('',(1.,0.,0.));
#8858 = DEFINITIONAL_REPRESENTATION('',(#8859),#8863);
#8859 = LINE('',#8860,#8861);
#8860 = CARTESIAN_POINT('',(0.,0.));
#8861 = VECTOR('',#8862,1.);
#8862 = DIRECTION('',(0.,1.));
#8863 = ( GEOMETRIC_REPRESENTATION_CONTEXT(2) 
PARAMETRIC_REPRESENTATION_CONTEXT() REPRESENTATION_CONTEXT('2D SPACE',''
  ) );
#8864 = ADVANCED_FACE('',(#8865),#8879,.T.);
#8865 = FACE_BOUND('',#8866,.T.);
#8866 = EDGE_LOOP('',(#8867,#8897,#8920,#8943));
#8867 = ORIENTED_EDGE('',*,*,#8868,.F.);
#8868 = EDGE_CURVE('',#8869,#8871,#8873,.T.);
#8869 = VERTEX_POINT('',#8870);
#8870 = CARTESIAN_POINT('',(400.,-80.,1.075E+03));
#8871 = VERTEX_POINT('',#8872);
#8872 = CARTESIAN_POINT('',(400.,-80.,1.205E+03));
#8873 = SURFACE_CURVE('',#8874,(#8878,#8890),.PCURVE_S1.);
#8874 = LINE('',#8875,#8876);
#8875 = CARTESIAN_POINT('',(400.,-80.,1.075E+03));
#8876 = VECTOR('',#8877,1.);
#8877 = DIRECTION('',(0.,0.,1.));
#8878 = PCURVE('',#8879,#8884);
#8879 = PLANE('',#8880);
#8880 = AXIS2_PLACEMENT_3D('',#8881,#8882,#8883);
#8881 = CARTESIAN_POINT('',(400.,-80.,1.075E+03));
#8882 = DIRECTION('',(1.,0.,0.));
#8883 = DIRECTION('',(0.,0.,1.));
#8884 = DEFINITIONAL_REPRESENTATION('',(#8885),#8889);
#8885 = LINE('',#8886,#8887);
#8886 = CARTESIAN_POINT('',(0.,0.));
#8887 = VECTOR('',#8888,1.);
#8888 = DIRECTION('',(1.,0.));
#8889 = ( GEOMETRIC_REPRESENTATION_CONTEXT(2) 
PARAMETRIC_REPRESENTATION_CONTEXT() REPRESENTATION_CONTEXT('2D SPACE',''
  ) );
#8890 = PCURVE('',#8771,#8891);
#8891 = DEFINITIONAL_REPRESENTATION('',(#8892),#8896);
#8892 = LINE('',#8893,#8894);
#8893 = CARTESIAN_POINT('',(0.,200.));
#8894 = VECTOR('',#8895,1.);
#8895 = DIRECTION('',(1.,0.));
#8896 = ( GEOMETRIC_REPRESENTATION_CONTEXT(2) 
PARAMETRIC_REPRESENTATION_CONTEXT() REPRESENTATION_CONTEXT('2D SPACE',''
  ) );
#8897 = ORIENTED_EDGE('',*,*,#8898,.T.);
#8898 = EDGE_CURVE('',#8869,#8899,#8901,.T.);
#8899 = VERTEX_POINT('',#8900);
#8900 = CARTESIAN_POINT('',(400.,80.,1.075E+03));
#8901 = SURFACE_CURVE('',#8902,(#8906,#8913),.PCURVE_S1.);
#8902 = LINE('',#8903,#8904);
#8903 = CARTESIAN_POINT('',(400.,-80.,1.075E+03));
#8904 = VECTOR('',#8905,1.);
#8905 = DIRECTION('',(0.,1.,0.));
#8906 = PCURVE('',#8879,#8907);
#8907 = DEFINITIONAL_REPRESENTATION('',(#8908),#8912);
#8908 = LINE('',#8909,#8910);
#8909 = CARTESIAN_POINT('',(0.,0.));
#8910 = VECTOR('',#8911,1.);
#8911 = DIRECTION('',(0.,-1.));
#8912 = ( GEOMETRIC_REPRESENTATION_CONTEXT(2) 
PARAMETRIC_REPRESENTATION_CONTEXT() REPRESENTATION_CONTEXT('2D SPACE',''
  ) );
#8913 = PCURVE('',#8799,#8914);
#8914 = DEFINITIONAL_REPRESENTATION('',(#8915),#8919);
#8915 = LINE('',#8916,#8917);
#8916 = CARTESIAN_POINT('',(200.,0.));
#8917 = VECTOR('',#8918,1.);
#8918 = DIRECTION('',(0.,1.));
#8919 = ( GEOMETRIC_REPRESENTATION_CONTEXT(2) 
PARAMETRIC_REPRESENTATION_CONTEXT() REPRESENTATION_CONTEXT('2D SPACE',''
  ) );
#8920 = ORIENTED_EDGE('',*,*,#8921,.T.);
#8921 = EDGE_CURVE('',#8899,#8922,#8924,.T.);
#8922 = VERTEX_POINT('',#8923);
#8923 = CARTESIAN_POINT('',(400.,80.,1.205E+03));
#8924 = SURFACE_CURVE('',#8925,(#8929,#8936),.PCURVE_S1.);
#8925 = LINE('',#8926,#8927);
#8926 = CARTESIAN_POINT('',(400.,80.,1.075E+03));
#8927 = VECTOR('',#8928,1.);
#8928 = DIRECTION('',(0.,0.,1.));
#8929 = PCURVE('',#8879,#8930);
#8930 = DEFINITIONAL_REPRESENTATION('',(#8931),#8935);
#8931 = LINE('',#8932,#8933);
#8932 = CARTESIAN_POINT('',(0.,-160.));
#8933 = VECTOR('',#8934,1.);
#8934 = DIRECTION('',(1.,0.));
#8935 = ( GEOMETRIC_REPRESENTATION_CONTEXT(2) 
PARAMETRIC_REPRESENTATION_CONTEXT() REPRESENTATION_CONTEXT('2D SPACE',''
  ) );
#8936 = PCURVE('',#8827,#8937);
#8937 = DEFINITIONAL_REPRESENTATION('',(#8938),#8942);
#8938 = LINE('',#8939,#8940);
#8939 = CARTESIAN_POINT('',(0.,200.));
#8940 = VECTOR('',#8941,1.);
#8941 = DIRECTION('',(1.,0.));
#8942 = ( GEOMETRIC_REPRESENTATION_CONTEXT(2) 
PARAMETRIC_REPRESENTATION_CONTEXT() REPRESENTATION_CONTEXT('2D SPACE',''
  ) );
#8943 = ORIENTED_EDGE('',*,*,#8944,.F.);
#8944 = EDGE_CURVE('',#8871,#8922,#8945,.T.);
#8945 = SURFACE_CURVE('',#8946,(#8950,#8957),.PCURVE_S1.);
#8946 = LINE('',#8947,#8948);
#8947 = CARTESIAN_POINT('',(400.,-80.,1.205E+03));
#8948 = VECTOR('',#8949,1.);
#8949 = DIRECTION('',(0.,1.,0.));
#8950 = PCURVE('',#8879,#8951);
#8951 = DEFINITIONAL_REPRESENTATION('',(#8952),#8956);
#8952 = LINE('',#8953,#8954);
#8953 = CARTESIAN_POINT('',(130.,0.));
#8954 = VECTOR('',#8955,1.);
#8955 = DIRECTION('',(0.,-1.));
#8956 = ( GEOMETRIC_REPRESENTATION_CONTEXT(2) 
PARAMETRIC_REPRESENTATION_CONTEXT() REPRESENTATION_CONTEXT('2D SPACE',''
  ) );
#8957 = PCURVE('',#8853,#8958);
#8958 = DEFINITIONAL_REPRESENTATION('',(#8959),#8963);
#8959 = LINE('',#8960,#8961);
#8960 = CARTESIAN_POINT('',(200.,0.));
#8961 = VECTOR('',#8962,1.);
#8962 = DIRECTION('',(0.,1.));
#8963 = ( GEOMETRIC_REPRESENTATION_CONTEXT(2) 
PARAMETRIC_REPRESENTATION_CONTEXT() REPRESENTATION_CONTEXT('2D SPACE',''
  ) );
#8964 = ADVANCED_FACE('',(#8965),#8771,.F.);
#8965 = FACE_BOUND('',#8966,.F.);
#8966 = EDGE_LOOP('',(#8967,#8988,#8989,#9010));
#8967 = ORIENTED_EDGE('',*,*,#8968,.F.);
#8968 = EDGE_CURVE('',#8749,#8869,#8969,.T.);
#8969 = SURFACE_CURVE('',#8970,(#8974,#8981),.PCURVE_S1.);
#8970 = LINE('',#8971,#8972);
#8971 = CARTESIAN_POINT('',(200.,-80.,1.075E+03));
#8972 = VECTOR('',#8973,1.);
#8973 = DIRECTION('',(1.,0.,0.));
#8974 = PCURVE('',#8771,#8975);
#8975 = DEFINITIONAL_REPRESENTATION('',(#8976),#8980);
#8976 = LINE('',#8977,#8978);
#8977 = CARTESIAN_POINT('',(0.,0.));
#8978 = VECTOR('',#8979,1.);
#8979 = DIRECTION('',(0.,1.));
#8980 = ( GEOMETRIC_REPRESENTATION_CONTEXT(2) 
PARAMETRIC_REPRESENTATION_CONTEXT() REPRESENTATION_CONTEXT('2D SPACE',''
  ) );
#8981 = PCURVE('',#8799,#8982);
#8982 = DEFINITIONAL_REPRESENTATION('',(#8983),#8987);
#8983 = LINE('',#8984,#8985);
#8984 = CARTESIAN_POINT('',(0.,0.));
#8985 = VECTOR('',#8986,1.);
#8986 = DIRECTION('',(1.,0.));
#8987 = ( GEOMETRIC_REPRESENTATION_CONTEXT(2) 
PARAMETRIC_REPRESENTATION_CONTEXT() REPRESENTATION_CONTEXT('2D SPACE',''
  ) );
#8988 = ORIENTED_EDGE('',*,*,#8748,.T.);
#8989 = ORIENTED_EDGE('',*,*,#8990,.T.);
#8990 = EDGE_CURVE('',#8751,#8871,#8991,.T.);
#8991 = SURFACE_CURVE('',#8992,(#8996,#9003),.PCURVE_S1.);
#8992 = LINE('',#8993,#8994);
#8993 = CARTESIAN_POINT('',(200.,-80.,1.205E+03));
#8994 = VECTOR('',#8995,1.);
#8995 = DIRECTION('',(1.,0.,0.));
#8996 = PCURVE('',#8771,#8997);
#8997 = DEFINITIONAL_REPRESENTATION('',(#8998),#9002);
#8998 = LINE('',#8999,#9000);
#8999 = CARTESIAN_POINT('',(130.,0.));
#9000 = VECTOR('',#9001,1.);
#9001 = DIRECTION('',(0.,1.));
#9002 = ( GEOMETRIC_REPRESENTATION_CONTEXT(2) 
PARAMETRIC_REPRESENTATION_CONTEXT() REPRESENTATION_CONTEXT('2D SPACE',''
  ) );
#9003 = PCURVE('',#8853,#9004);
#9004 = DEFINITIONAL_REPRESENTATION('',(#9005),#9009);
#9005 = LINE('',#9006,#9007);
#9006 = CARTESIAN_POINT('',(0.,0.));
#9007 = VECTOR('',#9008,1.);
#9008 = DIRECTION('',(1.,0.));
#9009 = ( GEOMETRIC_REPRESENTATION_CONTEXT(2) 
PARAMETRIC_REPRESENTATION_CONTEXT() REPRESENTATION_CONTEXT('2D SPACE',''
  ) );
#9010 = ORIENTED_EDGE('',*,*,#8868,.F.);
#9011 = ADVANCED_FACE('',(#9012),#8827,.T.);
#9012 = FACE_BOUND('',#9013,.T.);
#9013 = EDGE_LOOP('',(#9014,#9035,#9036,#9057));
#9014 = ORIENTED_EDGE('',*,*,#9015,.F.);
#9015 = EDGE_CURVE('',#8784,#8899,#9016,.T.);
#9016 = SURFACE_CURVE('',#9017,(#9021,#9028),.PCURVE_S1.);
#9017 = LINE('',#9018,#9019);
#9018 = CARTESIAN_POINT('',(200.,80.,1.075E+03));
#9019 = VECTOR('',#9020,1.);
#9020 = DIRECTION('',(1.,0.,0.));
#9021 = PCURVE('',#8827,#9022);
#9022 = DEFINITIONAL_REPRESENTATION('',(#9023),#9027);
#9023 = LINE('',#9024,#9025);
#9024 = CARTESIAN_POINT('',(0.,0.));
#9025 = VECTOR('',#9026,1.);
#9026 = DIRECTION('',(0.,1.));
#9027 = ( GEOMETRIC_REPRESENTATION_CONTEXT(2) 
PARAMETRIC_REPRESENTATION_CONTEXT() REPRESENTATION_CONTEXT('2D SPACE',''
  ) );
#9028 = PCURVE('',#8799,#9029);
#9029 = DEFINITIONAL_REPRESENTATION('',(#9030),#9034);
#9030 = LINE('',#9031,#9032);
#9031 = CARTESIAN_POINT('',(0.,160.));
#9032 = VECTOR('',#9033,1.);
#9033 = DIRECTION('',(1.,0.));
#9034 = ( GEOMETRIC_REPRESENTATION_CONTEXT(2) 
PARAMETRIC_REPRESENTATION_CONTEXT() REPRESENTATION_CONTEXT('2D SPACE',''
  ) );
#9035 = ORIENTED_EDGE('',*,*,#8811,.T.);
#9036 = ORIENTED_EDGE('',*,*,#9037,.T.);
#9037 = EDGE_CURVE('',#8812,#8922,#9038,.T.);
#9038 = SURFACE_CURVE('',#9039,(#9043,#9050),.PCURVE_S1.);
#9039 = LINE('',#9040,#9041);
#9040 = CARTESIAN_POINT('',(200.,80.,1.205E+03));
#9041 = VECTOR('',#9042,1.);
#9042 = DIRECTION('',(1.,0.,0.));
#9043 = PCURVE('',#8827,#9044);
#9044 = DEFINITIONAL_REPRESENTATION('',(#9045),#9049);
#9045 = LINE('',#9046,#9047);
#9046 = CARTESIAN_POINT('',(130.,0.));
#9047 = VECTOR('',#9048,1.);
#9048 = DIRECTION('',(0.,1.));
#9049 = ( GEOMETRIC_REPRESENTATION_CONTEXT(2) 
PARAMETRIC_REPRESENTATION_CONTEXT() REPRESENTATION_CONTEXT('2D SPACE',''
  ) );
#9050 = PCURVE('',#8853,#9051);
#9051 = DEFINITIONAL_REPRESENTATION('',(#9052),#9056);
#9052 = LINE('',#9053,#9054);
#9053 = CARTESIAN_POINT('',(0.,160.));
#9054 = VECTOR('',#9055,1.);
#9055 = DIRECTION('',(1.,0.));
#9056 = ( GEOMETRIC_REPRESENTATION_CONTEXT(2) 
PARAMETRIC_REPRESENTATION_CONTEXT() REPRESENTATION_CONTEXT('2D SPACE',''
  ) );
#9057 = ORIENTED_EDGE('',*,*,#8921,.F.);
#9058 = ADVANCED_FACE('',(#9059),#8799,.F.);
#9059 = FACE_BOUND('',#9060,.F.);
#9060 = EDGE_LOOP('',(#9061,#9062,#9063,#9064));
#9061 = ORIENTED_EDGE('',*,*,#8783,.F.);
#9062 = ORIENTED_EDGE('',*,*,#8968,.T.);
#9063 = ORIENTED_EDGE('',*,*,#8898,.T.);
#9064 = ORIENTED_EDGE('',*,*,#9015,.F.);
#9065 = ADVANCED_FACE('',(#9066),#8853,.T.);
#9066 = FACE_BOUND('',#9067,.T.);
#9067 = EDGE_LOOP('',(#9068,#9069,#9070,#9071));
#9068 = ORIENTED_EDGE('',*,*,#8839,.F.);
#9069 = ORIENTED_EDGE('',*,*,#8990,.T.);
#9070 = ORIENTED_EDGE('',*,*,#8944,.T.);
#9071 = ORIENTED_EDGE('',*,*,#9037,.F.);
#9072 = ( GEOMETRIC_REPRESENTATION_CONTEXT(3) 
GLOBAL_UNCERTAINTY_ASSIGNED_CONTEXT((#9076)) 
GLOBAL_UNIT_ASSIGNED_CONTEXT((#9073,#9074,#9075)) REPRESENTATION_CONTEXT
('Context #1','3D Context with UNIT and UNCERTAINTY') );
#9073 = ( LENGTH_UNIT() NAMED_UNIT(*) SI_UNIT(.MILLI.,.METRE.) );
#9074 = ( NAMED_UNIT(*) PLANE_ANGLE_UNIT() SI_UNIT($,.RADIAN.) );
#9075 = ( NAMED_UNIT(*) SI_UNIT($,.STERADIAN.) SOLID_ANGLE_UNIT() );
#9076 = UNCERTAINTY_MEASURE_WITH_UNIT(LENGTH_MEASURE(1.E-07),#9073,
  'distance_accuracy_value','confusion accuracy');
#9077 = CONTEXT_DEPENDENT_SHAPE_REPRESENTATION(#9078,#9080);
#9078 = ( REPRESENTATION_RELATIONSHIP('','',#8741,#10) 
REPRESENTATION_RELATIONSHIP_WITH_TRANSFORMATION(#9079) 
SHAPE_REPRESENTATION_RELATIONSHIP() );
#9079 = ITEM_DEFINED_TRANSFORMATION('','',#11,#115);
#9080 = PRODUCT_DEFINITION_SHAPE('Placement','Placement of an item',
  #9081);
#9081 = NEXT_ASSEMBLY_USAGE_OCCURRENCE('26','CLASH/monitor_bay','',#5,
  #8736,$);
#9082 = PRODUCT_RELATED_PRODUCT_CATEGORY('part',$,(#8738));
#9083 = SHAPE_DEFINITION_REPRESENTATION(#9084,#9090);
#9084 = PRODUCT_DEFINITION_SHAPE('','',#9085);
#9085 = PRODUCT_DEFINITION('design','',#9086,#9089);
#9086 = PRODUCT_DEFINITION_FORMATION('','',#9087);
#9087 = PRODUCT('POWERTRAIN_HV/outboard','POWERTRAIN_HV/outboard','',(
    #9088));
#9088 = PRODUCT_CONTEXT('',#2,'mechanical');
#9089 = PRODUCT_DEFINITION_CONTEXT('part definition',#2,'design');
#9090 = ADVANCED_BREP_SHAPE_REPRESENTATION('',(#11,#9091),#9421);
#9091 = MANIFOLD_SOLID_BREP('',#9092);
#9092 = CLOSED_SHELL('',(#9093,#9213,#9313,#9360,#9407,#9414));
#9093 = ADVANCED_FACE('',(#9094),#9108,.F.);
#9094 = FACE_BOUND('',#9095,.F.);
#9095 = EDGE_LOOP('',(#9096,#9131,#9159,#9187));
#9096 = ORIENTED_EDGE('',*,*,#9097,.F.);
#9097 = EDGE_CURVE('',#9098,#9100,#9102,.T.);
#9098 = VERTEX_POINT('',#9099);
#9099 = CARTESIAN_POINT('',(-1.151E+03,-105.,-179.775));
#9100 = VERTEX_POINT('',#9101);
#9101 = CARTESIAN_POINT('',(-1.151E+03,-105.,525.225));
#9102 = SURFACE_CURVE('',#9103,(#9107,#9119),.PCURVE_S1.);
#9103 = LINE('',#9104,#9105);
#9104 = CARTESIAN_POINT('',(-1.151E+03,-105.,-179.775));
#9105 = VECTOR('',#9106,1.);
#9106 = DIRECTION('',(0.,0.,1.));
#9107 = PCURVE('',#9108,#9113);
#9108 = PLANE('',#9109);
#9109 = AXIS2_PLACEMENT_3D('',#9110,#9111,#9112);
#9110 = CARTESIAN_POINT('',(-1.151E+03,-105.,-179.775));
#9111 = DIRECTION('',(1.,0.,0.));
#9112 = DIRECTION('',(0.,0.,1.));
#9113 = DEFINITIONAL_REPRESENTATION('',(#9114),#9118);
#9114 = LINE('',#9115,#9116);
#9115 = CARTESIAN_POINT('',(0.,0.));
#9116 = VECTOR('',#9117,1.);
#9117 = DIRECTION('',(1.,0.));
#9118 = ( GEOMETRIC_REPRESENTATION_CONTEXT(2) 
PARAMETRIC_REPRESENTATION_CONTEXT() REPRESENTATION_CONTEXT('2D SPACE',''
  ) );
#9119 = PCURVE('',#9120,#9125);
#9120 = PLANE('',#9121);
#9121 = AXIS2_PLACEMENT_3D('',#9122,#9123,#9124);
#9122 = CARTESIAN_POINT('',(-1.151E+03,-105.,-179.775));
#9123 = DIRECTION('',(0.,1.,0.));
#9124 = DIRECTION('',(0.,0.,1.));
#9125 = DEFINITIONAL_REPRESENTATION('',(#9126),#9130);
#9126 = LINE('',#9127,#9128);
#9127 = CARTESIAN_POINT('',(0.,0.));
#9128 = VECTOR('',#9129,1.);
#9129 = DIRECTION('',(1.,0.));
#9130 = ( GEOMETRIC_REPRESENTATION_CONTEXT(2) 
PARAMETRIC_REPRESENTATION_CONTEXT() REPRESENTATION_CONTEXT('2D SPACE',''
  ) );
#9131 = ORIENTED_EDGE('',*,*,#9132,.T.);
#9132 = EDGE_CURVE('',#9098,#9133,#9135,.T.);
#9133 = VERTEX_POINT('',#9134);
#9134 = CARTESIAN_POINT('',(-1.151E+03,105.,-179.775));
#9135 = SURFACE_CURVE('',#9136,(#9140,#9147),.PCURVE_S1.);
#9136 = LINE('',#9137,#9138);
#9137 = CARTESIAN_POINT('',(-1.151E+03,-105.,-179.775));
#9138 = VECTOR('',#9139,1.);
#9139 = DIRECTION('',(0.,1.,0.));
#9140 = PCURVE('',#9108,#9141);
#9141 = DEFINITIONAL_REPRESENTATION('',(#9142),#9146);
#9142 = LINE('',#9143,#9144);
#9143 = CARTESIAN_POINT('',(0.,0.));
#9144 = VECTOR('',#9145,1.);
#9145 = DIRECTION('',(0.,-1.));
#9146 = ( GEOMETRIC_REPRESENTATION_CONTEXT(2) 
PARAMETRIC_REPRESENTATION_CONTEXT() REPRESENTATION_CONTEXT('2D SPACE',''
  ) );
#9147 = PCURVE('',#9148,#9153);
#9148 = PLANE('',#9149);
#9149 = AXIS2_PLACEMENT_3D('',#9150,#9151,#9152);
#9150 = CARTESIAN_POINT('',(-1.151E+03,-105.,-179.775));
#9151 = DIRECTION('',(0.,0.,1.));
#9152 = DIRECTION('',(1.,0.,0.));
#9153 = DEFINITIONAL_REPRESENTATION('',(#9154),#9158);
#9154 = LINE('',#9155,#9156);
#9155 = CARTESIAN_POINT('',(0.,0.));
#9156 = VECTOR('',#9157,1.);
#9157 = DIRECTION('',(0.,1.));
#9158 = ( GEOMETRIC_REPRESENTATION_CONTEXT(2) 
PARAMETRIC_REPRESENTATION_CONTEXT() REPRESENTATION_CONTEXT('2D SPACE',''
  ) );
#9159 = ORIENTED_EDGE('',*,*,#9160,.T.);
#9160 = EDGE_CURVE('',#9133,#9161,#9163,.T.);
#9161 = VERTEX_POINT('',#9162);
#9162 = CARTESIAN_POINT('',(-1.151E+03,105.,525.225));
#9163 = SURFACE_CURVE('',#9164,(#9168,#9175),.PCURVE_S1.);
#9164 = LINE('',#9165,#9166);
#9165 = CARTESIAN_POINT('',(-1.151E+03,105.,-179.775));
#9166 = VECTOR('',#9167,1.);
#9167 = DIRECTION('',(0.,0.,1.));
#9168 = PCURVE('',#9108,#9169);
#9169 = DEFINITIONAL_REPRESENTATION('',(#9170),#9174);
#9170 = LINE('',#9171,#9172);
#9171 = CARTESIAN_POINT('',(0.,-210.));
#9172 = VECTOR('',#9173,1.);
#9173 = DIRECTION('',(1.,0.));
#9174 = ( GEOMETRIC_REPRESENTATION_CONTEXT(2) 
PARAMETRIC_REPRESENTATION_CONTEXT() REPRESENTATION_CONTEXT('2D SPACE',''
  ) );
#9175 = PCURVE('',#9176,#9181);
#9176 = PLANE('',#9177);
#9177 = AXIS2_PLACEMENT_3D('',#9178,#9179,#9180);
#9178 = CARTESIAN_POINT('',(-1.151E+03,105.,-179.775));
#9179 = DIRECTION('',(0.,1.,0.));
#9180 = DIRECTION('',(0.,0.,1.));
#9181 = DEFINITIONAL_REPRESENTATION('',(#9182),#9186);
#9182 = LINE('',#9183,#9184);
#9183 = CARTESIAN_POINT('',(0.,0.));
#9184 = VECTOR('',#9185,1.);
#9185 = DIRECTION('',(1.,0.));
#9186 = ( GEOMETRIC_REPRESENTATION_CONTEXT(2) 
PARAMETRIC_REPRESENTATION_CONTEXT() REPRESENTATION_CONTEXT('2D SPACE',''
  ) );
#9187 = ORIENTED_EDGE('',*,*,#9188,.F.);
#9188 = EDGE_CURVE('',#9100,#9161,#9189,.T.);
#9189 = SURFACE_CURVE('',#9190,(#9194,#9201),.PCURVE_S1.);
#9190 = LINE('',#9191,#9192);
#9191 = CARTESIAN_POINT('',(-1.151E+03,-105.,525.225));
#9192 = VECTOR('',#9193,1.);
#9193 = DIRECTION('',(0.,1.,0.));
#9194 = PCURVE('',#9108,#9195);
#9195 = DEFINITIONAL_REPRESENTATION('',(#9196),#9200);
#9196 = LINE('',#9197,#9198);
#9197 = CARTESIAN_POINT('',(705.,0.));
#9198 = VECTOR('',#9199,1.);
#9199 = DIRECTION('',(0.,-1.));
#9200 = ( GEOMETRIC_REPRESENTATION_CONTEXT(2) 
PARAMETRIC_REPRESENTATION_CONTEXT() REPRESENTATION_CONTEXT('2D SPACE',''
  ) );
#9201 = PCURVE('',#9202,#9207);
#9202 = PLANE('',#9203);
#9203 = AXIS2_PLACEMENT_3D('',#9204,#9205,#9206);
#9204 = CARTESIAN_POINT('',(-1.151E+03,-105.,525.225));
#9205 = DIRECTION('',(0.,0.,1.));
#9206 = DIRECTION('',(1.,0.,0.));
#9207 = DEFINITIONAL_REPRESENTATION('',(#9208),#9212);
#9208 = LINE('',#9209,#9210);
#9209 = CARTESIAN_POINT('',(0.,0.));
#9210 = VECTOR('',#9211,1.);
#9211 = DIRECTION('',(0.,1.));
#9212 = ( GEOMETRIC_REPRESENTATION_CONTEXT(2) 
PARAMETRIC_REPRESENTATION_CONTEXT() REPRESENTATION_CONTEXT('2D SPACE',''
  ) );
#9213 = ADVANCED_FACE('',(#9214),#9228,.T.);
#9214 = FACE_BOUND('',#9215,.T.);
#9215 = EDGE_LOOP('',(#9216,#9246,#9269,#9292));
#9216 = ORIENTED_EDGE('',*,*,#9217,.F.);
#9217 = EDGE_CURVE('',#9218,#9220,#9222,.T.);
#9218 = VERTEX_POINT('',#9219);
#9219 = CARTESIAN_POINT('',(-829.,-105.,-179.775));
#9220 = VERTEX_POINT('',#9221);
#9221 = CARTESIAN_POINT('',(-829.,-105.,525.225));
#9222 = SURFACE_CURVE('',#9223,(#9227,#9239),.PCURVE_S1.);
#9223 = LINE('',#9224,#9225);
#9224 = CARTESIAN_POINT('',(-829.,-105.,-179.775));
#9225 = VECTOR('',#9226,1.);
#9226 = DIRECTION('',(0.,0.,1.));
#9227 = PCURVE('',#9228,#9233);
#9228 = PLANE('',#9229);
#9229 = AXIS2_PLACEMENT_3D('',#9230,#9231,#9232);
#9230 = CARTESIAN_POINT('',(-829.,-105.,-179.775));
#9231 = DIRECTION('',(1.,0.,0.));
#9232 = DIRECTION('',(0.,0.,1.));
#9233 = DEFINITIONAL_REPRESENTATION('',(#9234),#9238);
#9234 = LINE('',#9235,#9236);
#9235 = CARTESIAN_POINT('',(0.,0.));
#9236 = VECTOR('',#9237,1.);
#9237 = DIRECTION('',(1.,0.));
#9238 = ( GEOMETRIC_REPRESENTATION_CONTEXT(2) 
PARAMETRIC_REPRESENTATION_CONTEXT() REPRESENTATION_CONTEXT('2D SPACE',''
  ) );
#9239 = PCURVE('',#9120,#9240);
#9240 = DEFINITIONAL_REPRESENTATION('',(#9241),#9245);
#9241 = LINE('',#9242,#9243);
#9242 = CARTESIAN_POINT('',(0.,322.));
#9243 = VECTOR('',#9244,1.);
#9244 = DIRECTION('',(1.,0.));
#9245 = ( GEOMETRIC_REPRESENTATION_CONTEXT(2) 
PARAMETRIC_REPRESENTATION_CONTEXT() REPRESENTATION_CONTEXT('2D SPACE',''
  ) );
#9246 = ORIENTED_EDGE('',*,*,#9247,.T.);
#9247 = EDGE_CURVE('',#9218,#9248,#9250,.T.);
#9248 = VERTEX_POINT('',#9249);
#9249 = CARTESIAN_POINT('',(-829.,105.,-179.775));
#9250 = SURFACE_CURVE('',#9251,(#9255,#9262),.PCURVE_S1.);
#9251 = LINE('',#9252,#9253);
#9252 = CARTESIAN_POINT('',(-829.,-105.,-179.775));
#9253 = VECTOR('',#9254,1.);
#9254 = DIRECTION('',(0.,1.,0.));
#9255 = PCURVE('',#9228,#9256);
#9256 = DEFINITIONAL_REPRESENTATION('',(#9257),#9261);
#9257 = LINE('',#9258,#9259);
#9258 = CARTESIAN_POINT('',(0.,0.));
#9259 = VECTOR('',#9260,1.);
#9260 = DIRECTION('',(0.,-1.));
#9261 = ( GEOMETRIC_REPRESENTATION_CONTEXT(2) 
PARAMETRIC_REPRESENTATION_CONTEXT() REPRESENTATION_CONTEXT('2D SPACE',''
  ) );
#9262 = PCURVE('',#9148,#9263);
#9263 = DEFINITIONAL_REPRESENTATION('',(#9264),#9268);
#9264 = LINE('',#9265,#9266);
#9265 = CARTESIAN_POINT('',(322.,0.));
#9266 = VECTOR('',#9267,1.);
#9267 = DIRECTION('',(0.,1.));
#9268 = ( GEOMETRIC_REPRESENTATION_CONTEXT(2) 
PARAMETRIC_REPRESENTATION_CONTEXT() REPRESENTATION_CONTEXT('2D SPACE',''
  ) );
#9269 = ORIENTED_EDGE('',*,*,#9270,.T.);
#9270 = EDGE_CURVE('',#9248,#9271,#9273,.T.);
#9271 = VERTEX_POINT('',#9272);
#9272 = CARTESIAN_POINT('',(-829.,105.,525.225));
#9273 = SURFACE_CURVE('',#9274,(#9278,#9285),.PCURVE_S1.);
#9274 = LINE('',#9275,#9276);
#9275 = CARTESIAN_POINT('',(-829.,105.,-179.775));
#9276 = VECTOR('',#9277,1.);
#9277 = DIRECTION('',(0.,0.,1.));
#9278 = PCURVE('',#9228,#9279);
#9279 = DEFINITIONAL_REPRESENTATION('',(#9280),#9284);
#9280 = LINE('',#9281,#9282);
#9281 = CARTESIAN_POINT('',(0.,-210.));
#9282 = VECTOR('',#9283,1.);
#9283 = DIRECTION('',(1.,0.));
#9284 = ( GEOMETRIC_REPRESENTATION_CONTEXT(2) 
PARAMETRIC_REPRESENTATION_CONTEXT() REPRESENTATION_CONTEXT('2D SPACE',''
  ) );
#9285 = PCURVE('',#9176,#9286);
#9286 = DEFINITIONAL_REPRESENTATION('',(#9287),#9291);
#9287 = LINE('',#9288,#9289);
#9288 = CARTESIAN_POINT('',(0.,322.));
#9289 = VECTOR('',#9290,1.);
#9290 = DIRECTION('',(1.,0.));
#9291 = ( GEOMETRIC_REPRESENTATION_CONTEXT(2) 
PARAMETRIC_REPRESENTATION_CONTEXT() REPRESENTATION_CONTEXT('2D SPACE',''
  ) );
#9292 = ORIENTED_EDGE('',*,*,#9293,.F.);
#9293 = EDGE_CURVE('',#9220,#9271,#9294,.T.);
#9294 = SURFACE_CURVE('',#9295,(#9299,#9306),.PCURVE_S1.);
#9295 = LINE('',#9296,#9297);
#9296 = CARTESIAN_POINT('',(-829.,-105.,525.225));
#9297 = VECTOR('',#9298,1.);
#9298 = DIRECTION('',(0.,1.,0.));
#9299 = PCURVE('',#9228,#9300);
#9300 = DEFINITIONAL_REPRESENTATION('',(#9301),#9305);
#9301 = LINE('',#9302,#9303);
#9302 = CARTESIAN_POINT('',(705.,0.));
#9303 = VECTOR('',#9304,1.);
#9304 = DIRECTION('',(0.,-1.));
#9305 = ( GEOMETRIC_REPRESENTATION_CONTEXT(2) 
PARAMETRIC_REPRESENTATION_CONTEXT() REPRESENTATION_CONTEXT('2D SPACE',''
  ) );
#9306 = PCURVE('',#9202,#9307);
#9307 = DEFINITIONAL_REPRESENTATION('',(#9308),#9312);
#9308 = LINE('',#9309,#9310);
#9309 = CARTESIAN_POINT('',(322.,0.));
#9310 = VECTOR('',#9311,1.);
#9311 = DIRECTION('',(0.,1.));
#9312 = ( GEOMETRIC_REPRESENTATION_CONTEXT(2) 
PARAMETRIC_REPRESENTATION_CONTEXT() REPRESENTATION_CONTEXT('2D SPACE',''
  ) );
#9313 = ADVANCED_FACE('',(#9314),#9120,.F.);
#9314 = FACE_BOUND('',#9315,.F.);
#9315 = EDGE_LOOP('',(#9316,#9337,#9338,#9359));
#9316 = ORIENTED_EDGE('',*,*,#9317,.F.);
#9317 = EDGE_CURVE('',#9098,#9218,#9318,.T.);
#9318 = SURFACE_CURVE('',#9319,(#9323,#9330),.PCURVE_S1.);
#9319 = LINE('',#9320,#9321);
#9320 = CARTESIAN_POINT('',(-1.151E+03,-105.,-179.775));
#9321 = VECTOR('',#9322,1.);
#9322 = DIRECTION('',(1.,0.,0.));
#9323 = PCURVE('',#9120,#9324);
#9324 = DEFINITIONAL_REPRESENTATION('',(#9325),#9329);
#9325 = LINE('',#9326,#9327);
#9326 = CARTESIAN_POINT('',(0.,0.));
#9327 = VECTOR('',#9328,1.);
#9328 = DIRECTION('',(0.,1.));
#9329 = ( GEOMETRIC_REPRESENTATION_CONTEXT(2) 
PARAMETRIC_REPRESENTATION_CONTEXT() REPRESENTATION_CONTEXT('2D SPACE',''
  ) );
#9330 = PCURVE('',#9148,#9331);
#9331 = DEFINITIONAL_REPRESENTATION('',(#9332),#9336);
#9332 = LINE('',#9333,#9334);
#9333 = CARTESIAN_POINT('',(0.,0.));
#9334 = VECTOR('',#9335,1.);
#9335 = DIRECTION('',(1.,0.));
#9336 = ( GEOMETRIC_REPRESENTATION_CONTEXT(2) 
PARAMETRIC_REPRESENTATION_CONTEXT() REPRESENTATION_CONTEXT('2D SPACE',''
  ) );
#9337 = ORIENTED_EDGE('',*,*,#9097,.T.);
#9338 = ORIENTED_EDGE('',*,*,#9339,.T.);
#9339 = EDGE_CURVE('',#9100,#9220,#9340,.T.);
#9340 = SURFACE_CURVE('',#9341,(#9345,#9352),.PCURVE_S1.);
#9341 = LINE('',#9342,#9343);
#9342 = CARTESIAN_POINT('',(-1.151E+03,-105.,525.225));
#9343 = VECTOR('',#9344,1.);
#9344 = DIRECTION('',(1.,0.,0.));
#9345 = PCURVE('',#9120,#9346);
#9346 = DEFINITIONAL_REPRESENTATION('',(#9347),#9351);
#9347 = LINE('',#9348,#9349);
#9348 = CARTESIAN_POINT('',(705.,0.));
#9349 = VECTOR('',#9350,1.);
#9350 = DIRECTION('',(0.,1.));
#9351 = ( GEOMETRIC_REPRESENTATION_CONTEXT(2) 
PARAMETRIC_REPRESENTATION_CONTEXT() REPRESENTATION_CONTEXT('2D SPACE',''
  ) );
#9352 = PCURVE('',#9202,#9353);
#9353 = DEFINITIONAL_REPRESENTATION('',(#9354),#9358);
#9354 = LINE('',#9355,#9356);
#9355 = CARTESIAN_POINT('',(0.,0.));
#9356 = VECTOR('',#9357,1.);
#9357 = DIRECTION('',(1.,0.));
#9358 = ( GEOMETRIC_REPRESENTATION_CONTEXT(2) 
PARAMETRIC_REPRESENTATION_CONTEXT() REPRESENTATION_CONTEXT('2D SPACE',''
  ) );
#9359 = ORIENTED_EDGE('',*,*,#9217,.F.);
#9360 = ADVANCED_FACE('',(#9361),#9176,.T.);
#9361 = FACE_BOUND('',#9362,.T.);
#9362 = EDGE_LOOP('',(#9363,#9384,#9385,#9406));
#9363 = ORIENTED_EDGE('',*,*,#9364,.F.);
#9364 = EDGE_CURVE('',#9133,#9248,#9365,.T.);
#9365 = SURFACE_CURVE('',#9366,(#9370,#9377),.PCURVE_S1.);
#9366 = LINE('',#9367,#9368);
#9367 = CARTESIAN_POINT('',(-1.151E+03,105.,-179.775));
#9368 = VECTOR('',#9369,1.);
#9369 = DIRECTION('',(1.,0.,0.));
#9370 = PCURVE('',#9176,#9371);
#9371 = DEFINITIONAL_REPRESENTATION('',(#9372),#9376);
#9372 = LINE('',#9373,#9374);
#9373 = CARTESIAN_POINT('',(0.,0.));
#9374 = VECTOR('',#9375,1.);
#9375 = DIRECTION('',(0.,1.));
#9376 = ( GEOMETRIC_REPRESENTATION_CONTEXT(2) 
PARAMETRIC_REPRESENTATION_CONTEXT() REPRESENTATION_CONTEXT('2D SPACE',''
  ) );
#9377 = PCURVE('',#9148,#9378);
#9378 = DEFINITIONAL_REPRESENTATION('',(#9379),#9383);
#9379 = LINE('',#9380,#9381);
#9380 = CARTESIAN_POINT('',(0.,210.));
#9381 = VECTOR('',#9382,1.);
#9382 = DIRECTION('',(1.,0.));
#9383 = ( GEOMETRIC_REPRESENTATION_CONTEXT(2) 
PARAMETRIC_REPRESENTATION_CONTEXT() REPRESENTATION_CONTEXT('2D SPACE',''
  ) );
#9384 = ORIENTED_EDGE('',*,*,#9160,.T.);
#9385 = ORIENTED_EDGE('',*,*,#9386,.T.);
#9386 = EDGE_CURVE('',#9161,#9271,#9387,.T.);
#9387 = SURFACE_CURVE('',#9388,(#9392,#9399),.PCURVE_S1.);
#9388 = LINE('',#9389,#9390);
#9389 = CARTESIAN_POINT('',(-1.151E+03,105.,525.225));
#9390 = VECTOR('',#9391,1.);
#9391 = DIRECTION('',(1.,0.,0.));
#9392 = PCURVE('',#9176,#9393);
#9393 = DEFINITIONAL_REPRESENTATION('',(#9394),#9398);
#9394 = LINE('',#9395,#9396);
#9395 = CARTESIAN_POINT('',(705.,0.));
#9396 = VECTOR('',#9397,1.);
#9397 = DIRECTION('',(0.,1.));
#9398 = ( GEOMETRIC_REPRESENTATION_CONTEXT(2) 
PARAMETRIC_REPRESENTATION_CONTEXT() REPRESENTATION_CONTEXT('2D SPACE',''
  ) );
#9399 = PCURVE('',#9202,#9400);
#9400 = DEFINITIONAL_REPRESENTATION('',(#9401),#9405);
#9401 = LINE('',#9402,#9403);
#9402 = CARTESIAN_POINT('',(0.,210.));
#9403 = VECTOR('',#9404,1.);
#9404 = DIRECTION('',(1.,0.));
#9405 = ( GEOMETRIC_REPRESENTATION_CONTEXT(2) 
PARAMETRIC_REPRESENTATION_CONTEXT() REPRESENTATION_CONTEXT('2D SPACE',''
  ) );
#9406 = ORIENTED_EDGE('',*,*,#9270,.F.);
#9407 = ADVANCED_FACE('',(#9408),#9148,.F.);
#9408 = FACE_BOUND('',#9409,.F.);
#9409 = EDGE_LOOP('',(#9410,#9411,#9412,#9413));
#9410 = ORIENTED_EDGE('',*,*,#9132,.F.);
#9411 = ORIENTED_EDGE('',*,*,#9317,.T.);
#9412 = ORIENTED_EDGE('',*,*,#9247,.T.);
#9413 = ORIENTED_EDGE('',*,*,#9364,.F.);
#9414 = ADVANCED_FACE('',(#9415),#9202,.T.);
#9415 = FACE_BOUND('',#9416,.T.);
#9416 = EDGE_LOOP('',(#9417,#9418,#9419,#9420));
#9417 = ORIENTED_EDGE('',*,*,#9188,.F.);
#9418 = ORIENTED_EDGE('',*,*,#9339,.T.);
#9419 = ORIENTED_EDGE('',*,*,#9293,.T.);
#9420 = ORIENTED_EDGE('',*,*,#9386,.F.);
#9421 = ( GEOMETRIC_REPRESENTATION_CONTEXT(3) 
GLOBAL_UNCERTAINTY_ASSIGNED_CONTEXT((#9425)) 
GLOBAL_UNIT_ASSIGNED_CONTEXT((#9422,#9423,#9424)) REPRESENTATION_CONTEXT
('Context #1','3D Context with UNIT and UNCERTAINTY') );
#9422 = ( LENGTH_UNIT() NAMED_UNIT(*) SI_UNIT(.MILLI.,.METRE.) );
#9423 = ( NAMED_UNIT(*) PLANE_ANGLE_UNIT() SI_UNIT($,.RADIAN.) );
#9424 = ( NAMED_UNIT(*) SI_UNIT($,.STERADIAN.) SOLID_ANGLE_UNIT() );
#9425 = UNCERTAINTY_MEASURE_WITH_UNIT(LENGTH_MEASURE(1.E-07),#9422,
  'distance_accuracy_value','confusion accuracy');
#9426 = CONTEXT_DEPENDENT_SHAPE_REPRESENTATION(#9427,#9429);
#9427 = ( REPRESENTATION_RELATIONSHIP('','',#9090,#10) 
REPRESENTATION_RELATIONSHIP_WITH_TRANSFORMATION(#9428) 
SHAPE_REPRESENTATION_RELATIONSHIP() );
#9428 = ITEM_DEFINED_TRANSFORMATION('','',#11,#119);
#9429 = PRODUCT_DEFINITION_SHAPE('Placement','Placement of an item',
  #9430);
#9430 = NEXT_ASSEMBLY_USAGE_OCCURRENCE('27','POWERTRAIN_HV/outboard','',
  #5,#9085,$);
#9431 = PRODUCT_RELATED_PRODUCT_CATEGORY('part',$,(#9087));
#9432 = SHAPE_DEFINITION_REPRESENTATION(#9433,#9439);
#9433 = PRODUCT_DEFINITION_SHAPE('','',#9434);
#9434 = PRODUCT_DEFINITION('design','',#9435,#9438);
#9435 = PRODUCT_DEFINITION_FORMATION('','',#9436);
#9436 = PRODUCT('POWERTRAIN_HV/drive_leg','POWERTRAIN_HV/drive_leg','',(
    #9437));
#9437 = PRODUCT_CONTEXT('',#2,'mechanical');
#9438 = PRODUCT_DEFINITION_CONTEXT('part definition',#2,'design');
#9439 = ADVANCED_BREP_SHAPE_REPRESENTATION('',(#11,#9440),#9770);
#9440 = MANIFOLD_SOLID_BREP('',#9441);
#9441 = CLOSED_SHELL('',(#9442,#9562,#9662,#9709,#9756,#9763));
#9442 = ADVANCED_FACE('',(#9443),#9457,.F.);
#9443 = FACE_BOUND('',#9444,.F.);
#9444 = EDGE_LOOP('',(#9445,#9480,#9508,#9536));
#9445 = ORIENTED_EDGE('',*,*,#9446,.F.);
#9446 = EDGE_CURVE('',#9447,#9449,#9451,.T.);
#9447 = VERTEX_POINT('',#9448);
#9448 = CARTESIAN_POINT('',(-824.,-300.,150.));
#9449 = VERTEX_POINT('',#9450);
#9450 = CARTESIAN_POINT('',(-824.,-300.,400.));
#9451 = SURFACE_CURVE('',#9452,(#9456,#9468),.PCURVE_S1.);
#9452 = LINE('',#9453,#9454);
#9453 = CARTESIAN_POINT('',(-824.,-300.,150.));
#9454 = VECTOR('',#9455,1.);
#9455 = DIRECTION('',(0.,0.,1.));
#9456 = PCURVE('',#9457,#9462);
#9457 = PLANE('',#9458);
#9458 = AXIS2_PLACEMENT_3D('',#9459,#9460,#9461);
#9459 = CARTESIAN_POINT('',(-824.,-300.,150.));
#9460 = DIRECTION('',(1.,0.,0.));
#9461 = DIRECTION('',(0.,0.,1.));
#9462 = DEFINITIONAL_REPRESENTATION('',(#9463),#9467);
#9463 = LINE('',#9464,#9465);
#9464 = CARTESIAN_POINT('',(0.,0.));
#9465 = VECTOR('',#9466,1.);
#9466 = DIRECTION('',(1.,0.));
#9467 = ( GEOMETRIC_REPRESENTATION_CONTEXT(2) 
PARAMETRIC_REPRESENTATION_CONTEXT() REPRESENTATION_CONTEXT('2D SPACE',''
  ) );
#9468 = PCURVE('',#9469,#9474);
#9469 = PLANE('',#9470);
#9470 = AXIS2_PLACEMENT_3D('',#9471,#9472,#9473);
#9471 = CARTESIAN_POINT('',(-824.,-300.,150.));
#9472 = DIRECTION('',(0.,1.,0.));
#9473 = DIRECTION('',(0.,0.,1.));
#9474 = DEFINITIONAL_REPRESENTATION('',(#9475),#9479);
#9475 = LINE('',#9476,#9477);
#9476 = CARTESIAN_POINT('',(0.,0.));
#9477 = VECTOR('',#9478,1.);
#9478 = DIRECTION('',(1.,0.));
#9479 = ( GEOMETRIC_REPRESENTATION_CONTEXT(2) 
PARAMETRIC_REPRESENTATION_CONTEXT() REPRESENTATION_CONTEXT('2D SPACE',''
  ) );
#9480 = ORIENTED_EDGE('',*,*,#9481,.T.);
#9481 = EDGE_CURVE('',#9447,#9482,#9484,.T.);
#9482 = VERTEX_POINT('',#9483);
#9483 = CARTESIAN_POINT('',(-824.,300.,150.));
#9484 = SURFACE_CURVE('',#9485,(#9489,#9496),.PCURVE_S1.);
#9485 = LINE('',#9486,#9487);
#9486 = CARTESIAN_POINT('',(-824.,-300.,150.));
#9487 = VECTOR('',#9488,1.);
#9488 = DIRECTION('',(0.,1.,0.));
#9489 = PCURVE('',#9457,#9490);
#9490 = DEFINITIONAL_REPRESENTATION('',(#9491),#9495);
#9491 = LINE('',#9492,#9493);
#9492 = CARTESIAN_POINT('',(0.,0.));
#9493 = VECTOR('',#9494,1.);
#9494 = DIRECTION('',(0.,-1.));
#9495 = ( GEOMETRIC_REPRESENTATION_CONTEXT(2) 
PARAMETRIC_REPRESENTATION_CONTEXT() REPRESENTATION_CONTEXT('2D SPACE',''
  ) );
#9496 = PCURVE('',#9497,#9502);
#9497 = PLANE('',#9498);
#9498 = AXIS2_PLACEMENT_3D('',#9499,#9500,#9501);
#9499 = CARTESIAN_POINT('',(-824.,-300.,150.));
#9500 = DIRECTION('',(0.,0.,1.));
#9501 = DIRECTION('',(1.,0.,0.));
#9502 = DEFINITIONAL_REPRESENTATION('',(#9503),#9507);
#9503 = LINE('',#9504,#9505);
#9504 = CARTESIAN_POINT('',(0.,0.));
#9505 = VECTOR('',#9506,1.);
#9506 = DIRECTION('',(0.,1.));
#9507 = ( GEOMETRIC_REPRESENTATION_CONTEXT(2) 
PARAMETRIC_REPRESENTATION_CONTEXT() REPRESENTATION_CONTEXT('2D SPACE',''
  ) );
#9508 = ORIENTED_EDGE('',*,*,#9509,.T.);
#9509 = EDGE_CURVE('',#9482,#9510,#9512,.T.);
#9510 = VERTEX_POINT('',#9511);
#9511 = CARTESIAN_POINT('',(-824.,300.,400.));
#9512 = SURFACE_CURVE('',#9513,(#9517,#9524),.PCURVE_S1.);
#9513 = LINE('',#9514,#9515);
#9514 = CARTESIAN_POINT('',(-824.,300.,150.));
#9515 = VECTOR('',#9516,1.);
#9516 = DIRECTION('',(0.,0.,1.));
#9517 = PCURVE('',#9457,#9518);
#9518 = DEFINITIONAL_REPRESENTATION('',(#9519),#9523);
#9519 = LINE('',#9520,#9521);
#9520 = CARTESIAN_POINT('',(0.,-600.));
#9521 = VECTOR('',#9522,1.);
#9522 = DIRECTION('',(1.,0.));
#9523 = ( GEOMETRIC_REPRESENTATION_CONTEXT(2) 
PARAMETRIC_REPRESENTATION_CONTEXT() REPRESENTATION_CONTEXT('2D SPACE',''
  ) );
#9524 = PCURVE('',#9525,#9530);
#9525 = PLANE('',#9526);
#9526 = AXIS2_PLACEMENT_3D('',#9527,#9528,#9529);
#9527 = CARTESIAN_POINT('',(-824.,300.,150.));
#9528 = DIRECTION('',(0.,1.,0.));
#9529 = DIRECTION('',(0.,0.,1.));
#9530 = DEFINITIONAL_REPRESENTATION('',(#9531),#9535);
#9531 = LINE('',#9532,#9533);
#9532 = CARTESIAN_POINT('',(0.,0.));
#9533 = VECTOR('',#9534,1.);
#9534 = DIRECTION('',(1.,0.));
#9535 = ( GEOMETRIC_REPRESENTATION_CONTEXT(2) 
PARAMETRIC_REPRESENTATION_CONTEXT() REPRESENTATION_CONTEXT('2D SPACE',''
  ) );
#9536 = ORIENTED_EDGE('',*,*,#9537,.F.);
#9537 = EDGE_CURVE('',#9449,#9510,#9538,.T.);
#9538 = SURFACE_CURVE('',#9539,(#9543,#9550),.PCURVE_S1.);
#9539 = LINE('',#9540,#9541);
#9540 = CARTESIAN_POINT('',(-824.,-300.,400.));
#9541 = VECTOR('',#9542,1.);
#9542 = DIRECTION('',(0.,1.,0.));
#9543 = PCURVE('',#9457,#9544);
#9544 = DEFINITIONAL_REPRESENTATION('',(#9545),#9549);
#9545 = LINE('',#9546,#9547);
#9546 = CARTESIAN_POINT('',(250.,0.));
#9547 = VECTOR('',#9548,1.);
#9548 = DIRECTION('',(0.,-1.));
#9549 = ( GEOMETRIC_REPRESENTATION_CONTEXT(2) 
PARAMETRIC_REPRESENTATION_CONTEXT() REPRESENTATION_CONTEXT('2D SPACE',''
  ) );
#9550 = PCURVE('',#9551,#9556);
#9551 = PLANE('',#9552);
#9552 = AXIS2_PLACEMENT_3D('',#9553,#9554,#9555);
#9553 = CARTESIAN_POINT('',(-824.,-300.,400.));
#9554 = DIRECTION('',(0.,0.,1.));
#9555 = DIRECTION('',(1.,0.,0.));
#9556 = DEFINITIONAL_REPRESENTATION('',(#9557),#9561);
#9557 = LINE('',#9558,#9559);
#9558 = CARTESIAN_POINT('',(0.,0.));
#9559 = VECTOR('',#9560,1.);
#9560 = DIRECTION('',(0.,1.));
#9561 = ( GEOMETRIC_REPRESENTATION_CONTEXT(2) 
PARAMETRIC_REPRESENTATION_CONTEXT() REPRESENTATION_CONTEXT('2D SPACE',''
  ) );
#9562 = ADVANCED_FACE('',(#9563),#9577,.T.);
#9563 = FACE_BOUND('',#9564,.T.);
#9564 = EDGE_LOOP('',(#9565,#9595,#9618,#9641));
#9565 = ORIENTED_EDGE('',*,*,#9566,.F.);
#9566 = EDGE_CURVE('',#9567,#9569,#9571,.T.);
#9567 = VERTEX_POINT('',#9568);
#9568 = CARTESIAN_POINT('',(-354.,-300.,150.));
#9569 = VERTEX_POINT('',#9570);
#9570 = CARTESIAN_POINT('',(-354.,-300.,400.));
#9571 = SURFACE_CURVE('',#9572,(#9576,#9588),.PCURVE_S1.);
#9572 = LINE('',#9573,#9574);
#9573 = CARTESIAN_POINT('',(-354.,-300.,150.));
#9574 = VECTOR('',#9575,1.);
#9575 = DIRECTION('',(0.,0.,1.));
#9576 = PCURVE('',#9577,#9582);
#9577 = PLANE('',#9578);
#9578 = AXIS2_PLACEMENT_3D('',#9579,#9580,#9581);
#9579 = CARTESIAN_POINT('',(-354.,-300.,150.));
#9580 = DIRECTION('',(1.,0.,0.));
#9581 = DIRECTION('',(0.,0.,1.));
#9582 = DEFINITIONAL_REPRESENTATION('',(#9583),#9587);
#9583 = LINE('',#9584,#9585);
#9584 = CARTESIAN_POINT('',(0.,0.));
#9585 = VECTOR('',#9586,1.);
#9586 = DIRECTION('',(1.,0.));
#9587 = ( GEOMETRIC_REPRESENTATION_CONTEXT(2) 
PARAMETRIC_REPRESENTATION_CONTEXT() REPRESENTATION_CONTEXT('2D SPACE',''
  ) );
#9588 = PCURVE('',#9469,#9589);
#9589 = DEFINITIONAL_REPRESENTATION('',(#9590),#9594);
#9590 = LINE('',#9591,#9592);
#9591 = CARTESIAN_POINT('',(0.,470.));
#9592 = VECTOR('',#9593,1.);
#9593 = DIRECTION('',(1.,0.));
#9594 = ( GEOMETRIC_REPRESENTATION_CONTEXT(2) 
PARAMETRIC_REPRESENTATION_CONTEXT() REPRESENTATION_CONTEXT('2D SPACE',''
  ) );
#9595 = ORIENTED_EDGE('',*,*,#9596,.T.);
#9596 = EDGE_CURVE('',#9567,#9597,#9599,.T.);
#9597 = VERTEX_POINT('',#9598);
#9598 = CARTESIAN_POINT('',(-354.,300.,150.));
#9599 = SURFACE_CURVE('',#9600,(#9604,#9611),.PCURVE_S1.);
#9600 = LINE('',#9601,#9602);
#9601 = CARTESIAN_POINT('',(-354.,-300.,150.));
#9602 = VECTOR('',#9603,1.);
#9603 = DIRECTION('',(0.,1.,0.));
#9604 = PCURVE('',#9577,#9605);
#9605 = DEFINITIONAL_REPRESENTATION('',(#9606),#9610);
#9606 = LINE('',#9607,#9608);
#9607 = CARTESIAN_POINT('',(0.,0.));
#9608 = VECTOR('',#9609,1.);
#9609 = DIRECTION('',(0.,-1.));
#9610 = ( GEOMETRIC_REPRESENTATION_CONTEXT(2) 
PARAMETRIC_REPRESENTATION_CONTEXT() REPRESENTATION_CONTEXT('2D SPACE',''
  ) );
#9611 = PCURVE('',#9497,#9612);
#9612 = DEFINITIONAL_REPRESENTATION('',(#9613),#9617);
#9613 = LINE('',#9614,#9615);
#9614 = CARTESIAN_POINT('',(470.,0.));
#9615 = VECTOR('',#9616,1.);
#9616 = DIRECTION('',(0.,1.));
#9617 = ( GEOMETRIC_REPRESENTATION_CONTEXT(2) 
PARAMETRIC_REPRESENTATION_CONTEXT() REPRESENTATION_CONTEXT('2D SPACE',''
  ) );
#9618 = ORIENTED_EDGE('',*,*,#9619,.T.);
#9619 = EDGE_CURVE('',#9597,#9620,#9622,.T.);
#9620 = VERTEX_POINT('',#9621);
#9621 = CARTESIAN_POINT('',(-354.,300.,400.));
#9622 = SURFACE_CURVE('',#9623,(#9627,#9634),.PCURVE_S1.);
#9623 = LINE('',#9624,#9625);
#9624 = CARTESIAN_POINT('',(-354.,300.,150.));
#9625 = VECTOR('',#9626,1.);
#9626 = DIRECTION('',(0.,0.,1.));
#9627 = PCURVE('',#9577,#9628);
#9628 = DEFINITIONAL_REPRESENTATION('',(#9629),#9633);
#9629 = LINE('',#9630,#9631);
#9630 = CARTESIAN_POINT('',(0.,-600.));
#9631 = VECTOR('',#9632,1.);
#9632 = DIRECTION('',(1.,0.));
#9633 = ( GEOMETRIC_REPRESENTATION_CONTEXT(2) 
PARAMETRIC_REPRESENTATION_CONTEXT() REPRESENTATION_CONTEXT('2D SPACE',''
  ) );
#9634 = PCURVE('',#9525,#9635);
#9635 = DEFINITIONAL_REPRESENTATION('',(#9636),#9640);
#9636 = LINE('',#9637,#9638);
#9637 = CARTESIAN_POINT('',(0.,470.));
#9638 = VECTOR('',#9639,1.);
#9639 = DIRECTION('',(1.,0.));
#9640 = ( GEOMETRIC_REPRESENTATION_CONTEXT(2) 
PARAMETRIC_REPRESENTATION_CONTEXT() REPRESENTATION_CONTEXT('2D SPACE',''
  ) );
#9641 = ORIENTED_EDGE('',*,*,#9642,.F.);
#9642 = EDGE_CURVE('',#9569,#9620,#9643,.T.);
#9643 = SURFACE_CURVE('',#9644,(#9648,#9655),.PCURVE_S1.);
#9644 = LINE('',#9645,#9646);
#9645 = CARTESIAN_POINT('',(-354.,-300.,400.));
#9646 = VECTOR('',#9647,1.);
#9647 = DIRECTION('',(0.,1.,0.));
#9648 = PCURVE('',#9577,#9649);
#9649 = DEFINITIONAL_REPRESENTATION('',(#9650),#9654);
#9650 = LINE('',#9651,#9652);
#9651 = CARTESIAN_POINT('',(250.,0.));
#9652 = VECTOR('',#9653,1.);
#9653 = DIRECTION('',(0.,-1.));
#9654 = ( GEOMETRIC_REPRESENTATION_CONTEXT(2) 
PARAMETRIC_REPRESENTATION_CONTEXT() REPRESENTATION_CONTEXT('2D SPACE',''
  ) );
#9655 = PCURVE('',#9551,#9656);
#9656 = DEFINITIONAL_REPRESENTATION('',(#9657),#9661);
#9657 = LINE('',#9658,#9659);
#9658 = CARTESIAN_POINT('',(470.,0.));
#9659 = VECTOR('',#9660,1.);
#9660 = DIRECTION('',(0.,1.));
#9661 = ( GEOMETRIC_REPRESENTATION_CONTEXT(2) 
PARAMETRIC_REPRESENTATION_CONTEXT() REPRESENTATION_CONTEXT('2D SPACE',''
  ) );
#9662 = ADVANCED_FACE('',(#9663),#9469,.F.);
#9663 = FACE_BOUND('',#9664,.F.);
#9664 = EDGE_LOOP('',(#9665,#9686,#9687,#9708));
#9665 = ORIENTED_EDGE('',*,*,#9666,.F.);
#9666 = EDGE_CURVE('',#9447,#9567,#9667,.T.);
#9667 = SURFACE_CURVE('',#9668,(#9672,#9679),.PCURVE_S1.);
#9668 = LINE('',#9669,#9670);
#9669 = CARTESIAN_POINT('',(-824.,-300.,150.));
#9670 = VECTOR('',#9671,1.);
#9671 = DIRECTION('',(1.,0.,0.));
#9672 = PCURVE('',#9469,#9673);
#9673 = DEFINITIONAL_REPRESENTATION('',(#9674),#9678);
#9674 = LINE('',#9675,#9676);
#9675 = CARTESIAN_POINT('',(0.,0.));
#9676 = VECTOR('',#9677,1.);
#9677 = DIRECTION('',(0.,1.));
#9678 = ( GEOMETRIC_REPRESENTATION_CONTEXT(2) 
PARAMETRIC_REPRESENTATION_CONTEXT() REPRESENTATION_CONTEXT('2D SPACE',''
  ) );
#9679 = PCURVE('',#9497,#9680);
#9680 = DEFINITIONAL_REPRESENTATION('',(#9681),#9685);
#9681 = LINE('',#9682,#9683);
#9682 = CARTESIAN_POINT('',(0.,0.));
#9683 = VECTOR('',#9684,1.);
#9684 = DIRECTION('',(1.,0.));
#9685 = ( GEOMETRIC_REPRESENTATION_CONTEXT(2) 
PARAMETRIC_REPRESENTATION_CONTEXT() REPRESENTATION_CONTEXT('2D SPACE',''
  ) );
#9686 = ORIENTED_EDGE('',*,*,#9446,.T.);
#9687 = ORIENTED_EDGE('',*,*,#9688,.T.);
#9688 = EDGE_CURVE('',#9449,#9569,#9689,.T.);
#9689 = SURFACE_CURVE('',#9690,(#9694,#9701),.PCURVE_S1.);
#9690 = LINE('',#9691,#9692);
#9691 = CARTESIAN_POINT('',(-824.,-300.,400.));
#9692 = VECTOR('',#9693,1.);
#9693 = DIRECTION('',(1.,0.,0.));
#9694 = PCURVE('',#9469,#9695);
#9695 = DEFINITIONAL_REPRESENTATION('',(#9696),#9700);
#9696 = LINE('',#9697,#9698);
#9697 = CARTESIAN_POINT('',(250.,0.));
#9698 = VECTOR('',#9699,1.);
#9699 = DIRECTION('',(0.,1.));
#9700 = ( GEOMETRIC_REPRESENTATION_CONTEXT(2) 
PARAMETRIC_REPRESENTATION_CONTEXT() REPRESENTATION_CONTEXT('2D SPACE',''
  ) );
#9701 = PCURVE('',#9551,#9702);
#9702 = DEFINITIONAL_REPRESENTATION('',(#9703),#9707);
#9703 = LINE('',#9704,#9705);
#9704 = CARTESIAN_POINT('',(0.,0.));
#9705 = VECTOR('',#9706,1.);
#9706 = DIRECTION('',(1.,0.));
#9707 = ( GEOMETRIC_REPRESENTATION_CONTEXT(2) 
PARAMETRIC_REPRESENTATION_CONTEXT() REPRESENTATION_CONTEXT('2D SPACE',''
  ) );
#9708 = ORIENTED_EDGE('',*,*,#9566,.F.);
#9709 = ADVANCED_FACE('',(#9710),#9525,.T.);
#9710 = FACE_BOUND('',#9711,.T.);
#9711 = EDGE_LOOP('',(#9712,#9733,#9734,#9755));
#9712 = ORIENTED_EDGE('',*,*,#9713,.F.);
#9713 = EDGE_CURVE('',#9482,#9597,#9714,.T.);
#9714 = SURFACE_CURVE('',#9715,(#9719,#9726),.PCURVE_S1.);
#9715 = LINE('',#9716,#9717);
#9716 = CARTESIAN_POINT('',(-824.,300.,150.));
#9717 = VECTOR('',#9718,1.);
#9718 = DIRECTION('',(1.,0.,0.));
#9719 = PCURVE('',#9525,#9720);
#9720 = DEFINITIONAL_REPRESENTATION('',(#9721),#9725);
#9721 = LINE('',#9722,#9723);
#9722 = CARTESIAN_POINT('',(0.,0.));
#9723 = VECTOR('',#9724,1.);
#9724 = DIRECTION('',(0.,1.));
#9725 = ( GEOMETRIC_REPRESENTATION_CONTEXT(2) 
PARAMETRIC_REPRESENTATION_CONTEXT() REPRESENTATION_CONTEXT('2D SPACE',''
  ) );
#9726 = PCURVE('',#9497,#9727);
#9727 = DEFINITIONAL_REPRESENTATION('',(#9728),#9732);
#9728 = LINE('',#9729,#9730);
#9729 = CARTESIAN_POINT('',(0.,600.));
#9730 = VECTOR('',#9731,1.);
#9731 = DIRECTION('',(1.,0.));
#9732 = ( GEOMETRIC_REPRESENTATION_CONTEXT(2) 
PARAMETRIC_REPRESENTATION_CONTEXT() REPRESENTATION_CONTEXT('2D SPACE',''
  ) );
#9733 = ORIENTED_EDGE('',*,*,#9509,.T.);
#9734 = ORIENTED_EDGE('',*,*,#9735,.T.);
#9735 = EDGE_CURVE('',#9510,#9620,#9736,.T.);
#9736 = SURFACE_CURVE('',#9737,(#9741,#9748),.PCURVE_S1.);
#9737 = LINE('',#9738,#9739);
#9738 = CARTESIAN_POINT('',(-824.,300.,400.));
#9739 = VECTOR('',#9740,1.);
#9740 = DIRECTION('',(1.,0.,0.));
#9741 = PCURVE('',#9525,#9742);
#9742 = DEFINITIONAL_REPRESENTATION('',(#9743),#9747);
#9743 = LINE('',#9744,#9745);
#9744 = CARTESIAN_POINT('',(250.,0.));
#9745 = VECTOR('',#9746,1.);
#9746 = DIRECTION('',(0.,1.));
#9747 = ( GEOMETRIC_REPRESENTATION_CONTEXT(2) 
PARAMETRIC_REPRESENTATION_CONTEXT() REPRESENTATION_CONTEXT('2D SPACE',''
  ) );
#9748 = PCURVE('',#9551,#9749);
#9749 = DEFINITIONAL_REPRESENTATION('',(#9750),#9754);
#9750 = LINE('',#9751,#9752);
#9751 = CARTESIAN_POINT('',(0.,600.));
#9752 = VECTOR('',#9753,1.);
#9753 = DIRECTION('',(1.,0.));
#9754 = ( GEOMETRIC_REPRESENTATION_CONTEXT(2) 
PARAMETRIC_REPRESENTATION_CONTEXT() REPRESENTATION_CONTEXT('2D SPACE',''
  ) );
#9755 = ORIENTED_EDGE('',*,*,#9619,.F.);
#9756 = ADVANCED_FACE('',(#9757),#9497,.F.);
#9757 = FACE_BOUND('',#9758,.F.);
#9758 = EDGE_LOOP('',(#9759,#9760,#9761,#9762));
#9759 = ORIENTED_EDGE('',*,*,#9481,.F.);
#9760 = ORIENTED_EDGE('',*,*,#9666,.T.);
#9761 = ORIENTED_EDGE('',*,*,#9596,.T.);
#9762 = ORIENTED_EDGE('',*,*,#9713,.F.);
#9763 = ADVANCED_FACE('',(#9764),#9551,.T.);
#9764 = FACE_BOUND('',#9765,.T.);
#9765 = EDGE_LOOP('',(#9766,#9767,#9768,#9769));
#9766 = ORIENTED_EDGE('',*,*,#9537,.F.);
#9767 = ORIENTED_EDGE('',*,*,#9688,.T.);
#9768 = ORIENTED_EDGE('',*,*,#9642,.T.);
#9769 = ORIENTED_EDGE('',*,*,#9735,.F.);
#9770 = ( GEOMETRIC_REPRESENTATION_CONTEXT(3) 
GLOBAL_UNCERTAINTY_ASSIGNED_CONTEXT((#9774)) 
GLOBAL_UNIT_ASSIGNED_CONTEXT((#9771,#9772,#9773)) REPRESENTATION_CONTEXT
('Context #1','3D Context with UNIT and UNCERTAINTY') );
#9771 = ( LENGTH_UNIT() NAMED_UNIT(*) SI_UNIT(.MILLI.,.METRE.) );
#9772 = ( NAMED_UNIT(*) PLANE_ANGLE_UNIT() SI_UNIT($,.RADIAN.) );
#9773 = ( NAMED_UNIT(*) SI_UNIT($,.STERADIAN.) SOLID_ANGLE_UNIT() );
#9774 = UNCERTAINTY_MEASURE_WITH_UNIT(LENGTH_MEASURE(1.E-07),#9771,
  'distance_accuracy_value','confusion accuracy');
#9775 = CONTEXT_DEPENDENT_SHAPE_REPRESENTATION(#9776,#9778);
#9776 = ( REPRESENTATION_RELATIONSHIP('','',#9439,#10) 
REPRESENTATION_RELATIONSHIP_WITH_TRANSFORMATION(#9777) 
SHAPE_REPRESENTATION_RELATIONSHIP() );
#9777 = ITEM_DEFINED_TRANSFORMATION('','',#11,#123);
#9778 = PRODUCT_DEFINITION_SHAPE('Placement','Placement of an item',
  #9779);
#9779 = NEXT_ASSEMBLY_USAGE_OCCURRENCE('28','POWERTRAIN_HV/drive_leg',''
  ,#5,#9434,$);
#9780 = PRODUCT_RELATED_PRODUCT_CATEGORY('part',$,(#9436));
#9781 = SHAPE_DEFINITION_REPRESENTATION(#9782,#9788);
#9782 = PRODUCT_DEFINITION_SHAPE('','',#9783);
#9783 = PRODUCT_DEFINITION('design','',#9784,#9787);
#9784 = PRODUCT_DEFINITION_FORMATION('','',#9785);
#9785 = PRODUCT('CABLES/hv_pack_pos','CABLES/hv_pack_pos','',(#9786));
#9786 = PRODUCT_CONTEXT('',#2,'mechanical');
#9787 = PRODUCT_DEFINITION_CONTEXT('part definition',#2,'design');
#9788 = ADVANCED_BREP_SHAPE_REPRESENTATION('',(#11,#9789),#9887);
#9789 = MANIFOLD_SOLID_BREP('',#9790);
#9790 = CLOSED_SHELL('',(#9791,#9879,#9883));
#9791 = ADVANCED_FACE('',(#9792),#9806,.T.);
#9792 = FACE_BOUND('',#9793,.F.);
#9793 = EDGE_LOOP('',(#9794,#9824,#9851,#9852));
#9794 = ORIENTED_EDGE('',*,*,#9795,.T.);
#9795 = EDGE_CURVE('',#9796,#9798,#9800,.T.);
#9796 = VERTEX_POINT('',#9797);
#9797 = CARTESIAN_POINT('',(-17.3,60.,855.04119458007));
#9798 = VERTEX_POINT('',#9799);
#9799 = CARTESIAN_POINT('',(-17.3,60.,880.04119458007));
#9800 = SEAM_CURVE('',#9801,(#9805,#9817),.PCURVE_S1.);
#9801 = LINE('',#9802,#9803);
#9802 = CARTESIAN_POINT('',(-17.3,60.,855.04119458007));
#9803 = VECTOR('',#9804,1.);
#9804 = DIRECTION('',(0.,0.,1.));
#9805 = PCURVE('',#9806,#9811);
#9806 = CYLINDRICAL_SURFACE('',#9807,12.7);
#9807 = AXIS2_PLACEMENT_3D('',#9808,#9809,#9810);
#9808 = CARTESIAN_POINT('',(-30.,60.,855.04119458007));
#9809 = DIRECTION('',(-0.,-0.,-1.));
#9810 = DIRECTION('',(1.,0.,0.));
#9811 = DEFINITIONAL_REPRESENTATION('',(#9812),#9816);
#9812 = LINE('',#9813,#9814);
#9813 = CARTESIAN_POINT('',(-0.,0.));
#9814 = VECTOR('',#9815,1.);
#9815 = DIRECTION('',(-0.,-1.));
#9816 = ( GEOMETRIC_REPRESENTATION_CONTEXT(2) 
PARAMETRIC_REPRESENTATION_CONTEXT() REPRESENTATION_CONTEXT('2D SPACE',''
  ) );
#9817 = PCURVE('',#9806,#9818);
#9818 = DEFINITIONAL_REPRESENTATION('',(#9819),#9823);
#9819 = LINE('',#9820,#9821);
#9820 = CARTESIAN_POINT('',(-6.28318530718,0.));
#9821 = VECTOR('',#9822,1.);
#9822 = DIRECTION('',(-0.,-1.));
#9823 = ( GEOMETRIC_REPRESENTATION_CONTEXT(2) 
PARAMETRIC_REPRESENTATION_CONTEXT() REPRESENTATION_CONTEXT('2D SPACE',''
  ) );
#9824 = ORIENTED_EDGE('',*,*,#9825,.T.);
#9825 = EDGE_CURVE('',#9798,#9798,#9826,.T.);
#9826 = SURFACE_CURVE('',#9827,(#9832,#9839),.PCURVE_S1.);
#9827 = CIRCLE('',#9828,12.7);
#9828 = AXIS2_PLACEMENT_3D('',#9829,#9830,#9831);
#9829 = CARTESIAN_POINT('',(-30.,60.,880.04119458007));
#9830 = DIRECTION('',(0.,0.,1.));
#9831 = DIRECTION('',(1.,0.,0.));
#9832 = PCURVE('',#9806,#9833);
#9833 = DEFINITIONAL_REPRESENTATION('',(#9834),#9838);
#9834 = LINE('',#9835,#9836);
#9835 = CARTESIAN_POINT('',(-0.,-25.));
#9836 = VECTOR('',#9837,1.);
#9837 = DIRECTION('',(-1.,0.));
#9838 = ( GEOMETRIC_REPRESENTATION_CONTEXT(2) 
PARAMETRIC_REPRESENTATION_CONTEXT() REPRESENTATION_CONTEXT('2D SPACE',''
  ) );
#9839 = PCURVE('',#9840,#9845);
#9840 = PLANE('',#9841);
#9841 = AXIS2_PLACEMENT_3D('',#9842,#9843,#9844);
#9842 = CARTESIAN_POINT('',(-30.,60.,880.04119458007));
#9843 = DIRECTION('',(0.,0.,1.));
#9844 = DIRECTION('',(1.,0.,-0.));
#9845 = DEFINITIONAL_REPRESENTATION('',(#9846),#9850);
#9846 = CIRCLE('',#9847,12.7);
#9847 = AXIS2_PLACEMENT_2D('',#9848,#9849);
#9848 = CARTESIAN_POINT('',(0.,0.));
#9849 = DIRECTION('',(1.,0.));
#9850 = ( GEOMETRIC_REPRESENTATION_CONTEXT(2) 
PARAMETRIC_REPRESENTATION_CONTEXT() REPRESENTATION_CONTEXT('2D SPACE',''
  ) );
#9851 = ORIENTED_EDGE('',*,*,#9795,.F.);
#9852 = ORIENTED_EDGE('',*,*,#9853,.F.);
#9853 = EDGE_CURVE('',#9796,#9796,#9854,.T.);
#9854 = SURFACE_CURVE('',#9855,(#9860,#9867),.PCURVE_S1.);
#9855 = CIRCLE('',#9856,12.7);
#9856 = AXIS2_PLACEMENT_3D('',#9857,#9858,#9859);
#9857 = CARTESIAN_POINT('',(-30.,60.,855.04119458007));
#9858 = DIRECTION('',(0.,0.,1.));
#9859 = DIRECTION('',(1.,0.,0.));
#9860 = PCURVE('',#9806,#9861);
#9861 = DEFINITIONAL_REPRESENTATION('',(#9862),#9866);
#9862 = LINE('',#9863,#9864);
#9863 = CARTESIAN_POINT('',(-0.,0.));
#9864 = VECTOR('',#9865,1.);
#9865 = DIRECTION('',(-1.,0.));
#9866 = ( GEOMETRIC_REPRESENTATION_CONTEXT(2) 
PARAMETRIC_REPRESENTATION_CONTEXT() REPRESENTATION_CONTEXT('2D SPACE',''
  ) );
#9867 = PCURVE('',#9868,#9873);
#9868 = PLANE('',#9869);
#9869 = AXIS2_PLACEMENT_3D('',#9870,#9871,#9872);
#9870 = CARTESIAN_POINT('',(-30.,60.,855.04119458007));
#9871 = DIRECTION('',(0.,0.,1.));
#9872 = DIRECTION('',(1.,0.,-0.));
#9873 = DEFINITIONAL_REPRESENTATION('',(#9874),#9878);
#9874 = CIRCLE('',#9875,12.7);
#9875 = AXIS2_PLACEMENT_2D('',#9876,#9877);
#9876 = CARTESIAN_POINT('',(0.,0.));
#9877 = DIRECTION('',(1.,0.));
#9878 = ( GEOMETRIC_REPRESENTATION_CONTEXT(2) 
PARAMETRIC_REPRESENTATION_CONTEXT() REPRESENTATION_CONTEXT('2D SPACE',''
  ) );
#9879 = ADVANCED_FACE('',(#9880),#9868,.F.);
#9880 = FACE_BOUND('',#9881,.F.);
#9881 = EDGE_LOOP('',(#9882));
#9882 = ORIENTED_EDGE('',*,*,#9853,.T.);
#9883 = ADVANCED_FACE('',(#9884),#9840,.T.);
#9884 = FACE_BOUND('',#9885,.T.);
#9885 = EDGE_LOOP('',(#9886));
#9886 = ORIENTED_EDGE('',*,*,#9825,.T.);
#9887 = ( GEOMETRIC_REPRESENTATION_CONTEXT(3) 
GLOBAL_UNCERTAINTY_ASSIGNED_CONTEXT((#9891)) 
GLOBAL_UNIT_ASSIGNED_CONTEXT((#9888,#9889,#9890)) REPRESENTATION_CONTEXT
('Context #1','3D Context with UNIT and UNCERTAINTY') );
#9888 = ( LENGTH_UNIT() NAMED_UNIT(*) SI_UNIT(.MILLI.,.METRE.) );
#9889 = ( NAMED_UNIT(*) PLANE_ANGLE_UNIT() SI_UNIT($,.RADIAN.) );
#9890 = ( NAMED_UNIT(*) SI_UNIT($,.STERADIAN.) SOLID_ANGLE_UNIT() );
#9891 = UNCERTAINTY_MEASURE_WITH_UNIT(LENGTH_MEASURE(1.E-07),#9888,
  'distance_accuracy_value','confusion accuracy');
#9892 = CONTEXT_DEPENDENT_SHAPE_REPRESENTATION(#9893,#9895);
#9893 = ( REPRESENTATION_RELATIONSHIP('','',#9788,#10) 
REPRESENTATION_RELATIONSHIP_WITH_TRANSFORMATION(#9894) 
SHAPE_REPRESENTATION_RELATIONSHIP() );
#9894 = ITEM_DEFINED_TRANSFORMATION('','',#11,#127);
#9895 = PRODUCT_DEFINITION_SHAPE('Placement','Placement of an item',
  #9896);
#9896 = NEXT_ASSEMBLY_USAGE_OCCURRENCE('29','CABLES/hv_pack_pos','',#5,
  #9783,$);
#9897 = PRODUCT_RELATED_PRODUCT_CATEGORY('part',$,(#9785));
#9898 = SHAPE_DEFINITION_REPRESENTATION(#9899,#9905);
#9899 = PRODUCT_DEFINITION_SHAPE('','',#9900);
#9900 = PRODUCT_DEFINITION('design','',#9901,#9904);
#9901 = PRODUCT_DEFINITION_FORMATION('','',#9902);
#9902 = PRODUCT('CABLES/hv_pack_neg','CABLES/hv_pack_neg','',(#9903));
#9903 = PRODUCT_CONTEXT('',#2,'mechanical');
#9904 = PRODUCT_DEFINITION_CONTEXT('part definition',#2,'design');
#9905 = ADVANCED_BREP_SHAPE_REPRESENTATION('',(#11,#9906),#10004);
#9906 = MANIFOLD_SOLID_BREP('',#9907);
#9907 = CLOSED_SHELL('',(#9908,#9996,#10000));
#9908 = ADVANCED_FACE('',(#9909),#9923,.T.);
#9909 = FACE_BOUND('',#9910,.F.);
#9910 = EDGE_LOOP('',(#9911,#9941,#9968,#9969));
#9911 = ORIENTED_EDGE('',*,*,#9912,.T.);
#9912 = EDGE_CURVE('',#9913,#9915,#9917,.T.);
#9913 = VERTEX_POINT('',#9914);
#9914 = CARTESIAN_POINT('',(-77.3,-60.,855.04119458007));
#9915 = VERTEX_POINT('',#9916);
#9916 = CARTESIAN_POINT('',(-77.3,-60.,880.04119458007));
#9917 = SEAM_CURVE('',#9918,(#9922,#9934),.PCURVE_S1.);
#9918 = LINE('',#9919,#9920);
#9919 = CARTESIAN_POINT('',(-77.3,-60.,855.04119458007));
#9920 = VECTOR('',#9921,1.);
#9921 = DIRECTION('',(0.,0.,1.));
#9922 = PCURVE('',#9923,#9928);
#9923 = CYLINDRICAL_SURFACE('',#9924,12.7);
#9924 = AXIS2_PLACEMENT_3D('',#9925,#9926,#9927);
#9925 = CARTESIAN_POINT('',(-90.,-60.,855.04119458007));
#9926 = DIRECTION('',(-0.,-0.,-1.));
#9927 = DIRECTION('',(1.,0.,0.));
#9928 = DEFINITIONAL_REPRESENTATION('',(#9929),#9933);
#9929 = LINE('',#9930,#9931);
#9930 = CARTESIAN_POINT('',(-0.,0.));
#9931 = VECTOR('',#9932,1.);
#9932 = DIRECTION('',(-0.,-1.));
#9933 = ( GEOMETRIC_REPRESENTATION_CONTEXT(2) 
PARAMETRIC_REPRESENTATION_CONTEXT() REPRESENTATION_CONTEXT('2D SPACE',''
  ) );
#9934 = PCURVE('',#9923,#9935);
#9935 = DEFINITIONAL_REPRESENTATION('',(#9936),#9940);
#9936 = LINE('',#9937,#9938);
#9937 = CARTESIAN_POINT('',(-6.28318530718,0.));
#9938 = VECTOR('',#9939,1.);
#9939 = DIRECTION('',(-0.,-1.));
#9940 = ( GEOMETRIC_REPRESENTATION_CONTEXT(2) 
PARAMETRIC_REPRESENTATION_CONTEXT() REPRESENTATION_CONTEXT('2D SPACE',''
  ) );
#9941 = ORIENTED_EDGE('',*,*,#9942,.T.);
#9942 = EDGE_CURVE('',#9915,#9915,#9943,.T.);
#9943 = SURFACE_CURVE('',#9944,(#9949,#9956),.PCURVE_S1.);
#9944 = CIRCLE('',#9945,12.7);
#9945 = AXIS2_PLACEMENT_3D('',#9946,#9947,#9948);
#9946 = CARTESIAN_POINT('',(-90.,-60.,880.04119458007));
#9947 = DIRECTION('',(0.,0.,1.));
#9948 = DIRECTION('',(1.,0.,0.));
#9949 = PCURVE('',#9923,#9950);
#9950 = DEFINITIONAL_REPRESENTATION('',(#9951),#9955);
#9951 = LINE('',#9952,#9953);
#9952 = CARTESIAN_POINT('',(-0.,-25.));
#9953 = VECTOR('',#9954,1.);
#9954 = DIRECTION('',(-1.,0.));
#9955 = ( GEOMETRIC_REPRESENTATION_CONTEXT(2) 
PARAMETRIC_REPRESENTATION_CONTEXT() REPRESENTATION_CONTEXT('2D SPACE',''
  ) );
#9956 = PCURVE('',#9957,#9962);
#9957 = PLANE('',#9958);
#9958 = AXIS2_PLACEMENT_3D('',#9959,#9960,#9961);
#9959 = CARTESIAN_POINT('',(-90.,-60.,880.04119458007));
#9960 = DIRECTION('',(0.,0.,1.));
#9961 = DIRECTION('',(1.,0.,-0.));
#9962 = DEFINITIONAL_REPRESENTATION('',(#9963),#9967);
#9963 = CIRCLE('',#9964,12.7);
#9964 = AXIS2_PLACEMENT_2D('',#9965,#9966);
#9965 = CARTESIAN_POINT('',(0.,0.));
#9966 = DIRECTION('',(1.,0.));
#9967 = ( GEOMETRIC_REPRESENTATION_CONTEXT(2) 
PARAMETRIC_REPRESENTATION_CONTEXT() REPRESENTATION_CONTEXT('2D SPACE',''
  ) );
#9968 = ORIENTED_EDGE('',*,*,#9912,.F.);
#9969 = ORIENTED_EDGE('',*,*,#9970,.F.);
#9970 = EDGE_CURVE('',#9913,#9913,#9971,.T.);
#9971 = SURFACE_CURVE('',#9972,(#9977,#9984),.PCURVE_S1.);
#9972 = CIRCLE('',#9973,12.7);
#9973 = AXIS2_PLACEMENT_3D('',#9974,#9975,#9976);
#9974 = CARTESIAN_POINT('',(-90.,-60.,855.04119458007));
#9975 = DIRECTION('',(0.,0.,1.));
#9976 = DIRECTION('',(1.,0.,0.));
#9977 = PCURVE('',#9923,#9978);
#9978 = DEFINITIONAL_REPRESENTATION('',(#9979),#9983);
#9979 = LINE('',#9980,#9981);
#9980 = CARTESIAN_POINT('',(-0.,0.));
#9981 = VECTOR('',#9982,1.);
#9982 = DIRECTION('',(-1.,0.));
#9983 = ( GEOMETRIC_REPRESENTATION_CONTEXT(2) 
PARAMETRIC_REPRESENTATION_CONTEXT() REPRESENTATION_CONTEXT('2D SPACE',''
  ) );
#9984 = PCURVE('',#9985,#9990);
#9985 = PLANE('',#9986);
#9986 = AXIS2_PLACEMENT_3D('',#9987,#9988,#9989);
#9987 = CARTESIAN_POINT('',(-90.,-60.,855.04119458007));
#9988 = DIRECTION('',(0.,0.,1.));
#9989 = DIRECTION('',(1.,0.,-0.));
#9990 = DEFINITIONAL_REPRESENTATION('',(#9991),#9995);
#9991 = CIRCLE('',#9992,12.7);
#9992 = AXIS2_PLACEMENT_2D('',#9993,#9994);
#9993 = CARTESIAN_POINT('',(0.,0.));
#9994 = DIRECTION('',(1.,0.));
#9995 = ( GEOMETRIC_REPRESENTATION_CONTEXT(2) 
PARAMETRIC_REPRESENTATION_CONTEXT() REPRESENTATION_CONTEXT('2D SPACE',''
  ) );
#9996 = ADVANCED_FACE('',(#9997),#9985,.F.);
#9997 = FACE_BOUND('',#9998,.F.);
#9998 = EDGE_LOOP('',(#9999));
#9999 = ORIENTED_EDGE('',*,*,#9970,.T.);
#10000 = ADVANCED_FACE('',(#10001),#9957,.T.);
#10001 = FACE_BOUND('',#10002,.T.);
#10002 = EDGE_LOOP('',(#10003));
#10003 = ORIENTED_EDGE('',*,*,#9942,.T.);
#10004 = ( GEOMETRIC_REPRESENTATION_CONTEXT(3) 
GLOBAL_UNCERTAINTY_ASSIGNED_CONTEXT((#10008)) 
GLOBAL_UNIT_ASSIGNED_CONTEXT((#10005,#10006,#10007)) 
REPRESENTATION_CONTEXT('Context #1',
  '3D Context with UNIT and UNCERTAINTY') );
#10005 = ( LENGTH_UNIT() NAMED_UNIT(*) SI_UNIT(.MILLI.,.METRE.) );
#10006 = ( NAMED_UNIT(*) PLANE_ANGLE_UNIT() SI_UNIT($,.RADIAN.) );
#10007 = ( NAMED_UNIT(*) SI_UNIT($,.STERADIAN.) SOLID_ANGLE_UNIT() );
#10008 = UNCERTAINTY_MEASURE_WITH_UNIT(LENGTH_MEASURE(1.E-07),#10005,
  'distance_accuracy_value','confusion accuracy');
#10009 = CONTEXT_DEPENDENT_SHAPE_REPRESENTATION(#10010,#10012);
#10010 = ( REPRESENTATION_RELATIONSHIP('','',#9905,#10) 
REPRESENTATION_RELATIONSHIP_WITH_TRANSFORMATION(#10011) 
SHAPE_REPRESENTATION_RELATIONSHIP() );
#10011 = ITEM_DEFINED_TRANSFORMATION('','',#11,#131);
#10012 = PRODUCT_DEFINITION_SHAPE('Placement','Placement of an item',
  #10013);
#10013 = NEXT_ASSEMBLY_USAGE_OCCURRENCE('30','CABLES/hv_pack_neg','',#5,
  #9900,$);
#10014 = PRODUCT_RELATED_PRODUCT_CATEGORY('part',$,(#9902));
#10015 = SHAPE_DEFINITION_REPRESENTATION(#10016,#10022);
#10016 = PRODUCT_DEFINITION_SHAPE('','',#10017);
#10017 = PRODUCT_DEFINITION('design','',#10018,#10021);
#10018 = PRODUCT_DEFINITION_FORMATION('','',#10019);
#10019 = PRODUCT('CABLES/hv_fused_to_pdu','CABLES/hv_fused_to_pdu','',(
    #10020));
#10020 = PRODUCT_CONTEXT('',#2,'mechanical');
#10021 = PRODUCT_DEFINITION_CONTEXT('part definition',#2,'design');
#10022 = ADVANCED_BREP_SHAPE_REPRESENTATION('',(#11,#10023),#10673);
#10023 = MANIFOLD_SOLID_BREP('',#10024);
#10024 = CLOSED_SHELL('',(#10025,#10212,#10239,#10397,#10401,#10428,
    #10562,#10663,#10669));
#10025 = ADVANCED_FACE('',(#10026),#10040,.T.);
#10026 = FACE_BOUND('',#10027,.F.);
#10027 = EDGE_LOOP('',(#10028,#10058,#10085,#10086,#10114,#10155,#10191)
  );
#10028 = ORIENTED_EDGE('',*,*,#10029,.F.);
#10029 = EDGE_CURVE('',#10030,#10032,#10034,.T.);
#10030 = VERTEX_POINT('',#10031);
#10031 = CARTESIAN_POINT('',(-47.3,-75.,930.04119458007));
#10032 = VERTEX_POINT('',#10033);
#10033 = CARTESIAN_POINT('',(-47.3,-322.,930.04119458007));
#10034 = SEAM_CURVE('',#10035,(#10039,#10051),.PCURVE_S1.);
#10035 = LINE('',#10036,#10037);
#10036 = CARTESIAN_POINT('',(-47.3,-75.,930.04119458007));
#10037 = VECTOR('',#10038,1.);
#10038 = DIRECTION('',(0.,-1.,1.110223024625E-16));
#10039 = PCURVE('',#10040,#10045);
#10040 = CYLINDRICAL_SURFACE('',#10041,12.7);
#10041 = AXIS2_PLACEMENT_3D('',#10042,#10043,#10044);
#10042 = CARTESIAN_POINT('',(-60.,-75.,930.04119458007));
#10043 = DIRECTION('',(-0.,1.,-1.110223024625E-16));
#10044 = DIRECTION('',(1.,0.,0.));
#10045 = DEFINITIONAL_REPRESENTATION('',(#10046),#10050);
#10046 = LINE('',#10047,#10048);
#10047 = CARTESIAN_POINT('',(-6.28318530718,0.));
#10048 = VECTOR('',#10049,1.);
#10049 = DIRECTION('',(-0.,-1.));
#10050 = ( GEOMETRIC_REPRESENTATION_CONTEXT(2) 
PARAMETRIC_REPRESENTATION_CONTEXT() REPRESENTATION_CONTEXT('2D SPACE',''
  ) );
#10051 = PCURVE('',#10040,#10052);
#10052 = DEFINITIONAL_REPRESENTATION('',(#10053),#10057);
#10053 = LINE('',#10054,#10055);
#10054 = CARTESIAN_POINT('',(-0.,0.));
#10055 = VECTOR('',#10056,1.);
#10056 = DIRECTION('',(-0.,-1.));
#10057 = ( GEOMETRIC_REPRESENTATION_CONTEXT(2) 
PARAMETRIC_REPRESENTATION_CONTEXT() REPRESENTATION_CONTEXT('2D SPACE',''
  ) );
#10058 = ORIENTED_EDGE('',*,*,#10059,.F.);
#10059 = EDGE_CURVE('',#10030,#10030,#10060,.T.);
#10060 = SURFACE_CURVE('',#10061,(#10066,#10073),.PCURVE_S1.);
#10061 = CIRCLE('',#10062,12.7);
#10062 = AXIS2_PLACEMENT_3D('',#10063,#10064,#10065);
#10063 = CARTESIAN_POINT('',(-60.,-75.,930.04119458007));
#10064 = DIRECTION('',(0.,-1.,1.110223024625E-16));
#10065 = DIRECTION('',(1.,0.,0.));
#10066 = PCURVE('',#10040,#10067);
#10067 = DEFINITIONAL_REPRESENTATION('',(#10068),#10072);
#10068 = LINE('',#10069,#10070);
#10069 = CARTESIAN_POINT('',(-0.,0.));
#10070 = VECTOR('',#10071,1.);
#10071 = DIRECTION('',(-1.,0.));
#10072 = ( GEOMETRIC_REPRESENTATION_CONTEXT(2) 
PARAMETRIC_REPRESENTATION_CONTEXT() REPRESENTATION_CONTEXT('2D SPACE',''
  ) );
#10073 = PCURVE('',#10074,#10079);
#10074 = PLANE('',#10075);
#10075 = AXIS2_PLACEMENT_3D('',#10076,#10077,#10078);
#10076 = CARTESIAN_POINT('',(-60.,-75.,930.04119458007));
#10077 = DIRECTION('',(0.,-1.,1.110223024625E-16));
#10078 = DIRECTION('',(1.,0.,0.));
#10079 = DEFINITIONAL_REPRESENTATION('',(#10080),#10084);
#10080 = CIRCLE('',#10081,12.7);
#10081 = AXIS2_PLACEMENT_2D('',#10082,#10083);
#10082 = CARTESIAN_POINT('',(0.,0.));
#10083 = DIRECTION('',(1.,0.));
#10084 = ( GEOMETRIC_REPRESENTATION_CONTEXT(2) 
PARAMETRIC_REPRESENTATION_CONTEXT() REPRESENTATION_CONTEXT('2D SPACE',''
  ) );
#10085 = ORIENTED_EDGE('',*,*,#10029,.T.);
#10086 = ORIENTED_EDGE('',*,*,#10087,.T.);
#10087 = EDGE_CURVE('',#10032,#10088,#10090,.T.);
#10088 = VERTEX_POINT('',#10089);
#10089 = CARTESIAN_POINT('',(-60.,-322.,942.74119458007));
#10090 = SURFACE_CURVE('',#10091,(#10096,#10103),.PCURVE_S1.);
#10091 = CIRCLE('',#10092,12.7);
#10092 = AXIS2_PLACEMENT_3D('',#10093,#10094,#10095);
#10093 = CARTESIAN_POINT('',(-60.,-322.,930.04119458007));
#10094 = DIRECTION('',(0.,-1.,1.110223024625E-16));
#10095 = DIRECTION('',(1.,0.,0.));
#10096 = PCURVE('',#10040,#10097);
#10097 = DEFINITIONAL_REPRESENTATION('',(#10098),#10102);
#10098 = LINE('',#10099,#10100);
#10099 = CARTESIAN_POINT('',(-0.,-247.));
#10100 = VECTOR('',#10101,1.);
#10101 = DIRECTION('',(-1.,0.));
#10102 = ( GEOMETRIC_REPRESENTATION_CONTEXT(2) 
PARAMETRIC_REPRESENTATION_CONTEXT() REPRESENTATION_CONTEXT('2D SPACE',''
  ) );
#10103 = PCURVE('',#10104,#10109);
#10104 = SPHERICAL_SURFACE('',#10105,12.7);
#10105 = AXIS2_PLACEMENT_3D('',#10106,#10107,#10108);
#10106 = CARTESIAN_POINT('',(-60.,-322.,930.04119458007));
#10107 = DIRECTION('',(0.,0.,1.));
#10108 = DIRECTION('',(1.,0.,0.));
#10109 = DEFINITIONAL_REPRESENTATION('',(#10110),#10113);
#10110 = B_SPLINE_CURVE_WITH_KNOTS('',1,(#10111,#10112),.UNSPECIFIED.,
  .F.,.F.,(2,2),(0.,1.570796326795),.PIECEWISE_BEZIER_KNOTS.);
#10111 = CARTESIAN_POINT('',(6.28318530718,0.));
#10112 = CARTESIAN_POINT('',(6.28318530718,1.570796326795));
#10113 = ( GEOMETRIC_REPRESENTATION_CONTEXT(2) 
PARAMETRIC_REPRESENTATION_CONTEXT() REPRESENTATION_CONTEXT('2D SPACE',''
  ) );
#10114 = ORIENTED_EDGE('',*,*,#10115,.F.);
#10115 = EDGE_CURVE('',#10116,#10088,#10118,.T.);
#10116 = VERTEX_POINT('',#10117);
#10117 = CARTESIAN_POINT('',(-72.7,-309.3,930.04119458007));
#10118 = SURFACE_CURVE('',#10119,(#10124,#10137),.PCURVE_S1.);
#10119 = ELLIPSE('',#10120,17.960512242138,12.7);
#10120 = AXIS2_PLACEMENT_3D('',#10121,#10122,#10123);
#10121 = CARTESIAN_POINT('',(-60.,-322.,930.04119458007));
#10122 = DIRECTION('',(0.707106781187,0.707106781187,-1.570092458684E-16
    ));
#10123 = DIRECTION('',(-0.707106781187,0.707106781187,0.));
#10124 = PCURVE('',#10040,#10125);
#10125 = DEFINITIONAL_REPRESENTATION('',(#10126),#10136);
#10126 = B_SPLINE_CURVE_WITH_KNOTS('',8,(#10127,#10128,#10129,#10130,
    #10131,#10132,#10133,#10134,#10135),.UNSPECIFIED.,.F.,.F.,(9,9),(0.,
    1.570796326795),.PIECEWISE_BEZIER_KNOTS.);
#10127 = CARTESIAN_POINT('',(-3.14159265359,-234.3));
#10128 = CARTESIAN_POINT('',(-2.94524311274,-234.3));
#10129 = CARTESIAN_POINT('',(-2.748893571892,-234.8595718551));
#10130 = CARTESIAN_POINT('',(-2.552544031027,-235.978710811));
#10131 = CARTESIAN_POINT('',(-2.356194490196,-237.6114138683));
#10132 = CARTESIAN_POINT('',(-2.159844949332,-239.6655815817));
#10133 = CARTESIAN_POINT('',(-1.963495408495,-242.0127210704));
#10134 = CARTESIAN_POINT('',(-1.767145867644,-244.5063608312));
#10135 = CARTESIAN_POINT('',(-1.570796326795,-247.));
#10136 = ( GEOMETRIC_REPRESENTATION_CONTEXT(2) 
PARAMETRIC_REPRESENTATION_CONTEXT() REPRESENTATION_CONTEXT('2D SPACE',''
  ) );
#10137 = PCURVE('',#10138,#10143);
#10138 = CYLINDRICAL_SURFACE('',#10139,12.7);
#10139 = AXIS2_PLACEMENT_3D('',#10140,#10141,#10142);
#10140 = CARTESIAN_POINT('',(-60.,-322.,930.04119458007));
#10141 = DIRECTION('',(1.,-0.,-1.110223024625E-16));
#10142 = DIRECTION('',(1.110223024625E-16,0.,1.));
#10143 = DEFINITIONAL_REPRESENTATION('',(#10144),#10154);
#10144 = B_SPLINE_CURVE_WITH_KNOTS('',8,(#10145,#10146,#10147,#10148,
    #10149,#10150,#10151,#10152,#10153),.UNSPECIFIED.,.F.,.F.,(9,9),(0.,
    1.570796326795),.PIECEWISE_BEZIER_KNOTS.);
#10145 = CARTESIAN_POINT('',(-1.570796326795,-12.7));
#10146 = CARTESIAN_POINT('',(-1.374446785946,-12.7));
#10147 = CARTESIAN_POINT('',(-1.178097245097,-12.14042814497));
#10148 = CARTESIAN_POINT('',(-0.981747704244,-11.02128918847));
#10149 = CARTESIAN_POINT('',(-0.785398163401,-9.388586132365));
#10150 = CARTESIAN_POINT('',(-0.589048622545,-7.334418417347));
#10151 = CARTESIAN_POINT('',(-0.392699081699,-4.987278929645));
#10152 = CARTESIAN_POINT('',(-0.196349540849,-2.493639168787));
#10153 = CARTESIAN_POINT('',(0.,0.));
#10154 = ( GEOMETRIC_REPRESENTATION_CONTEXT(2) 
PARAMETRIC_REPRESENTATION_CONTEXT() REPRESENTATION_CONTEXT('2D SPACE',''
  ) );
#10155 = ORIENTED_EDGE('',*,*,#10156,.F.);
#10156 = EDGE_CURVE('',#10157,#10116,#10159,.T.);
#10157 = VERTEX_POINT('',#10158);
#10158 = CARTESIAN_POINT('',(-60.,-322.,917.34119458007));
#10159 = SURFACE_CURVE('',#10160,(#10165,#10178),.PCURVE_S1.);
#10160 = ELLIPSE('',#10161,17.960512242138,12.7);
#10161 = AXIS2_PLACEMENT_3D('',#10162,#10163,#10164);
#10162 = CARTESIAN_POINT('',(-60.,-322.,930.04119458007));
#10163 = DIRECTION('',(0.707106781187,0.707106781187,-1.570092458684E-16
    ));
#10164 = DIRECTION('',(-0.707106781187,0.707106781187,0.));
#10165 = PCURVE('',#10040,#10166);
#10166 = DEFINITIONAL_REPRESENTATION('',(#10167),#10177);
#10167 = B_SPLINE_CURVE_WITH_KNOTS('',8,(#10168,#10169,#10170,#10171,
    #10172,#10173,#10174,#10175,#10176),.UNSPECIFIED.,.F.,.F.,(9,9),(
    4.712388956733,6.28318530718),.PIECEWISE_BEZIER_KNOTS.);
#10168 = CARTESIAN_POINT('',(-4.712389004036,-247.0000003003));
#10169 = CARTESIAN_POINT('',(-4.516039460231,-244.506361094));
#10170 = CARTESIAN_POINT('',(-4.319689916421,-242.0127212826));
#10171 = CARTESIAN_POINT('',(-4.123340372635,-239.6655817365));
#10172 = CARTESIAN_POINT('',(-3.926990828786,-237.6114139661));
#10173 = CARTESIAN_POINT('',(-3.730641285018,-235.9787108608));
#10174 = CARTESIAN_POINT('',(-3.534291741199,-234.859571872));
#10175 = CARTESIAN_POINT('',(-3.337942197396,-234.3));
#10176 = CARTESIAN_POINT('',(-3.14159265359,-234.3));
#10177 = ( GEOMETRIC_REPRESENTATION_CONTEXT(2) 
PARAMETRIC_REPRESENTATION_CONTEXT() REPRESENTATION_CONTEXT('2D SPACE',''
  ) );
#10178 = PCURVE('',#10138,#10179);
#10179 = DEFINITIONAL_REPRESENTATION('',(#10180),#10190);
#10180 = B_SPLINE_CURVE_WITH_KNOTS('',8,(#10181,#10182,#10183,#10184,
    #10185,#10186,#10187,#10188,#10189),.UNSPECIFIED.,.F.,.F.,(9,9),(
    4.712388956733,6.28318530718),.PIECEWISE_BEZIER_KNOTS.);
#10181 = CARTESIAN_POINT('',(-3.141592677242,3.003773656474E-07));
#10182 = CARTESIAN_POINT('',(-2.945243133436,-2.493638905957));
#10183 = CARTESIAN_POINT('',(-2.748893589626,-4.987278717575));
#10184 = CARTESIAN_POINT('',(-2.55254404583,-7.33441826277));
#10185 = CARTESIAN_POINT('',(-2.356194501996,-9.388586033943));
#10186 = CARTESIAN_POINT('',(-2.159844958222,-11.021289138));
#10187 = CARTESIAN_POINT('',(-1.963495414402,-12.1404281281));
#10188 = CARTESIAN_POINT('',(-1.767145870601,-12.7));
#10189 = CARTESIAN_POINT('',(-1.570796326795,-12.7));
#10190 = ( GEOMETRIC_REPRESENTATION_CONTEXT(2) 
PARAMETRIC_REPRESENTATION_CONTEXT() REPRESENTATION_CONTEXT('2D SPACE',''
  ) );
#10191 = ORIENTED_EDGE('',*,*,#10192,.T.);
#10192 = EDGE_CURVE('',#10157,#10032,#10193,.T.);
#10193 = SURFACE_CURVE('',#10194,(#10199,#10206),.PCURVE_S1.);
#10194 = CIRCLE('',#10195,12.7);
#10195 = AXIS2_PLACEMENT_3D('',#10196,#10197,#10198);
#10196 = CARTESIAN_POINT('',(-60.,-322.,930.04119458007));
#10197 = DIRECTION('',(0.,-1.,1.110223024625E-16));
#10198 = DIRECTION('',(1.,0.,0.));
#10199 = PCURVE('',#10040,#10200);
#10200 = DEFINITIONAL_REPRESENTATION('',(#10201),#10205);
#10201 = LINE('',#10202,#10203);
#10202 = CARTESIAN_POINT('',(-0.,-247.));
#10203 = VECTOR('',#10204,1.);
#10204 = DIRECTION('',(-1.,0.));
#10205 = ( GEOMETRIC_REPRESENTATION_CONTEXT(2) 
PARAMETRIC_REPRESENTATION_CONTEXT() REPRESENTATION_CONTEXT('2D SPACE',''
  ) );
#10206 = PCURVE('',#10104,#10207);
#10207 = DEFINITIONAL_REPRESENTATION('',(#10208),#10211);
#10208 = B_SPLINE_CURVE_WITH_KNOTS('',1,(#10209,#10210),.UNSPECIFIED.,
  .F.,.F.,(2,2),(4.712388980385,6.28318530718),
  .PIECEWISE_BEZIER_KNOTS.);
#10209 = CARTESIAN_POINT('',(6.28318530718,-1.570796326795));
#10210 = CARTESIAN_POINT('',(6.28318530718,0.));
#10211 = ( GEOMETRIC_REPRESENTATION_CONTEXT(2) 
PARAMETRIC_REPRESENTATION_CONTEXT() REPRESENTATION_CONTEXT('2D SPACE',''
  ) );
#10212 = ADVANCED_FACE('',(#10213),#10104,.T.);
#10213 = FACE_BOUND('',#10214,.T.);
#10214 = EDGE_LOOP('',(#10215,#10216,#10238));
#10215 = ORIENTED_EDGE('',*,*,#10087,.T.);
#10216 = ORIENTED_EDGE('',*,*,#10217,.F.);
#10217 = EDGE_CURVE('',#10157,#10088,#10218,.T.);
#10218 = SURFACE_CURVE('',#10219,(#10224,#10231),.PCURVE_S1.);
#10219 = CIRCLE('',#10220,12.7);
#10220 = AXIS2_PLACEMENT_3D('',#10221,#10222,#10223);
#10221 = CARTESIAN_POINT('',(-60.,-322.,930.04119458007));
#10222 = DIRECTION('',(-1.,0.,1.110223024625E-16));
#10223 = DIRECTION('',(1.110223024625E-16,0.,1.));
#10224 = PCURVE('',#10104,#10225);
#10225 = DEFINITIONAL_REPRESENTATION('',(#10226),#10230);
#10226 = LINE('',#10227,#10228);
#10227 = CARTESIAN_POINT('',(4.712388980385,-4.712388980385));
#10228 = VECTOR('',#10229,1.);
#10229 = DIRECTION('',(-0.,1.));
#10230 = ( GEOMETRIC_REPRESENTATION_CONTEXT(2) 
PARAMETRIC_REPRESENTATION_CONTEXT() REPRESENTATION_CONTEXT('2D SPACE',''
  ) );
#10231 = PCURVE('',#10138,#10232);
#10232 = DEFINITIONAL_REPRESENTATION('',(#10233),#10237);
#10233 = LINE('',#10234,#10235);
#10234 = CARTESIAN_POINT('',(-0.,0.));
#10235 = VECTOR('',#10236,1.);
#10236 = DIRECTION('',(-1.,0.));
#10237 = ( GEOMETRIC_REPRESENTATION_CONTEXT(2) 
PARAMETRIC_REPRESENTATION_CONTEXT() REPRESENTATION_CONTEXT('2D SPACE',''
  ) );
#10238 = ORIENTED_EDGE('',*,*,#10192,.T.);
#10239 = ADVANCED_FACE('',(#10240),#10138,.T.);
#10240 = FACE_BOUND('',#10241,.F.);
#10241 = EDGE_LOOP('',(#10242,#10243,#10244,#10245,#10268,#10297,#10338,
    #10374,#10396));
#10242 = ORIENTED_EDGE('',*,*,#10217,.F.);
#10243 = ORIENTED_EDGE('',*,*,#10156,.T.);
#10244 = ORIENTED_EDGE('',*,*,#10115,.T.);
#10245 = ORIENTED_EDGE('',*,*,#10246,.T.);
#10246 = EDGE_CURVE('',#10088,#10247,#10249,.T.);
#10247 = VERTEX_POINT('',#10248);
#10248 = CARTESIAN_POINT('',(-641.275,-322.,942.74119458007));
#10249 = SEAM_CURVE('',#10250,(#10254,#10261),.PCURVE_S1.);
#10250 = LINE('',#10251,#10252);
#10251 = CARTESIAN_POINT('',(-60.,-322.,942.74119458007));
#10252 = VECTOR('',#10253,1.);
#10253 = DIRECTION('',(-1.,0.,1.110223024625E-16));
#10254 = PCURVE('',#10138,#10255);
#10255 = DEFINITIONAL_REPRESENTATION('',(#10256),#10260);
#10256 = LINE('',#10257,#10258);
#10257 = CARTESIAN_POINT('',(-6.28318530718,0.));
#10258 = VECTOR('',#10259,1.);
#10259 = DIRECTION('',(-0.,-1.));
#10260 = ( GEOMETRIC_REPRESENTATION_CONTEXT(2) 
PARAMETRIC_REPRESENTATION_CONTEXT() REPRESENTATION_CONTEXT('2D SPACE',''
  ) );
#10261 = PCURVE('',#10138,#10262);
#10262 = DEFINITIONAL_REPRESENTATION('',(#10263),#10267);
#10263 = LINE('',#10264,#10265);
#10264 = CARTESIAN_POINT('',(-0.,0.));
#10265 = VECTOR('',#10266,1.);
#10266 = DIRECTION('',(-0.,-1.));
#10267 = ( GEOMETRIC_REPRESENTATION_CONTEXT(2) 
PARAMETRIC_REPRESENTATION_CONTEXT() REPRESENTATION_CONTEXT('2D SPACE',''
  ) );
#10268 = ORIENTED_EDGE('',*,*,#10269,.T.);
#10269 = EDGE_CURVE('',#10247,#10270,#10272,.T.);
#10270 = VERTEX_POINT('',#10271);
#10271 = CARTESIAN_POINT('',(-641.275,-309.3,930.04119458007));
#10272 = SURFACE_CURVE('',#10273,(#10278,#10285),.PCURVE_S1.);
#10273 = CIRCLE('',#10274,12.7);
#10274 = AXIS2_PLACEMENT_3D('',#10275,#10276,#10277);
#10275 = CARTESIAN_POINT('',(-641.275,-322.,930.04119458007));
#10276 = DIRECTION('',(-1.,0.,1.110223024625E-16));
#10277 = DIRECTION('',(1.110223024625E-16,0.,1.));
#10278 = PCURVE('',#10138,#10279);
#10279 = DEFINITIONAL_REPRESENTATION('',(#10280),#10284);
#10280 = LINE('',#10281,#10282);
#10281 = CARTESIAN_POINT('',(-0.,-581.275));
#10282 = VECTOR('',#10283,1.);
#10283 = DIRECTION('',(-1.,0.));
#10284 = ( GEOMETRIC_REPRESENTATION_CONTEXT(2) 
PARAMETRIC_REPRESENTATION_CONTEXT() REPRESENTATION_CONTEXT('2D SPACE',''
  ) );
#10285 = PCURVE('',#10286,#10291);
#10286 = SPHERICAL_SURFACE('',#10287,12.7);
#10287 = AXIS2_PLACEMENT_3D('',#10288,#10289,#10290);
#10288 = CARTESIAN_POINT('',(-641.275,-322.,930.04119458007));
#10289 = DIRECTION('',(0.,0.,1.));
#10290 = DIRECTION('',(1.,0.,0.));
#10291 = DEFINITIONAL_REPRESENTATION('',(#10292),#10296);
#10292 = LINE('',#10293,#10294);
#10293 = CARTESIAN_POINT('',(1.570796326795,1.570796326795));
#10294 = VECTOR('',#10295,1.);
#10295 = DIRECTION('',(0.,-1.));
#10296 = ( GEOMETRIC_REPRESENTATION_CONTEXT(2) 
PARAMETRIC_REPRESENTATION_CONTEXT() REPRESENTATION_CONTEXT('2D SPACE',''
  ) );
#10297 = ORIENTED_EDGE('',*,*,#10298,.F.);
#10298 = EDGE_CURVE('',#10299,#10270,#10301,.T.);
#10299 = VERTEX_POINT('',#10300);
#10300 = CARTESIAN_POINT('',(-628.575,-322.,917.34119458007));
#10301 = SURFACE_CURVE('',#10302,(#10307,#10320),.PCURVE_S1.);
#10302 = ELLIPSE('',#10303,17.960512242138,12.7);
#10303 = AXIS2_PLACEMENT_3D('',#10304,#10305,#10306);
#10304 = CARTESIAN_POINT('',(-641.275,-322.,930.04119458007));
#10305 = DIRECTION('',(0.707106781187,8.659560562355E-17,0.707106781187)
  );
#10306 = DIRECTION('',(0.707106781187,-8.659560562355E-17,
    -0.707106781187));
#10307 = PCURVE('',#10138,#10308);
#10308 = DEFINITIONAL_REPRESENTATION('',(#10309),#10319);
#10309 = B_SPLINE_CURVE_WITH_KNOTS('',8,(#10310,#10311,#10312,#10313,
    #10314,#10315,#10316,#10317,#10318),.UNSPECIFIED.,.F.,.F.,(9,9),(0.,
    1.570796311512),.PIECEWISE_BEZIER_KNOTS.);
#10310 = CARTESIAN_POINT('',(-3.14159265359,-568.575));
#10311 = CARTESIAN_POINT('',(-2.945243114651,-568.575));
#10312 = CARTESIAN_POINT('',(-2.74889357571,-569.1345718434));
#10313 = CARTESIAN_POINT('',(-2.552544036783,-570.2537107805));
#10314 = CARTESIAN_POINT('',(-2.356194497828,-571.8864138028));
#10315 = CARTESIAN_POINT('',(-2.159844958901,-573.9405814846));
#10316 = CARTESIAN_POINT('',(-1.963495419954,-576.2877209328));
#10317 = CARTESIAN_POINT('',(-1.767145881017,-578.7813606613));
#10318 = CARTESIAN_POINT('',(-1.570796342078,-581.2749998059));
#10319 = ( GEOMETRIC_REPRESENTATION_CONTEXT(2) 
PARAMETRIC_REPRESENTATION_CONTEXT() REPRESENTATION_CONTEXT('2D SPACE',''
  ) );
#10320 = PCURVE('',#10321,#10326);
#10321 = CYLINDRICAL_SURFACE('',#10322,12.7);
#10322 = AXIS2_PLACEMENT_3D('',#10323,#10324,#10325);
#10323 = CARTESIAN_POINT('',(-641.275,-322.,930.04119458007));
#10324 = DIRECTION('',(-0.,1.224646799147E-16,1.));
#10325 = DIRECTION('',(1.,0.,0.));
#10326 = DEFINITIONAL_REPRESENTATION('',(#10327),#10337);
#10327 = B_SPLINE_CURVE_WITH_KNOTS('',8,(#10328,#10329,#10330,#10331,
    #10332,#10333,#10334,#10335,#10336),.UNSPECIFIED.,.F.,.F.,(9,9),(0.,
    1.570796311512),.PIECEWISE_BEZIER_KNOTS.);
#10328 = CARTESIAN_POINT('',(-6.28318530718,-12.7));
#10329 = CARTESIAN_POINT('',(-6.086835768241,-12.7));
#10330 = CARTESIAN_POINT('',(-5.890486229303,-12.14042815584));
#10331 = CARTESIAN_POINT('',(-5.694136690361,-11.02128922118));
#10332 = CARTESIAN_POINT('',(-5.497787151429,-9.388586195819));
#10333 = CARTESIAN_POINT('',(-5.301437612484,-7.334418517326));
#10334 = CARTESIAN_POINT('',(-5.105088073547,-4.98727906665));
#10335 = CARTESIAN_POINT('',(-4.908738534607,-2.493639338619));
#10336 = CARTESIAN_POINT('',(-4.712388995668,-1.940940137501E-07));
#10337 = ( GEOMETRIC_REPRESENTATION_CONTEXT(2) 
PARAMETRIC_REPRESENTATION_CONTEXT() REPRESENTATION_CONTEXT('2D SPACE',''
  ) );
#10338 = ORIENTED_EDGE('',*,*,#10339,.F.);
#10339 = EDGE_CURVE('',#10340,#10299,#10342,.T.);
#10340 = VERTEX_POINT('',#10341);
#10341 = CARTESIAN_POINT('',(-641.275,-334.7,930.04119458007));
#10342 = SURFACE_CURVE('',#10343,(#10348,#10361),.PCURVE_S1.);
#10343 = ELLIPSE('',#10344,17.960512242138,12.7);
#10344 = AXIS2_PLACEMENT_3D('',#10345,#10346,#10347);
#10345 = CARTESIAN_POINT('',(-641.275,-322.,930.04119458007));
#10346 = DIRECTION('',(0.707106781187,8.659560562355E-17,0.707106781187)
  );
#10347 = DIRECTION('',(0.707106781187,-8.659560562355E-17,
    -0.707106781187));
#10348 = PCURVE('',#10138,#10349);
#10349 = DEFINITIONAL_REPRESENTATION('',(#10350),#10360);
#10350 = B_SPLINE_CURVE_WITH_KNOTS('',8,(#10351,#10352,#10353,#10354,
    #10355,#10356,#10357,#10358,#10359),.UNSPECIFIED.,.F.,.F.,(9,9),(
    4.712388917858,6.28318530718),.PIECEWISE_BEZIER_KNOTS.);
#10351 = CARTESIAN_POINT('',(-4.712389042911,-581.275000794));
#10352 = CARTESIAN_POINT('',(-4.516039494246,-578.781361526));
#10353 = CARTESIAN_POINT('',(-4.319689945574,-576.2877216312));
#10354 = CARTESIAN_POINT('',(-4.123340396924,-573.9405819887));
#10355 = CARTESIAN_POINT('',(-3.92699084822,-571.8864141292));
#10356 = CARTESIAN_POINT('',(-3.730641299606,-570.2537109421));
#10357 = CARTESIAN_POINT('',(-3.534291750912,-569.1345719));
#10358 = CARTESIAN_POINT('',(-3.337942202255,-568.575));
#10359 = CARTESIAN_POINT('',(-3.14159265359,-568.575));
#10360 = ( GEOMETRIC_REPRESENTATION_CONTEXT(2) 
PARAMETRIC_REPRESENTATION_CONTEXT() REPRESENTATION_CONTEXT('2D SPACE',''
  ) );
#10361 = PCURVE('',#10321,#10362);
#10362 = DEFINITIONAL_REPRESENTATION('',(#10363),#10373);
#10363 = B_SPLINE_CURVE_WITH_KNOTS('',8,(#10364,#10365,#10366,#10367,
    #10368,#10369,#10370,#10371,#10372),.UNSPECIFIED.,.F.,.F.,(9,9),(
    4.712388917858,6.28318530718),.PIECEWISE_BEZIER_KNOTS.);
#10364 = CARTESIAN_POINT('',(-1.570796389322,7.940881232571E-07));
#10365 = CARTESIAN_POINT('',(-1.374446840656,-2.49363847396));
#10366 = CARTESIAN_POINT('',(-1.17809729199,-4.987278369059));
#10367 = CARTESIAN_POINT('',(-0.981747743326,-7.334418008551));
#10368 = CARTESIAN_POINT('',(-0.785398194655,-9.388585872293));
#10369 = CARTESIAN_POINT('',(-0.589048645995,-11.02128905488));
#10370 = CARTESIAN_POINT('',(-0.39269909733,-12.14042810042));
#10371 = CARTESIAN_POINT('',(-0.196349548665,-12.7));
#10372 = CARTESIAN_POINT('',(0.,-12.7));
#10373 = ( GEOMETRIC_REPRESENTATION_CONTEXT(2) 
PARAMETRIC_REPRESENTATION_CONTEXT() REPRESENTATION_CONTEXT('2D SPACE',''
  ) );
#10374 = ORIENTED_EDGE('',*,*,#10375,.T.);
#10375 = EDGE_CURVE('',#10340,#10247,#10376,.T.);
#10376 = SURFACE_CURVE('',#10377,(#10382,#10389),.PCURVE_S1.);
#10377 = CIRCLE('',#10378,12.7);
#10378 = AXIS2_PLACEMENT_3D('',#10379,#10380,#10381);
#10379 = CARTESIAN_POINT('',(-641.275,-322.,930.04119458007));
#10380 = DIRECTION('',(-1.,0.,1.110223024625E-16));
#10381 = DIRECTION('',(1.110223024625E-16,0.,1.));
#10382 = PCURVE('',#10138,#10383);
#10383 = DEFINITIONAL_REPRESENTATION('',(#10384),#10388);
#10384 = LINE('',#10385,#10386);
#10385 = CARTESIAN_POINT('',(-0.,-581.275));
#10386 = VECTOR('',#10387,1.);
#10387 = DIRECTION('',(-1.,0.));
#10388 = ( GEOMETRIC_REPRESENTATION_CONTEXT(2) 
PARAMETRIC_REPRESENTATION_CONTEXT() REPRESENTATION_CONTEXT('2D SPACE',''
  ) );
#10389 = PCURVE('',#10286,#10390);
#10390 = DEFINITIONAL_REPRESENTATION('',(#10391),#10395);
#10391 = LINE('',#10392,#10393);
#10392 = CARTESIAN_POINT('',(4.712388980385,-4.712388980385));
#10393 = VECTOR('',#10394,1.);
#10394 = DIRECTION('',(-0.,1.));
#10395 = ( GEOMETRIC_REPRESENTATION_CONTEXT(2) 
PARAMETRIC_REPRESENTATION_CONTEXT() REPRESENTATION_CONTEXT('2D SPACE',''
  ) );
#10396 = ORIENTED_EDGE('',*,*,#10246,.F.);
#10397 = ADVANCED_FACE('',(#10398),#10074,.F.);
#10398 = FACE_BOUND('',#10399,.F.);
#10399 = EDGE_LOOP('',(#10400));
#10400 = ORIENTED_EDGE('',*,*,#10059,.T.);
#10401 = ADVANCED_FACE('',(#10402),#10286,.T.);
#10402 = FACE_BOUND('',#10403,.T.);
#10403 = EDGE_LOOP('',(#10404,#10405,#10406));
#10404 = ORIENTED_EDGE('',*,*,#10375,.T.);
#10405 = ORIENTED_EDGE('',*,*,#10269,.T.);
#10406 = ORIENTED_EDGE('',*,*,#10407,.F.);
#10407 = EDGE_CURVE('',#10340,#10270,#10408,.T.);
#10408 = SURFACE_CURVE('',#10409,(#10414,#10421),.PCURVE_S1.);
#10409 = CIRCLE('',#10410,12.7);
#10410 = AXIS2_PLACEMENT_3D('',#10411,#10412,#10413);
#10411 = CARTESIAN_POINT('',(-641.275,-322.,930.04119458007));
#10412 = DIRECTION('',(0.,-1.224646799147E-16,-1.));
#10413 = DIRECTION('',(1.,0.,0.));
#10414 = PCURVE('',#10286,#10415);
#10415 = DEFINITIONAL_REPRESENTATION('',(#10416),#10420);
#10416 = LINE('',#10417,#10418);
#10417 = CARTESIAN_POINT('',(6.28318530718,0.));
#10418 = VECTOR('',#10419,1.);
#10419 = DIRECTION('',(-1.,0.));
#10420 = ( GEOMETRIC_REPRESENTATION_CONTEXT(2) 
PARAMETRIC_REPRESENTATION_CONTEXT() REPRESENTATION_CONTEXT('2D SPACE',''
  ) );
#10421 = PCURVE('',#10321,#10422);
#10422 = DEFINITIONAL_REPRESENTATION('',(#10423),#10427);
#10423 = LINE('',#10424,#10425);
#10424 = CARTESIAN_POINT('',(-0.,0.));
#10425 = VECTOR('',#10426,1.);
#10426 = DIRECTION('',(-1.,0.));
#10427 = ( GEOMETRIC_REPRESENTATION_CONTEXT(2) 
PARAMETRIC_REPRESENTATION_CONTEXT() REPRESENTATION_CONTEXT('2D SPACE',''
  ) );
#10428 = ADVANCED_FACE('',(#10429),#10321,.T.);
#10429 = FACE_BOUND('',#10430,.F.);
#10430 = EDGE_LOOP('',(#10431,#10432,#10433,#10456,#10485,#10526,#10560,
    #10561));
#10431 = ORIENTED_EDGE('',*,*,#10407,.F.);
#10432 = ORIENTED_EDGE('',*,*,#10339,.T.);
#10433 = ORIENTED_EDGE('',*,*,#10434,.T.);
#10434 = EDGE_CURVE('',#10299,#10435,#10437,.T.);
#10435 = VERTEX_POINT('',#10436);
#10436 = CARTESIAN_POINT('',(-628.575,-322.,699.72788870239));
#10437 = SEAM_CURVE('',#10438,(#10442,#10449),.PCURVE_S1.);
#10438 = LINE('',#10439,#10440);
#10439 = CARTESIAN_POINT('',(-628.575,-322.,930.04119458007));
#10440 = VECTOR('',#10441,1.);
#10441 = DIRECTION('',(0.,-1.224646799147E-16,-1.));
#10442 = PCURVE('',#10321,#10443);
#10443 = DEFINITIONAL_REPRESENTATION('',(#10444),#10448);
#10444 = LINE('',#10445,#10446);
#10445 = CARTESIAN_POINT('',(-6.28318530718,0.));
#10446 = VECTOR('',#10447,1.);
#10447 = DIRECTION('',(-0.,-1.));
#10448 = ( GEOMETRIC_REPRESENTATION_CONTEXT(2) 
PARAMETRIC_REPRESENTATION_CONTEXT() REPRESENTATION_CONTEXT('2D SPACE',''
  ) );
#10449 = PCURVE('',#10321,#10450);
#10450 = DEFINITIONAL_REPRESENTATION('',(#10451),#10455);
#10451 = LINE('',#10452,#10453);
#10452 = CARTESIAN_POINT('',(-0.,0.));
#10453 = VECTOR('',#10454,1.);
#10454 = DIRECTION('',(-0.,-1.));
#10455 = ( GEOMETRIC_REPRESENTATION_CONTEXT(2) 
PARAMETRIC_REPRESENTATION_CONTEXT() REPRESENTATION_CONTEXT('2D SPACE',''
  ) );
#10456 = ORIENTED_EDGE('',*,*,#10457,.T.);
#10457 = EDGE_CURVE('',#10435,#10458,#10460,.T.);
#10458 = VERTEX_POINT('',#10459);
#10459 = CARTESIAN_POINT('',(-653.975,-322.,699.72788870239));
#10460 = SURFACE_CURVE('',#10461,(#10466,#10473),.PCURVE_S1.);
#10461 = CIRCLE('',#10462,12.7);
#10462 = AXIS2_PLACEMENT_3D('',#10463,#10464,#10465);
#10463 = CARTESIAN_POINT('',(-641.275,-322.,699.72788870239));
#10464 = DIRECTION('',(0.,-1.224646799147E-16,-1.));
#10465 = DIRECTION('',(1.,0.,0.));
#10466 = PCURVE('',#10321,#10467);
#10467 = DEFINITIONAL_REPRESENTATION('',(#10468),#10472);
#10468 = LINE('',#10469,#10470);
#10469 = CARTESIAN_POINT('',(-0.,-230.3133058776));
#10470 = VECTOR('',#10471,1.);
#10471 = DIRECTION('',(-1.,0.));
#10472 = ( GEOMETRIC_REPRESENTATION_CONTEXT(2) 
PARAMETRIC_REPRESENTATION_CONTEXT() REPRESENTATION_CONTEXT('2D SPACE',''
  ) );
#10473 = PCURVE('',#10474,#10479);
#10474 = SPHERICAL_SURFACE('',#10475,12.7);
#10475 = AXIS2_PLACEMENT_3D('',#10476,#10477,#10478);
#10476 = CARTESIAN_POINT('',(-641.275,-322.,699.72788870239));
#10477 = DIRECTION('',(0.,0.,1.));
#10478 = DIRECTION('',(1.,0.,0.));
#10479 = DEFINITIONAL_REPRESENTATION('',(#10480),#10484);
#10480 = LINE('',#10481,#10482);
#10481 = CARTESIAN_POINT('',(6.28318530718,0.));
#10482 = VECTOR('',#10483,1.);
#10483 = DIRECTION('',(-1.,0.));
#10484 = ( GEOMETRIC_REPRESENTATION_CONTEXT(2) 
PARAMETRIC_REPRESENTATION_CONTEXT() REPRESENTATION_CONTEXT('2D SPACE',''
  ) );
#10485 = ORIENTED_EDGE('',*,*,#10486,.F.);
#10486 = EDGE_CURVE('',#10487,#10458,#10489,.T.);
#10487 = VERTEX_POINT('',#10488);
#10488 = CARTESIAN_POINT('',(-641.275,-309.3,712.42788870239));
#10489 = SURFACE_CURVE('',#10490,(#10495,#10508),.PCURVE_S1.);
#10490 = ELLIPSE('',#10491,17.960512242138,12.7);
#10491 = AXIS2_PLACEMENT_3D('',#10492,#10493,#10494);
#10492 = CARTESIAN_POINT('',(-641.275,-322.,699.72788870239));
#10493 = DIRECTION('',(0.,-0.707106781187,0.707106781187));
#10494 = DIRECTION('',(0.,0.707106781187,0.707106781187));
#10495 = PCURVE('',#10321,#10496);
#10496 = DEFINITIONAL_REPRESENTATION('',(#10497),#10507);
#10497 = B_SPLINE_CURVE_WITH_KNOTS('',8,(#10498,#10499,#10500,#10501,
    #10502,#10503,#10504,#10505,#10506),.UNSPECIFIED.,.F.,.F.,(9,9),(0.,
    1.570796350417),.PIECEWISE_BEZIER_KNOTS.);
#10498 = CARTESIAN_POINT('',(-4.712388980385,-217.6133058776));
#10499 = CARTESIAN_POINT('',(-4.516039436583,-217.6133058776));
#10500 = CARTESIAN_POINT('',(-4.319689892779,-218.1728777497));
#10501 = CARTESIAN_POINT('',(-4.123340348973,-219.2920167393));
#10502 = CARTESIAN_POINT('',(-3.926990805179,-220.9247198444));
#10503 = CARTESIAN_POINT('',(-3.730641261373,-222.9788876147));
#10504 = CARTESIAN_POINT('',(-3.53429171757,-225.3260271599));
#10505 = CARTESIAN_POINT('',(-3.33794217377,-227.8196669713));
#10506 = CARTESIAN_POINT('',(-3.141592629968,-230.3133061776));
#10507 = ( GEOMETRIC_REPRESENTATION_CONTEXT(2) 
PARAMETRIC_REPRESENTATION_CONTEXT() REPRESENTATION_CONTEXT('2D SPACE',''
  ) );
#10508 = PCURVE('',#10509,#10514);
#10509 = CYLINDRICAL_SURFACE('',#10510,12.7);
#10510 = AXIS2_PLACEMENT_3D('',#10511,#10512,#10513);
#10511 = CARTESIAN_POINT('',(-641.275,-322.,699.72788870239));
#10512 = DIRECTION('',(-0.,-1.,-1.110223024625E-16));
#10513 = DIRECTION('',(1.,0.,0.));
#10514 = DEFINITIONAL_REPRESENTATION('',(#10515),#10525);
#10515 = B_SPLINE_CURVE_WITH_KNOTS('',8,(#10516,#10517,#10518,#10519,
    #10520,#10521,#10522,#10523,#10524),.UNSPECIFIED.,.F.,.F.,(9,9),(0.,
    1.570796350417),.PIECEWISE_BEZIER_KNOTS.);
#10516 = CARTESIAN_POINT('',(-4.712388980385,-12.7));
#10517 = CARTESIAN_POINT('',(-4.516039436583,-12.7));
#10518 = CARTESIAN_POINT('',(-4.319689892776,-12.14042812813));
#10519 = CARTESIAN_POINT('',(-4.123340348984,-11.02128913805));
#10520 = CARTESIAN_POINT('',(-3.926990805157,-9.388586034038));
#10521 = CARTESIAN_POINT('',(-3.730641261385,-7.334418262955));
#10522 = CARTESIAN_POINT('',(-3.534291717569,-4.987278717852));
#10523 = CARTESIAN_POINT('',(-3.33794217377,-2.493638906287));
#10524 = CARTESIAN_POINT('',(-3.141592629968,3.000000106113E-07));
#10525 = ( GEOMETRIC_REPRESENTATION_CONTEXT(2) 
PARAMETRIC_REPRESENTATION_CONTEXT() REPRESENTATION_CONTEXT('2D SPACE',''
  ) );
#10526 = ORIENTED_EDGE('',*,*,#10527,.F.);
#10527 = EDGE_CURVE('',#10435,#10487,#10528,.T.);
#10528 = SURFACE_CURVE('',#10529,(#10534,#10547),.PCURVE_S1.);
#10529 = ELLIPSE('',#10530,17.960512242138,12.7);
#10530 = AXIS2_PLACEMENT_3D('',#10531,#10532,#10533);
#10531 = CARTESIAN_POINT('',(-641.275,-322.,699.72788870239));
#10532 = DIRECTION('',(0.,-0.707106781187,0.707106781187));
#10533 = DIRECTION('',(0.,0.707106781187,0.707106781187));
#10534 = PCURVE('',#10321,#10535);
#10535 = DEFINITIONAL_REPRESENTATION('',(#10536),#10546);
#10536 = B_SPLINE_CURVE_WITH_KNOTS('',8,(#10537,#10538,#10539,#10540,
    #10541,#10542,#10543,#10544,#10545),.UNSPECIFIED.,.F.,.F.,(9,9),(
    4.712389391683,6.28318530718),.PIECEWISE_BEZIER_KNOTS.);
#10537 = CARTESIAN_POINT('',(-6.283184895881,-230.3133006541));
#10538 = CARTESIAN_POINT('',(-6.086835406444,-227.8196621383));
#10539 = CARTESIAN_POINT('',(-5.890485916995,-225.3260232602));
#10540 = CARTESIAN_POINT('',(-5.694136427584,-222.978884771));
#10541 = CARTESIAN_POINT('',(-5.497786938075,-220.9247180342));
#10542 = CARTESIAN_POINT('',(-5.301437448699,-219.2920158099));
#10543 = CARTESIAN_POINT('',(-5.105087959251,-218.1728774392));
#10544 = CARTESIAN_POINT('',(-4.908738469822,-217.6133058776));
#10545 = CARTESIAN_POINT('',(-4.712388980385,-217.6133058776));
#10546 = ( GEOMETRIC_REPRESENTATION_CONTEXT(2) 
PARAMETRIC_REPRESENTATION_CONTEXT() REPRESENTATION_CONTEXT('2D SPACE',''
  ) );
#10547 = PCURVE('',#10509,#10548);
#10548 = DEFINITIONAL_REPRESENTATION('',(#10549),#10559);
#10549 = B_SPLINE_CURVE_WITH_KNOTS('',8,(#10550,#10551,#10552,#10553,
    #10554,#10555,#10556,#10557,#10558),.UNSPECIFIED.,.F.,.F.,(9,9),(
    4.712389391683,6.28318530718),.PIECEWISE_BEZIER_KNOTS.);
#10550 = CARTESIAN_POINT('',(-6.283184895881,-5.223489324635E-06));
#10551 = CARTESIAN_POINT('',(-6.086835406444,-2.49364373934));
#10552 = CARTESIAN_POINT('',(-5.890485917002,-4.987282617095));
#10553 = CARTESIAN_POINT('',(-5.69413642757,-7.334421106701));
#10554 = CARTESIAN_POINT('',(-5.497786938122,-9.388587842324));
#10555 = CARTESIAN_POINT('',(-5.301437448696,-11.02129006763));
#10556 = CARTESIAN_POINT('',(-5.105087959256,-12.140428438));
#10557 = CARTESIAN_POINT('',(-4.908738469822,-12.7));
#10558 = CARTESIAN_POINT('',(-4.712388980385,-12.7));
#10559 = ( GEOMETRIC_REPRESENTATION_CONTEXT(2) 
PARAMETRIC_REPRESENTATION_CONTEXT() REPRESENTATION_CONTEXT('2D SPACE',''
  ) );
#10560 = ORIENTED_EDGE('',*,*,#10434,.F.);
#10561 = ORIENTED_EDGE('',*,*,#10298,.T.);
#10562 = ADVANCED_FACE('',(#10563),#10509,.T.);
#10563 = FACE_BOUND('',#10564,.F.);
#10564 = EDGE_LOOP('',(#10565,#10588,#10589,#10590,#10614,#10635,#10636)
  );
#10565 = ORIENTED_EDGE('',*,*,#10566,.F.);
#10566 = EDGE_CURVE('',#10435,#10567,#10569,.T.);
#10567 = VERTEX_POINT('',#10568);
#10568 = CARTESIAN_POINT('',(-628.575,-40.,699.72788870239));
#10569 = SEAM_CURVE('',#10570,(#10574,#10581),.PCURVE_S1.);
#10570 = LINE('',#10571,#10572);
#10571 = CARTESIAN_POINT('',(-628.575,-322.,699.72788870239));
#10572 = VECTOR('',#10573,1.);
#10573 = DIRECTION('',(0.,1.,1.110223024625E-16));
#10574 = PCURVE('',#10509,#10575);
#10575 = DEFINITIONAL_REPRESENTATION('',(#10576),#10580);
#10576 = LINE('',#10577,#10578);
#10577 = CARTESIAN_POINT('',(-6.28318530718,0.));
#10578 = VECTOR('',#10579,1.);
#10579 = DIRECTION('',(-0.,-1.));
#10580 = ( GEOMETRIC_REPRESENTATION_CONTEXT(2) 
PARAMETRIC_REPRESENTATION_CONTEXT() REPRESENTATION_CONTEXT('2D SPACE',''
  ) );
#10581 = PCURVE('',#10509,#10582);
#10582 = DEFINITIONAL_REPRESENTATION('',(#10583),#10587);
#10583 = LINE('',#10584,#10585);
#10584 = CARTESIAN_POINT('',(-0.,0.));
#10585 = VECTOR('',#10586,1.);
#10586 = DIRECTION('',(-0.,-1.));
#10587 = ( GEOMETRIC_REPRESENTATION_CONTEXT(2) 
PARAMETRIC_REPRESENTATION_CONTEXT() REPRESENTATION_CONTEXT('2D SPACE',''
  ) );
#10588 = ORIENTED_EDGE('',*,*,#10527,.T.);
#10589 = ORIENTED_EDGE('',*,*,#10486,.T.);
#10590 = ORIENTED_EDGE('',*,*,#10591,.F.);
#10591 = EDGE_CURVE('',#10592,#10458,#10594,.T.);
#10592 = VERTEX_POINT('',#10593);
#10593 = CARTESIAN_POINT('',(-641.275,-322.,687.02788870239));
#10594 = SURFACE_CURVE('',#10595,(#10600,#10607),.PCURVE_S1.);
#10595 = CIRCLE('',#10596,12.7);
#10596 = AXIS2_PLACEMENT_3D('',#10597,#10598,#10599);
#10597 = CARTESIAN_POINT('',(-641.275,-322.,699.72788870239));
#10598 = DIRECTION('',(-0.,1.,1.110223024625E-16));
#10599 = DIRECTION('',(1.,0.,0.));
#10600 = PCURVE('',#10509,#10601);
#10601 = DEFINITIONAL_REPRESENTATION('',(#10602),#10606);
#10602 = LINE('',#10603,#10604);
#10603 = CARTESIAN_POINT('',(-0.,0.));
#10604 = VECTOR('',#10605,1.);
#10605 = DIRECTION('',(-1.,0.));
#10606 = ( GEOMETRIC_REPRESENTATION_CONTEXT(2) 
PARAMETRIC_REPRESENTATION_CONTEXT() REPRESENTATION_CONTEXT('2D SPACE',''
  ) );
#10607 = PCURVE('',#10474,#10608);
#10608 = DEFINITIONAL_REPRESENTATION('',(#10609),#10613);
#10609 = LINE('',#10610,#10611);
#10610 = CARTESIAN_POINT('',(3.14159265359,-3.14159265359));
#10611 = VECTOR('',#10612,1.);
#10612 = DIRECTION('',(-0.,1.));
#10613 = ( GEOMETRIC_REPRESENTATION_CONTEXT(2) 
PARAMETRIC_REPRESENTATION_CONTEXT() REPRESENTATION_CONTEXT('2D SPACE',''
  ) );
#10614 = ORIENTED_EDGE('',*,*,#10615,.F.);
#10615 = EDGE_CURVE('',#10435,#10592,#10616,.T.);
#10616 = SURFACE_CURVE('',#10617,(#10622,#10629),.PCURVE_S1.);
#10617 = CIRCLE('',#10618,12.7);
#10618 = AXIS2_PLACEMENT_3D('',#10619,#10620,#10621);
#10619 = CARTESIAN_POINT('',(-641.275,-322.,699.72788870239));
#10620 = DIRECTION('',(-0.,1.,1.110223024625E-16));
#10621 = DIRECTION('',(1.,0.,0.));
#10622 = PCURVE('',#10509,#10623);
#10623 = DEFINITIONAL_REPRESENTATION('',(#10624),#10628);
#10624 = LINE('',#10625,#10626);
#10625 = CARTESIAN_POINT('',(-0.,0.));
#10626 = VECTOR('',#10627,1.);
#10627 = DIRECTION('',(-1.,0.));
#10628 = ( GEOMETRIC_REPRESENTATION_CONTEXT(2) 
PARAMETRIC_REPRESENTATION_CONTEXT() REPRESENTATION_CONTEXT('2D SPACE',''
  ) );
#10629 = PCURVE('',#10474,#10630);
#10630 = DEFINITIONAL_REPRESENTATION('',(#10631),#10634);
#10631 = B_SPLINE_CURVE_WITH_KNOTS('',1,(#10632,#10633),.UNSPECIFIED.,
  .F.,.F.,(2,2),(0.,1.570796326795),.PIECEWISE_BEZIER_KNOTS.);
#10632 = CARTESIAN_POINT('',(6.28318530718,0.));
#10633 = CARTESIAN_POINT('',(6.28318530718,-1.570796326795));
#10634 = ( GEOMETRIC_REPRESENTATION_CONTEXT(2) 
PARAMETRIC_REPRESENTATION_CONTEXT() REPRESENTATION_CONTEXT('2D SPACE',''
  ) );
#10635 = ORIENTED_EDGE('',*,*,#10566,.T.);
#10636 = ORIENTED_EDGE('',*,*,#10637,.T.);
#10637 = EDGE_CURVE('',#10567,#10567,#10638,.T.);
#10638 = SURFACE_CURVE('',#10639,(#10644,#10651),.PCURVE_S1.);
#10639 = CIRCLE('',#10640,12.7);
#10640 = AXIS2_PLACEMENT_3D('',#10641,#10642,#10643);
#10641 = CARTESIAN_POINT('',(-641.275,-40.,699.72788870239));
#10642 = DIRECTION('',(-0.,1.,1.110223024625E-16));
#10643 = DIRECTION('',(1.,0.,0.));
#10644 = PCURVE('',#10509,#10645);
#10645 = DEFINITIONAL_REPRESENTATION('',(#10646),#10650);
#10646 = LINE('',#10647,#10648);
#10647 = CARTESIAN_POINT('',(-0.,-282.));
#10648 = VECTOR('',#10649,1.);
#10649 = DIRECTION('',(-1.,0.));
#10650 = ( GEOMETRIC_REPRESENTATION_CONTEXT(2) 
PARAMETRIC_REPRESENTATION_CONTEXT() REPRESENTATION_CONTEXT('2D SPACE',''
  ) );
#10651 = PCURVE('',#10652,#10657);
#10652 = PLANE('',#10653);
#10653 = AXIS2_PLACEMENT_3D('',#10654,#10655,#10656);
#10654 = CARTESIAN_POINT('',(-641.275,-40.,699.72788870239));
#10655 = DIRECTION('',(0.,1.,1.110223024625E-16));
#10656 = DIRECTION('',(1.,0.,0.));
#10657 = DEFINITIONAL_REPRESENTATION('',(#10658),#10662);
#10658 = CIRCLE('',#10659,12.7);
#10659 = AXIS2_PLACEMENT_2D('',#10660,#10661);
#10660 = CARTESIAN_POINT('',(0.,0.));
#10661 = DIRECTION('',(1.,0.));
#10662 = ( GEOMETRIC_REPRESENTATION_CONTEXT(2) 
PARAMETRIC_REPRESENTATION_CONTEXT() REPRESENTATION_CONTEXT('2D SPACE',''
  ) );
#10663 = ADVANCED_FACE('',(#10664),#10474,.T.);
#10664 = FACE_BOUND('',#10665,.T.);
#10665 = EDGE_LOOP('',(#10666,#10667,#10668));
#10666 = ORIENTED_EDGE('',*,*,#10615,.F.);
#10667 = ORIENTED_EDGE('',*,*,#10457,.T.);
#10668 = ORIENTED_EDGE('',*,*,#10591,.F.);
#10669 = ADVANCED_FACE('',(#10670),#10652,.T.);
#10670 = FACE_BOUND('',#10671,.T.);
#10671 = EDGE_LOOP('',(#10672));
#10672 = ORIENTED_EDGE('',*,*,#10637,.T.);
#10673 = ( GEOMETRIC_REPRESENTATION_CONTEXT(3) 
GLOBAL_UNCERTAINTY_ASSIGNED_CONTEXT((#10677)) 
GLOBAL_UNIT_ASSIGNED_CONTEXT((#10674,#10675,#10676)) 
REPRESENTATION_CONTEXT('Context #1',
  '3D Context with UNIT and UNCERTAINTY') );
#10674 = ( LENGTH_UNIT() NAMED_UNIT(*) SI_UNIT(.MILLI.,.METRE.) );
#10675 = ( NAMED_UNIT(*) PLANE_ANGLE_UNIT() SI_UNIT($,.RADIAN.) );
#10676 = ( NAMED_UNIT(*) SI_UNIT($,.STERADIAN.) SOLID_ANGLE_UNIT() );
#10677 = UNCERTAINTY_MEASURE_WITH_UNIT(LENGTH_MEASURE(1.E-06),#10674,
  'distance_accuracy_value','confusion accuracy');
#10678 = CONTEXT_DEPENDENT_SHAPE_REPRESENTATION(#10679,#10681);
#10679 = ( REPRESENTATION_RELATIONSHIP('','',#10022,#10) 
REPRESENTATION_RELATIONSHIP_WITH_TRANSFORMATION(#10680) 
SHAPE_REPRESENTATION_RELATIONSHIP() );
#10680 = ITEM_DEFINED_TRANSFORMATION('','',#11,#135);
#10681 = PRODUCT_DEFINITION_SHAPE('Placement','Placement of an item',
  #10682);
#10682 = NEXT_ASSEMBLY_USAGE_OCCURRENCE('31','CABLES/hv_fused_to_pdu',''
  ,#5,#10017,$);
#10683 = PRODUCT_RELATED_PRODUCT_CATEGORY('part',$,(#10019));
#10684 = SHAPE_DEFINITION_REPRESENTATION(#10685,#10691);
#10685 = PRODUCT_DEFINITION_SHAPE('','',#10686);
#10686 = PRODUCT_DEFINITION('design','',#10687,#10690);
#10687 = PRODUCT_DEFINITION_FORMATION('','',#10688);
#10688 = PRODUCT('CABLES/hv_pdu_to_inverter','CABLES/hv_pdu_to_inverter'
  ,'',(#10689));
#10689 = PRODUCT_CONTEXT('',#2,'mechanical');
#10690 = PRODUCT_DEFINITION_CONTEXT('part definition',#2,'design');
#10691 = ADVANCED_BREP_SHAPE_REPRESENTATION('',(#11,#10692),#11550);
#10692 = MANIFOLD_SOLID_BREP('',#10693);
#10693 = CLOSED_SHELL('',(#10694,#10883,#11105,#11434,#11438,#11540,
    #11546));
#10694 = ADVANCED_FACE('',(#10695),#10709,.T.);
#10695 = FACE_BOUND('',#10696,.F.);
#10696 = EDGE_LOOP('',(#10697,#10727,#10754,#10755,#10784,#10825,#10861)
  );
#10697 = ORIENTED_EDGE('',*,*,#10698,.F.);
#10698 = EDGE_CURVE('',#10699,#10701,#10703,.T.);
#10699 = VERTEX_POINT('',#10700);
#10700 = CARTESIAN_POINT('',(-641.275,-240.,712.42788870239));
#10701 = VERTEX_POINT('',#10702);
#10702 = CARTESIAN_POINT('',(-973.275,-240.,712.42788870239));
#10703 = SEAM_CURVE('',#10704,(#10708,#10720),.PCURVE_S1.);
#10704 = LINE('',#10705,#10706);
#10705 = CARTESIAN_POINT('',(-641.275,-240.,712.42788870239));
#10706 = VECTOR('',#10707,1.);
#10707 = DIRECTION('',(-1.,0.,1.110223024625E-16));
#10708 = PCURVE('',#10709,#10714);
#10709 = CYLINDRICAL_SURFACE('',#10710,12.7);
#10710 = AXIS2_PLACEMENT_3D('',#10711,#10712,#10713);
#10711 = CARTESIAN_POINT('',(-641.275,-240.,699.72788870239));
#10712 = DIRECTION('',(1.,-0.,-1.110223024625E-16));
#10713 = DIRECTION('',(1.110223024625E-16,0.,1.));
#10714 = DEFINITIONAL_REPRESENTATION('',(#10715),#10719);
#10715 = LINE('',#10716,#10717);
#10716 = CARTESIAN_POINT('',(-6.28318530718,0.));
#10717 = VECTOR('',#10718,1.);
#10718 = DIRECTION('',(-0.,-1.));
#10719 = ( GEOMETRIC_REPRESENTATION_CONTEXT(2) 
PARAMETRIC_REPRESENTATION_CONTEXT() REPRESENTATION_CONTEXT('2D SPACE',''
  ) );
#10720 = PCURVE('',#10709,#10721);
#10721 = DEFINITIONAL_REPRESENTATION('',(#10722),#10726);
#10722 = LINE('',#10723,#10724);
#10723 = CARTESIAN_POINT('',(-0.,0.));
#10724 = VECTOR('',#10725,1.);
#10725 = DIRECTION('',(-0.,-1.));
#10726 = ( GEOMETRIC_REPRESENTATION_CONTEXT(2) 
PARAMETRIC_REPRESENTATION_CONTEXT() REPRESENTATION_CONTEXT('2D SPACE',''
  ) );
#10727 = ORIENTED_EDGE('',*,*,#10728,.F.);
#10728 = EDGE_CURVE('',#10699,#10699,#10729,.T.);
#10729 = SURFACE_CURVE('',#10730,(#10735,#10742),.PCURVE_S1.);
#10730 = CIRCLE('',#10731,12.7);
#10731 = AXIS2_PLACEMENT_3D('',#10732,#10733,#10734);
#10732 = CARTESIAN_POINT('',(-641.275,-240.,699.72788870239));
#10733 = DIRECTION('',(-1.,0.,1.110223024625E-16));
#10734 = DIRECTION('',(1.110223024625E-16,0.,1.));
#10735 = PCURVE('',#10709,#10736);
#10736 = DEFINITIONAL_REPRESENTATION('',(#10737),#10741);
#10737 = LINE('',#10738,#10739);
#10738 = CARTESIAN_POINT('',(-0.,0.));
#10739 = VECTOR('',#10740,1.);
#10740 = DIRECTION('',(-1.,0.));
#10741 = ( GEOMETRIC_REPRESENTATION_CONTEXT(2) 
PARAMETRIC_REPRESENTATION_CONTEXT() REPRESENTATION_CONTEXT('2D SPACE',''
  ) );
#10742 = PCURVE('',#10743,#10748);
#10743 = PLANE('',#10744);
#10744 = AXIS2_PLACEMENT_3D('',#10745,#10746,#10747);
#10745 = CARTESIAN_POINT('',(-641.275,-240.,699.72788870239));
#10746 = DIRECTION('',(-1.,0.,1.110223024625E-16));
#10747 = DIRECTION('',(1.110223024625E-16,0.,1.));
#10748 = DEFINITIONAL_REPRESENTATION('',(#10749),#10753);
#10749 = CIRCLE('',#10750,12.7);
#10750 = AXIS2_PLACEMENT_2D('',#10751,#10752);
#10751 = CARTESIAN_POINT('',(0.,0.));
#10752 = DIRECTION('',(1.,0.));
#10753 = ( GEOMETRIC_REPRESENTATION_CONTEXT(2) 
PARAMETRIC_REPRESENTATION_CONTEXT() REPRESENTATION_CONTEXT('2D SPACE',''
  ) );
#10754 = ORIENTED_EDGE('',*,*,#10698,.T.);
#10755 = ORIENTED_EDGE('',*,*,#10756,.T.);
#10756 = EDGE_CURVE('',#10701,#10757,#10759,.T.);
#10757 = VERTEX_POINT('',#10758);
#10758 = CARTESIAN_POINT('',(-973.275,-239.8791189859,712.42731340512));
#10759 = SURFACE_CURVE('',#10760,(#10765,#10772),.PCURVE_S1.);
#10760 = CIRCLE('',#10761,12.7);
#10761 = AXIS2_PLACEMENT_3D('',#10762,#10763,#10764);
#10762 = CARTESIAN_POINT('',(-973.275,-240.,699.72788870239));
#10763 = DIRECTION('',(-1.,0.,1.110223024625E-16));
#10764 = DIRECTION('',(1.110223024625E-16,0.,1.));
#10765 = PCURVE('',#10709,#10766);
#10766 = DEFINITIONAL_REPRESENTATION('',(#10767),#10771);
#10767 = LINE('',#10768,#10769);
#10768 = CARTESIAN_POINT('',(-0.,-332.));
#10769 = VECTOR('',#10770,1.);
#10770 = DIRECTION('',(-1.,0.));
#10771 = ( GEOMETRIC_REPRESENTATION_CONTEXT(2) 
PARAMETRIC_REPRESENTATION_CONTEXT() REPRESENTATION_CONTEXT('2D SPACE',''
  ) );
#10772 = PCURVE('',#10773,#10778);
#10773 = SPHERICAL_SURFACE('',#10774,12.7);
#10774 = AXIS2_PLACEMENT_3D('',#10775,#10776,#10777);
#10775 = CARTESIAN_POINT('',(-973.275,-240.,699.72788870239));
#10776 = DIRECTION('',(0.,0.,1.));
#10777 = DIRECTION('',(1.,0.,0.));
#10778 = DEFINITIONAL_REPRESENTATION('',(#10779),#10783);
#10779 = LINE('',#10780,#10781);
#10780 = CARTESIAN_POINT('',(1.570796326795,1.570796326795));
#10781 = VECTOR('',#10782,1.);
#10782 = DIRECTION('',(0.,-1.));
#10783 = ( GEOMETRIC_REPRESENTATION_CONTEXT(2) 
PARAMETRIC_REPRESENTATION_CONTEXT() REPRESENTATION_CONTEXT('2D SPACE',''
  ) );
#10784 = ORIENTED_EDGE('',*,*,#10785,.F.);
#10785 = EDGE_CURVE('',#10786,#10757,#10788,.T.);
#10786 = VERTEX_POINT('',#10787);
#10787 = CARTESIAN_POINT('',(-960.575,-227.3005752972,699.60700768837));
#10788 = SURFACE_CURVE('',#10789,(#10794,#10807),.PCURVE_S1.);
#10789 = ELLIPSE('',#10790,17.960512242138,12.7);
#10790 = AXIS2_PLACEMENT_3D('',#10791,#10792,#10793);
#10791 = CARTESIAN_POINT('',(-973.275,-240.,699.72788870239));
#10792 = DIRECTION('',(0.707106781187,-0.707074749958,6.730376750196E-03
    ));
#10793 = DIRECTION('',(0.707106781187,0.707074749958,-6.730376750196E-03
    ));
#10794 = PCURVE('',#10709,#10795);
#10795 = DEFINITIONAL_REPRESENTATION('',(#10796),#10806);
#10796 = B_SPLINE_CURVE_WITH_KNOTS('',8,(#10797,#10798,#10799,#10800,
    #10801,#10802,#10803,#10804,#10805),.UNSPECIFIED.,.F.,.F.,(9,9),(0.,
    1.570796350387),.PIECEWISE_BEZIER_KNOTS.);
#10797 = CARTESIAN_POINT('',(-1.580314660599,-319.3));
#10798 = CARTESIAN_POINT('',(-1.383965116801,-319.3));
#10799 = CARTESIAN_POINT('',(-1.187615573001,-319.8595718717));
#10800 = CARTESIAN_POINT('',(-0.991266029207,-320.9787108619));
#10801 = CARTESIAN_POINT('',(-0.794916485403,-322.6114139647));
#10802 = CARTESIAN_POINT('',(-0.598566941609,-324.6655817367));
#10803 = CARTESIAN_POINT('',(-0.402217397807,-327.0127212818));
#10804 = CARTESIAN_POINT('',(-0.20586785401,-329.5063610933));
#10805 = CARTESIAN_POINT('',(-9.518310211765E-03,-332.0000002996));
#10806 = ( GEOMETRIC_REPRESENTATION_CONTEXT(2) 
PARAMETRIC_REPRESENTATION_CONTEXT() REPRESENTATION_CONTEXT('2D SPACE',''
  ) );
#10807 = PCURVE('',#10808,#10813);
#10808 = CYLINDRICAL_SURFACE('',#10809,12.7);
#10809 = AXIS2_PLACEMENT_3D('',#10810,#10811,#10812);
#10810 = CARTESIAN_POINT('',(-973.275,-240.,699.72788870239));
#10811 = DIRECTION('',(-0.,-0.999954701003,9.518190080008E-03));
#10812 = DIRECTION('',(1.,0.,0.));
#10813 = DEFINITIONAL_REPRESENTATION('',(#10814),#10824);
#10814 = B_SPLINE_CURVE_WITH_KNOTS('',8,(#10815,#10816,#10817,#10818,
    #10819,#10820,#10821,#10822,#10823),.UNSPECIFIED.,.F.,.F.,(9,9),(0.,
    1.570796350387),.PIECEWISE_BEZIER_KNOTS.);
#10815 = CARTESIAN_POINT('',(-6.28318530718,-12.7));
#10816 = CARTESIAN_POINT('',(-6.086835763381,-12.7));
#10817 = CARTESIAN_POINT('',(-5.890486219584,-12.14042812816));
#10818 = CARTESIAN_POINT('',(-5.694136675783,-11.02128913807));
#10819 = CARTESIAN_POINT('',(-5.497787131989,-9.388586034227));
#10820 = CARTESIAN_POINT('',(-5.301437588186,-7.334418263104));
#10821 = CARTESIAN_POINT('',(-5.10508804439,-4.987278718125));
#10822 = CARTESIAN_POINT('',(-4.908738500591,-2.493638906617));
#10823 = CARTESIAN_POINT('',(-4.712388956792,2.996226555751E-07));
#10824 = ( GEOMETRIC_REPRESENTATION_CONTEXT(2) 
PARAMETRIC_REPRESENTATION_CONTEXT() REPRESENTATION_CONTEXT('2D SPACE',''
  ) );
#10825 = ORIENTED_EDGE('',*,*,#10826,.F.);
#10826 = EDGE_CURVE('',#10827,#10786,#10829,.T.);
#10827 = VERTEX_POINT('',#10828);
#10828 = CARTESIAN_POINT('',(-973.275,-240.120881014,687.02846399965));
#10829 = SURFACE_CURVE('',#10830,(#10835,#10848),.PCURVE_S1.);
#10830 = ELLIPSE('',#10831,17.960512242138,12.7);
#10831 = AXIS2_PLACEMENT_3D('',#10832,#10833,#10834);
#10832 = CARTESIAN_POINT('',(-973.275,-240.,699.72788870239));
#10833 = DIRECTION('',(0.707106781187,-0.707074749958,6.730376750196E-03
    ));
#10834 = DIRECTION('',(0.707106781187,0.707074749958,-6.730376750196E-03
    ));
#10835 = PCURVE('',#10709,#10836);
#10836 = DEFINITIONAL_REPRESENTATION('',(#10837),#10847);
#10837 = B_SPLINE_CURVE_WITH_KNOTS('',8,(#10838,#10839,#10840,#10841,
    #10842,#10843,#10844,#10845,#10846),.UNSPECIFIED.,.F.,.F.,(9,9),(
    4.712388947507,6.28318530718),.PIECEWISE_BEZIER_KNOTS.);
#10838 = CARTESIAN_POINT('',(-3.151111020272,-332.0000004175));
#10839 = CARTESIAN_POINT('',(-2.954761475313,-329.5063611965));
#10840 = CARTESIAN_POINT('',(-2.758411930354,-327.0127213652));
#10841 = CARTESIAN_POINT('',(-2.562062385389,-324.6655817967));
#10842 = CARTESIAN_POINT('',(-2.365712840436,-322.6114140038));
#10843 = CARTESIAN_POINT('',(-2.169363295472,-320.9787108807));
#10844 = CARTESIAN_POINT('',(-1.973013750518,-319.8595718785));
#10845 = CARTESIAN_POINT('',(-1.776664205558,-319.3));
#10846 = CARTESIAN_POINT('',(-1.580314660599,-319.3));
#10847 = ( GEOMETRIC_REPRESENTATION_CONTEXT(2) 
PARAMETRIC_REPRESENTATION_CONTEXT() REPRESENTATION_CONTEXT('2D SPACE',''
  ) );
#10848 = PCURVE('',#10808,#10849);
#10849 = DEFINITIONAL_REPRESENTATION('',(#10850),#10860);
#10850 = B_SPLINE_CURVE_WITH_KNOTS('',8,(#10851,#10852,#10853,#10854,
    #10855,#10856,#10857,#10858,#10859),.UNSPECIFIED.,.F.,.F.,(9,9),(
    4.712388947507,6.28318530718),.PIECEWISE_BEZIER_KNOTS.);
#10851 = CARTESIAN_POINT('',(-1.570796359673,4.175470849077E-07));
#10852 = CARTESIAN_POINT('',(-1.374446814714,-2.493638803433));
#10853 = CARTESIAN_POINT('',(-1.178097269755,-4.987278634881));
#10854 = CARTESIAN_POINT('',(-0.981747724797,-7.334418202379));
#10855 = CARTESIAN_POINT('',(-0.785398179835,-9.38858599565));
#10856 = CARTESIAN_POINT('',(-0.589048634877,-11.0212891182));
#10857 = CARTESIAN_POINT('',(-0.392699089918,-12.14042812154));
#10858 = CARTESIAN_POINT('',(-0.196349544959,-12.7));
#10859 = CARTESIAN_POINT('',(0.,-12.7));
#10860 = ( GEOMETRIC_REPRESENTATION_CONTEXT(2) 
PARAMETRIC_REPRESENTATION_CONTEXT() REPRESENTATION_CONTEXT('2D SPACE',''
  ) );
#10861 = ORIENTED_EDGE('',*,*,#10862,.T.);
#10862 = EDGE_CURVE('',#10827,#10701,#10863,.T.);
#10863 = SURFACE_CURVE('',#10864,(#10869,#10876),.PCURVE_S1.);
#10864 = CIRCLE('',#10865,12.7);
#10865 = AXIS2_PLACEMENT_3D('',#10866,#10867,#10868);
#10866 = CARTESIAN_POINT('',(-973.275,-240.,699.72788870239));
#10867 = DIRECTION('',(-1.,0.,1.110223024625E-16));
#10868 = DIRECTION('',(1.110223024625E-16,0.,1.));
#10869 = PCURVE('',#10709,#10870);
#10870 = DEFINITIONAL_REPRESENTATION('',(#10871),#10875);
#10871 = LINE('',#10872,#10873);
#10872 = CARTESIAN_POINT('',(-0.,-332.));
#10873 = VECTOR('',#10874,1.);
#10874 = DIRECTION('',(-1.,0.));
#10875 = ( GEOMETRIC_REPRESENTATION_CONTEXT(2) 
PARAMETRIC_REPRESENTATION_CONTEXT() REPRESENTATION_CONTEXT('2D SPACE',''
  ) );
#10876 = PCURVE('',#10773,#10877);
#10877 = DEFINITIONAL_REPRESENTATION('',(#10878),#10882);
#10878 = LINE('',#10879,#10880);
#10879 = CARTESIAN_POINT('',(4.712388980385,-4.712388980385));
#10880 = VECTOR('',#10881,1.);
#10881 = DIRECTION('',(-0.,1.));
#10882 = ( GEOMETRIC_REPRESENTATION_CONTEXT(2) 
PARAMETRIC_REPRESENTATION_CONTEXT() REPRESENTATION_CONTEXT('2D SPACE',''
  ) );
#10883 = ADVANCED_FACE('',(#10884),#10773,.T.);
#10884 = FACE_BOUND('',#10885,.T.);
#10885 = EDGE_LOOP('',(#10886,#10887,#10888));
#10886 = ORIENTED_EDGE('',*,*,#10862,.T.);
#10887 = ORIENTED_EDGE('',*,*,#10756,.T.);
#10888 = ORIENTED_EDGE('',*,*,#10889,.F.);
#10889 = EDGE_CURVE('',#10827,#10757,#10890,.T.);
#10890 = SURFACE_CURVE('',#10891,(#10896,#11098),.PCURVE_S1.);
#10891 = CIRCLE('',#10892,12.7);
#10892 = AXIS2_PLACEMENT_3D('',#10893,#10894,#10895);
#10893 = CARTESIAN_POINT('',(-973.275,-240.,699.72788870239));
#10894 = DIRECTION('',(0.,0.999954701003,-9.518190080008E-03));
#10895 = DIRECTION('',(1.,0.,0.));
#10896 = PCURVE('',#10773,#10897);
#10897 = DEFINITIONAL_REPRESENTATION('',(#10898),#11097);
#10898 = B_SPLINE_CURVE_WITH_KNOTS('',8,(#10899,#10900,#10901,#10902,
    #10903,#10904,#10905,#10906,#10907,#10908,#10909,#10910,#10911,
    #10912,#10913,#10914,#10915,#10916,#10917,#10918,#10919,#10920,
    #10921,#10922,#10923,#10924,#10925,#10926,#10927,#10928,#10929,
    #10930,#10931,#10932,#10933,#10934,#10935,#10936,#10937,#10938,
    #10939,#10940,#10941,#10942,#10943,#10944,#10945,#10946,#10947,
    #10948,#10949,#10950,#10951,#10952,#10953,#10954,#10955,#10956,
    #10957,#10958,#10959,#10960,#10961,#10962,#10963,#10964,#10965,
    #10966,#10967,#10968,#10969,#10970,#10971,#10972,#10973,#10974,
    #10975,#10976,#10977,#10978,#10979,#10980,#10981,#10982,#10983,
    #10984,#10985,#10986,#10987,#10988,#10989,#10990,#10991,#10992,
    #10993,#10994,#10995,#10996,#10997,#10998,#10999,#11000,#11001,
    #11002,#11003,#11004,#11005,#11006,#11007,#11008,#11009,#11010,
    #11011,#11012,#11013,#11014,#11015,#11016,#11017,#11018,#11019,
    #11020,#11021,#11022,#11023,#11024,#11025,#11026,#11027,#11028,
    #11029,#11030,#11031,#11032,#11033,#11034,#11035,#11036,#11037,
    #11038,#11039,#11040,#11041,#11042,#11043,#11044,#11045,#11046,
    #11047,#11048,#11049,#11050,#11051,#11052,#11053,#11054,#11055,
    #11056,#11057,#11058,#11059,#11060,#11061,#11062,#11063,#11064,
    #11065,#11066,#11067,#11068,#11069,#11070,#11071,#11072,#11073,
    #11074,#11075,#11076,#11077,#11078,#11079,#11080,#11081,#11082,
    #11083,#11084,#11085,#11086,#11087,#11088,#11089,#11090,#11091,
    #11092,#11093,#11094,#11095,#11096),.UNSPECIFIED.,.F.,.F.,(9,7,7,7,7
    ,7,7,7,7,7,7,7,7,7,7,7,7,7,7,7,7,7,7,7,7,7,7,7,9),(1.570796326795,
    1.573864288371,1.57999421941,1.586112177927,1.598324196687,
    1.610488512248,1.634722109656,1.658766382083,1.706479235182,
    1.800413914719,1.982412356323,2.323659434331,2.920841820844,
    3.816615400615,4.040558795557,4.208516341764,4.334484501419,
    4.428960621161,4.499817710967,4.552960528321,4.592817641337,
    4.622710476099,4.64513010217,4.661944821724,4.674555861389,
    4.693472420887,4.702930700636,4.70765984051,4.712388980385),
  .UNSPECIFIED.);
#10899 = CARTESIAN_POINT('',(4.712388980385,-1.561277992991));
#10900 = CARTESIAN_POINT('',(4.672098211473,-1.561277992991));
#10901 = CARTESIAN_POINT('',(4.631807518512,-1.561260335511));
#10902 = CARTESIAN_POINT('',(4.591715820782,-1.561225018807));
#10903 = CARTESIAN_POINT('',(4.552023228088,-1.561172229193));
#10904 = CARTESIAN_POINT('',(4.512915946575,-1.561102332657));
#10905 = CARTESIAN_POINT('',(4.474555969178,-1.56101585245));
#10906 = CARTESIAN_POINT('',(4.437075550694,-1.560913432648));
#10907 = CARTESIAN_POINT('',(4.327649588348,-1.560560727551));
#10908 = CARTESIAN_POINT('',(4.258640563605,-1.560264887804));
#10909 = CARTESIAN_POINT('',(4.194363060067,-1.559913978091));
#10910 = CARTESIAN_POINT('',(4.135152661562,-1.559514943099));
#10911 = CARTESIAN_POINT('',(4.080860306578,-1.559074597843));
#10912 = CARTESIAN_POINT('',(4.031178392992,-1.558598793877));
#10913 = CARTESIAN_POINT('',(3.985719634559,-1.558092560955));
#10914 = CARTESIAN_POINT('',(3.902538761806,-1.557028705255));
#10915 = CARTESIAN_POINT('',(3.864801722817,-1.556471184897));
#10916 = CARTESIAN_POINT('',(3.830483238589,-1.555891747849));
#10917 = CARTESIAN_POINT('',(3.799179827495,-1.555293790969));
#10918 = CARTESIAN_POINT('',(3.770530845756,-1.554680029298));
#10919 = CARTESIAN_POINT('',(3.744225990391,-1.554052651676));
#10920 = CARTESIAN_POINT('',(3.719995115218,-1.553413460629));
#10921 = CARTESIAN_POINT('',(3.652919128678,-1.551467442862));
#10922 = CARTESIAN_POINT('',(3.61557429832,-1.550129796661));
#10923 = CARTESIAN_POINT('',(3.583731661567,-1.54876283685));
#10924 = CARTESIAN_POINT('',(3.556153379683,-1.547373478307));
#10925 = CARTESIAN_POINT('',(3.531992806769,-1.545966501348));
#10926 = CARTESIAN_POINT('',(3.510614021568,-1.544545292827));
#10927 = CARTESIAN_POINT('',(3.491543655877,-1.543112386819));
#10928 = CARTESIAN_POINT('',(3.457347623693,-1.540232682095));
#10929 = CARTESIAN_POINT('',(3.44220689053,-1.538785959836));
#10930 = CARTESIAN_POINT('',(3.428625634143,-1.537331460361));
#10931 = CARTESIAN_POINT('',(3.416344263046,-1.535870514624));
#10932 = CARTESIAN_POINT('',(3.405165278925,-1.534404125287));
#10933 = CARTESIAN_POINT('',(3.394932503192,-1.532933081173));
#10934 = CARTESIAN_POINT('',(3.385521376139,-1.53145800573));
#10935 = CARTESIAN_POINT('',(3.359513692411,-1.527033770655));
#10936 = CARTESIAN_POINT('',(3.34505253589,-1.524074160157));
#10937 = CARTESIAN_POINT('',(3.332638278767,-1.521104608803));
#10938 = CARTESIAN_POINT('',(3.321819026622,-1.518127327534));
#10939 = CARTESIAN_POINT('',(3.312268319924,-1.515143918302));
#10940 = CARTESIAN_POINT('',(3.303758787317,-1.512155485364));
#10941 = CARTESIAN_POINT('',(3.296114990462,-1.509162882306));
#10942 = CARTESIAN_POINT('',(3.282344330457,-1.503194044227));
#10943 = CARTESIAN_POINT('',(3.276206028889,-1.500217864288));
#10944 = CARTESIAN_POINT('',(3.270656352688,-1.497238856785));
#10945 = CARTESIAN_POINT('',(3.265601633697,-1.494257474094));
#10946 = CARTESIAN_POINT('',(3.260970087712,-1.491274062291));
#10947 = CARTESIAN_POINT('',(3.256704483514,-1.488288897012));
#10948 = CARTESIAN_POINT('',(3.252758934714,-1.485302198917));
#10949 = CARTESIAN_POINT('',(3.241825628697,-1.476384742671));
#10950 = CARTESIAN_POINT('',(3.235666327082,-1.47045001876));
#10951 = CARTESIAN_POINT('',(3.230321891749,-1.464511399592));
#10952 = CARTESIAN_POINT('',(3.225618959995,-1.458569715626));
#10953 = CARTESIAN_POINT('',(3.22143609916,-1.452625548093));
#10954 = CARTESIAN_POINT('',(3.21768099008,-1.446679338852));
#10955 = CARTESIAN_POINT('',(3.214286779199,-1.440731407329));
#10956 = CARTESIAN_POINT('',(3.205120692601,-1.423069141896));
#10957 = CARTESIAN_POINT('',(3.200231137796,-1.411350598544));
#10958 = CARTESIAN_POINT('',(3.196122372605,-1.399628333322));
#10959 = CARTESIAN_POINT('',(3.192606699275,-1.387903241132));
#10960 = CARTESIAN_POINT('',(3.189543565441,-1.376175992782));
#10961 = CARTESIAN_POINT('',(3.186845972633,-1.364447002795));
#10962 = CARTESIAN_POINT('',(3.18444524166,-1.352716598669));
#10963 = CARTESIAN_POINT('',(3.178118436894,-1.318255081545));
#10964 = CARTESIAN_POINT('',(3.174872059047,-1.295520730987));
#10965 = CARTESIAN_POINT('',(3.172186889253,-1.272783708237));
#10966 = CARTESIAN_POINT('',(3.169922753334,-1.250044680644));
#10967 = CARTESIAN_POINT('',(3.167966613666,-1.227304186777));
#10968 = CARTESIAN_POINT('',(3.166257451536,-1.204562517051));
#10969 = CARTESIAN_POINT('',(3.164744312454,-1.181819914153));
#10970 = CARTESIAN_POINT('',(3.160857029508,-1.116432726768));
#10971 = CARTESIAN_POINT('',(3.158887640692,-1.073786215469));
#10972 = CARTESIAN_POINT('',(3.157249845823,-1.03113812584));
#10973 = CARTESIAN_POINT('',(3.155860079056,-0.988488855589));
#10974 = CARTESIAN_POINT('',(3.154648068321,-0.945838739307));
#10975 = CARTESIAN_POINT('',(3.153578105152,-0.903187946903));
#10976 = CARTESIAN_POINT('',(3.15261930239,-0.860536625429));
#10977 = CARTESIAN_POINT('',(3.150231211606,-0.743244308066));
#10978 = CARTESIAN_POINT('',(3.148988169809,-0.668602425727));
#10979 = CARTESIAN_POINT('',(3.14790817233,-0.593959767403));
#10980 = CARTESIAN_POINT('',(3.146946822999,-0.519316544369));
#10981 = CARTESIAN_POINT('',(3.146067640715,-0.444672930291));
#10982 = CARTESIAN_POINT('',(3.145249782547,-0.370029024339));
#10983 = CARTESIAN_POINT('',(3.144474896843,-0.295384913871));
#10984 = CARTESIAN_POINT('',(3.142609173987,-0.10877429745));
#10985 = CARTESIAN_POINT('',(3.141553934404,3.192377923824E-03));
#10986 = CARTESIAN_POINT('',(3.140514463803,0.115159128347));
#10987 = CARTESIAN_POINT('',(3.139453097287,0.227125774558));
#10988 = CARTESIAN_POINT('',(3.138339208312,0.339092170805));
#10989 = CARTESIAN_POINT('',(3.137112918174,0.451058032091));
#10990 = CARTESIAN_POINT('',(3.135722395375,0.563023111749));
#10991 = CARTESIAN_POINT('',(3.133536712438,0.702977331329));
#10992 = CARTESIAN_POINT('',(3.133077184908,0.730968068676));
#10993 = CARTESIAN_POINT('',(3.132592242959,0.758958685065));
#10994 = CARTESIAN_POINT('',(3.132078207408,0.786949162982));
#10995 = CARTESIAN_POINT('',(3.131530682355,0.814939481506));
#10996 = CARTESIAN_POINT('',(3.130944246116,0.84292961483));
#10997 = CARTESIAN_POINT('',(3.130311894098,0.870919529614));
#10998 = CARTESIAN_POINT('',(3.129108488236,0.9199014198));
#10999 = CARTESIAN_POINT('',(3.128561620504,0.94089351032));
#11000 = CARTESIAN_POINT('',(3.12797968798,0.961885433942));
#11001 = CARTESIAN_POINT('',(3.127357867862,0.98287716771));
#11002 = CARTESIAN_POINT('',(3.12669037645,1.003868684093));
#11003 = CARTESIAN_POINT('',(3.125970058112,1.024859949029));
#11004 = CARTESIAN_POINT('',(3.125187643746,1.045850918393));
#11005 = CARTESIAN_POINT('',(3.123687954952,1.082584493771));
#11006 = CARTESIAN_POINT('',(3.123003281341,1.098327254965));
#11007 = CARTESIAN_POINT('',(3.122271430326,1.114069791591));
#11008 = CARTESIAN_POINT('',(3.12148600044,1.129812073173));
#11009 = CARTESIAN_POINT('',(3.120639308903,1.145554063135));
#11010 = CARTESIAN_POINT('',(3.119721844393,1.161295716193));
#11011 = CARTESIAN_POINT('',(3.118721279984,1.177036973655));
#11012 = CARTESIAN_POINT('',(3.116795870977,1.204583343851));
#11013 = CARTESIAN_POINT('',(3.115914611649,1.21638866408));
#11014 = CARTESIAN_POINT('',(3.114970313509,1.228193684195));
#11015 = CARTESIAN_POINT('',(3.113954458973,1.239998363635));
#11016 = CARTESIAN_POINT('',(3.112856824075,1.251802653712));
#11017 = CARTESIAN_POINT('',(3.1116647505,1.263606494143));
#11018 = CARTESIAN_POINT('',(3.11036183323,1.275409806791));
#11019 = CARTESIAN_POINT('',(3.107849166723,1.296064496505));
#11020 = CARTESIAN_POINT('',(3.106697531249,1.304916150298));
#11021 = CARTESIAN_POINT('',(3.105461862471,1.313767403921));
#11022 = CARTESIAN_POINT('',(3.104130827923,1.322618203385));
#11023 = CARTESIAN_POINT('',(3.102690825247,1.331468483882));
#11024 = CARTESIAN_POINT('',(3.101125015497,1.340318165175));
#11025 = CARTESIAN_POINT('',(3.099411582081,1.349167143291));
#11026 = CARTESIAN_POINT('',(3.096103440271,1.364651379921));
#11027 = CARTESIAN_POINT('',(3.094586105218,1.371287007036));
#11028 = CARTESIAN_POINT('',(3.092956906449,1.377922101202));
#11029 = CARTESIAN_POINT('',(3.091200784851,1.384556590616));
#11030 = CARTESIAN_POINT('',(3.089299667388,1.391190389097));
#11031 = CARTESIAN_POINT('',(3.087231187409,1.397823389969));
#11032 = CARTESIAN_POINT('',(3.084966383814,1.404455455059));
#11033 = CARTESIAN_POINT('',(3.080591375517,1.416059606595));
#11034 = CARTESIAN_POINT('',(3.078584025639,1.421032183415));
#11035 = CARTESIAN_POINT('',(3.07642800714,1.426004051349));
#11036 = CARTESIAN_POINT('',(3.074103358405,1.43097511508));
#11037 = CARTESIAN_POINT('',(3.071586128981,1.435945260224));
#11038 = CARTESIAN_POINT('',(3.068846695,1.440914345259));
#11039 = CARTESIAN_POINT('',(3.065846739559,1.445882187018));
#11040 = CARTESIAN_POINT('',(3.060051016927,1.454573304328));
#11041 = CARTESIAN_POINT('',(3.057391641239,1.458297231034));
#11042 = CARTESIAN_POINT('',(3.054535201241,1.462020216708));
#11043 = CARTESIAN_POINT('',(3.051455355248,1.465742135238));
#11044 = CARTESIAN_POINT('',(3.048120512938,1.469462835347));
#11045 = CARTESIAN_POINT('',(3.044491639718,1.47318213));
#11046 = CARTESIAN_POINT('',(3.040518342176,1.476899777473));
#11047 = CARTESIAN_POINT('',(3.032844403909,1.483402211516));
#11048 = CARTESIAN_POINT('',(3.029323856959,1.486187859983));
#11049 = CARTESIAN_POINT('',(3.025543285292,1.488972263517));
#11050 = CARTESIAN_POINT('',(3.021468203054,1.49175525626));
#11051 = CARTESIAN_POINT('',(3.017057288958,1.494536639381));
#11052 = CARTESIAN_POINT('',(3.012259574643,1.497316167377));
#11053 = CARTESIAN_POINT('',(3.007009479438,1.500093523748));
#11054 = CARTESIAN_POINT('',(2.996877350621,1.504949357775));
#11055 = CARTESIAN_POINT('',(2.992231346091,1.507028969895));
#11056 = CARTESIAN_POINT('',(2.987244975559,1.509106944895));
#11057 = CARTESIAN_POINT('',(2.981873716689,1.511183066905));
#11058 = CARTESIAN_POINT('',(2.976064307584,1.513257077444));
#11059 = CARTESIAN_POINT('',(2.969751257505,1.515328658097));
#11060 = CARTESIAN_POINT('',(2.962850787955,1.517397400149));
#11061 = CARTESIAN_POINT('',(2.949553266222,1.521011781903));
#11062 = CARTESIAN_POINT('',(2.943461546087,1.52255890031));
#11063 = CARTESIAN_POINT('',(2.936930467219,1.524103888261));
#11064 = CARTESIAN_POINT('',(2.929903928388,1.525646469837));
#11065 = CARTESIAN_POINT('',(2.922315015995,1.527186315367));
#11066 = CARTESIAN_POINT('',(2.914081908641,1.5287230204));
#11067 = CARTESIAN_POINT('',(2.905100973896,1.530256069618));
#11068 = CARTESIAN_POINT('',(2.880441182337,1.534077859747));
#11069 = CARTESIAN_POINT('',(2.863658363852,1.536361180331));
#11070 = CARTESIAN_POINT('',(2.84443212762,1.538632481333));
#11071 = CARTESIAN_POINT('',(2.822136763474,1.540888513782));
#11072 = CARTESIAN_POINT('',(2.795907319301,1.543125083238));
#11073 = CARTESIAN_POINT('',(2.764414775954,1.545334924057));
#11074 = CARTESIAN_POINT('',(2.72566003202,1.54750809216));
#11075 = CARTESIAN_POINT('',(2.650363708218,1.550676404487));
#11076 = CARTESIAN_POINT('',(2.622404391337,1.551717268384));
#11077 = CARTESIAN_POINT('',(2.591060642105,1.552739845358));
#11078 = CARTESIAN_POINT('',(2.555679639874,1.553740211295));
#11079 = CARTESIAN_POINT('',(2.515405418693,1.554713051557));
#11080 = CARTESIAN_POINT('',(2.469185399842,1.555651299768));
#11081 = CARTESIAN_POINT('',(2.415554818785,1.556544535154));
#11082 = CARTESIAN_POINT('',(2.32180107869,1.557794534639));
#11083 = CARTESIAN_POINT('',(2.288331970339,1.558196225762));
#11084 = CARTESIAN_POINT('',(2.252462026143,1.558581081629));
#11085 = CARTESIAN_POINT('',(2.214010803769,1.558946965437));
#11086 = CARTESIAN_POINT('',(2.172809326513,1.559291439349));
#11087 = CARTESIAN_POINT('',(2.128731174199,1.559611750914));
#11088 = CARTESIAN_POINT('',(2.081737284612,1.559904909526));
#11089 = CARTESIAN_POINT('',(1.982114753179,1.560430955318));
#11090 = CARTESIAN_POINT('',(1.92948605213,1.560663842585));
#11091 = CARTESIAN_POINT('',(1.874137320862,1.560863610025));
#11092 = CARTESIAN_POINT('',(1.816302436961,1.561027285036));
#11093 = CARTESIAN_POINT('',(1.756386242473,1.561152123581));
#11094 = CARTESIAN_POINT('',(1.695009517048,1.561236036045));
#11095 = CARTESIAN_POINT('',(1.632902933128,1.561277992991));
#11096 = CARTESIAN_POINT('',(1.570796326795,1.561277992991));
#11097 = ( GEOMETRIC_REPRESENTATION_CONTEXT(2) 
PARAMETRIC_REPRESENTATION_CONTEXT() REPRESENTATION_CONTEXT('2D SPACE',''
  ) );
#11098 = PCURVE('',#10808,#11099);
#11099 = DEFINITIONAL_REPRESENTATION('',(#11100),#11104);
#11100 = LINE('',#11101,#11102);
#11101 = CARTESIAN_POINT('',(-0.,0.));
#11102 = VECTOR('',#11103,1.);
#11103 = DIRECTION('',(-1.,0.));
#11104 = ( GEOMETRIC_REPRESENTATION_CONTEXT(2) 
PARAMETRIC_REPRESENTATION_CONTEXT() REPRESENTATION_CONTEXT('2D SPACE',''
  ) );
#11105 = ADVANCED_FACE('',(#11106),#10808,.T.);
#11106 = FACE_BOUND('',#11107,.F.);
#11107 = EDGE_LOOP('',(#11108,#11109,#11110,#11133,#11174,#11398,#11432,
    #11433));
#11108 = ORIENTED_EDGE('',*,*,#10889,.F.);
#11109 = ORIENTED_EDGE('',*,*,#10826,.T.);
#11110 = ORIENTED_EDGE('',*,*,#11111,.T.);
#11111 = EDGE_CURVE('',#10786,#11112,#11114,.T.);
#11112 = VERTEX_POINT('',#11113);
#11113 = CARTESIAN_POINT('',(-960.575,127.30057529726,696.23169363608));
#11114 = SEAM_CURVE('',#11115,(#11119,#11126),.PCURVE_S1.);
#11115 = LINE('',#11116,#11117);
#11116 = CARTESIAN_POINT('',(-960.575,-240.,699.72788870239));
#11117 = VECTOR('',#11118,1.);
#11118 = DIRECTION('',(0.,0.999954701003,-9.518190080008E-03));
#11119 = PCURVE('',#10808,#11120);
#11120 = DEFINITIONAL_REPRESENTATION('',(#11121),#11125);
#11121 = LINE('',#11122,#11123);
#11122 = CARTESIAN_POINT('',(-6.28318530718,0.));
#11123 = VECTOR('',#11124,1.);
#11124 = DIRECTION('',(-0.,-1.));
#11125 = ( GEOMETRIC_REPRESENTATION_CONTEXT(2) 
PARAMETRIC_REPRESENTATION_CONTEXT() REPRESENTATION_CONTEXT('2D SPACE',''
  ) );
#11126 = PCURVE('',#10808,#11127);
#11127 = DEFINITIONAL_REPRESENTATION('',(#11128),#11132);
#11128 = LINE('',#11129,#11130);
#11129 = CARTESIAN_POINT('',(-0.,0.));
#11130 = VECTOR('',#11131,1.);
#11131 = DIRECTION('',(-0.,-1.));
#11132 = ( GEOMETRIC_REPRESENTATION_CONTEXT(2) 
PARAMETRIC_REPRESENTATION_CONTEXT() REPRESENTATION_CONTEXT('2D SPACE',''
  ) );
#11133 = ORIENTED_EDGE('',*,*,#11134,.F.);
#11134 = EDGE_CURVE('',#11135,#11112,#11137,.T.);
#11135 = VERTEX_POINT('',#11136);
#11136 = CARTESIAN_POINT('',(-973.275,139.87911898598,683.41138791933));
#11137 = SURFACE_CURVE('',#11138,(#11143,#11156),.PCURVE_S1.);
#11138 = ELLIPSE('',#11139,17.960512242138,12.7);
#11139 = AXIS2_PLACEMENT_3D('',#11140,#11141,#11142);
#11140 = CARTESIAN_POINT('',(-973.275,140.,696.11081262207));
#11141 = DIRECTION('',(-0.707106781187,-0.707074749958,
    6.730376750196E-03));
#11142 = DIRECTION('',(0.707106781187,-0.707074749958,6.730376750196E-03
    ));
#11143 = PCURVE('',#10808,#11144);
#11144 = DEFINITIONAL_REPRESENTATION('',(#11145),#11155);
#11145 = B_SPLINE_CURVE_WITH_KNOTS('',8,(#11146,#11147,#11148,#11149,
    #11150,#11151,#11152,#11153,#11154),.UNSPECIFIED.,.F.,.F.,(9,9),(
    4.712389014081,6.28318530718),.PIECEWISE_BEZIER_KNOTS.);
#11146 = CARTESIAN_POINT('',(-1.570796293098,-380.0172139707));
#11147 = CARTESIAN_POINT('',(-1.374446756461,-377.5235748554));
#11148 = CARTESIAN_POINT('',(-1.178097219823,-375.0299351667));
#11149 = CARTESIAN_POINT('',(-0.981747683186,-372.6827957606));
#11150 = CARTESIAN_POINT('',(-0.785398146546,-370.6286281256));
#11151 = CARTESIAN_POINT('',(-0.589048609912,-368.9959251384));
#11152 = CARTESIAN_POINT('',(-0.392699073274,-367.8767862297));
#11153 = CARTESIAN_POINT('',(-0.196349536637,-367.3172143987));
#11154 = CARTESIAN_POINT('',(8.881784197001E-15,-367.3172143987));
#11155 = ( GEOMETRIC_REPRESENTATION_CONTEXT(2) 
PARAMETRIC_REPRESENTATION_CONTEXT() REPRESENTATION_CONTEXT('2D SPACE',''
  ) );
#11156 = PCURVE('',#11157,#11162);
#11157 = CYLINDRICAL_SURFACE('',#11158,12.7);
#11158 = AXIS2_PLACEMENT_3D('',#11159,#11160,#11161);
#11159 = CARTESIAN_POINT('',(-973.275,140.,696.11081262207));
#11160 = DIRECTION('',(-1.,-0.,-1.110223024625E-16));
#11161 = DIRECTION('',(1.110223024625E-16,0.,-1.));
#11162 = DEFINITIONAL_REPRESENTATION('',(#11163),#11173);
#11163 = B_SPLINE_CURVE_WITH_KNOTS('',8,(#11164,#11165,#11166,#11167,
    #11168,#11169,#11170,#11171,#11172),.UNSPECIFIED.,.F.,.F.,(9,9),(
    4.712389014081,6.28318530718),.PIECEWISE_BEZIER_KNOTS.);
#11164 = CARTESIAN_POINT('',(-6.273666939679,-4.27947497883E-07));
#11165 = CARTESIAN_POINT('',(-6.077317403042,-2.493639543241));
#11166 = CARTESIAN_POINT('',(-5.880967866392,-4.987279231741));
#11167 = CARTESIAN_POINT('',(-5.684618329786,-7.334418637725));
#11168 = CARTESIAN_POINT('',(-5.488268793084,-9.388586272413));
#11169 = CARTESIAN_POINT('',(-5.291919256506,-11.02128926053));
#11170 = CARTESIAN_POINT('',(-5.095569719848,-12.14042816897));
#11171 = CARTESIAN_POINT('',(-4.899220183218,-12.7));
#11172 = CARTESIAN_POINT('',(-4.702870646581,-12.7));
#11173 = ( GEOMETRIC_REPRESENTATION_CONTEXT(2) 
PARAMETRIC_REPRESENTATION_CONTEXT() REPRESENTATION_CONTEXT('2D SPACE',''
  ) );
#11174 = ORIENTED_EDGE('',*,*,#11175,.T.);
#11175 = EDGE_CURVE('',#11135,#11176,#11178,.T.);
#11176 = VERTEX_POINT('',#11177);
#11177 = CARTESIAN_POINT('',(-973.2749999999,140.12088101401,
    708.8102373248));
#11178 = SURFACE_CURVE('',#11179,(#11184,#11191),.PCURVE_S1.);
#11179 = CIRCLE('',#11180,12.7);
#11180 = AXIS2_PLACEMENT_3D('',#11181,#11182,#11183);
#11181 = CARTESIAN_POINT('',(-973.275,140.,696.11081262207));
#11182 = DIRECTION('',(0.,0.999954701003,-9.518190080008E-03));
#11183 = DIRECTION('',(1.,0.,0.));
#11184 = PCURVE('',#10808,#11185);
#11185 = DEFINITIONAL_REPRESENTATION('',(#11186),#11190);
#11186 = LINE('',#11187,#11188);
#11187 = CARTESIAN_POINT('',(-0.,-380.0172143987));
#11188 = VECTOR('',#11189,1.);
#11189 = DIRECTION('',(-1.,0.));
#11190 = ( GEOMETRIC_REPRESENTATION_CONTEXT(2) 
PARAMETRIC_REPRESENTATION_CONTEXT() REPRESENTATION_CONTEXT('2D SPACE',''
  ) );
#11191 = PCURVE('',#11192,#11197);
#11192 = SPHERICAL_SURFACE('',#11193,12.7);
#11193 = AXIS2_PLACEMENT_3D('',#11194,#11195,#11196);
#11194 = CARTESIAN_POINT('',(-973.275,140.,696.11081262207));
#11195 = DIRECTION('',(0.,0.,1.));
#11196 = DIRECTION('',(1.,0.,0.));
#11197 = DEFINITIONAL_REPRESENTATION('',(#11198),#11397);
#11198 = B_SPLINE_CURVE_WITH_KNOTS('',8,(#11199,#11200,#11201,#11202,
    #11203,#11204,#11205,#11206,#11207,#11208,#11209,#11210,#11211,
    #11212,#11213,#11214,#11215,#11216,#11217,#11218,#11219,#11220,
    #11221,#11222,#11223,#11224,#11225,#11226,#11227,#11228,#11229,
    #11230,#11231,#11232,#11233,#11234,#11235,#11236,#11237,#11238,
    #11239,#11240,#11241,#11242,#11243,#11244,#11245,#11246,#11247,
    #11248,#11249,#11250,#11251,#11252,#11253,#11254,#11255,#11256,
    #11257,#11258,#11259,#11260,#11261,#11262,#11263,#11264,#11265,
    #11266,#11267,#11268,#11269,#11270,#11271,#11272,#11273,#11274,
    #11275,#11276,#11277,#11278,#11279,#11280,#11281,#11282,#11283,
    #11284,#11285,#11286,#11287,#11288,#11289,#11290,#11291,#11292,
    #11293,#11294,#11295,#11296,#11297,#11298,#11299,#11300,#11301,
    #11302,#11303,#11304,#11305,#11306,#11307,#11308,#11309,#11310,
    #11311,#11312,#11313,#11314,#11315,#11316,#11317,#11318,#11319,
    #11320,#11321,#11322,#11323,#11324,#11325,#11326,#11327,#11328,
    #11329,#11330,#11331,#11332,#11333,#11334,#11335,#11336,#11337,
    #11338,#11339,#11340,#11341,#11342,#11343,#11344,#11345,#11346,
    #11347,#11348,#11349,#11350,#11351,#11352,#11353,#11354,#11355,
    #11356,#11357,#11358,#11359,#11360,#11361,#11362,#11363,#11364,
    #11365,#11366,#11367,#11368,#11369,#11370,#11371,#11372,#11373,
    #11374,#11375,#11376,#11377,#11378,#11379,#11380,#11381,#11382,
    #11383,#11384,#11385,#11386,#11387,#11388,#11389,#11390,#11391,
    #11392,#11393,#11394,#11395,#11396),.UNSPECIFIED.,.F.,.F.,(9,7,7,7,7
    ,7,7,7,7,7,7,7,7,7,7,7,7,7,7,7,7,7,7,7,7,7,7,7,9),(1.570796326795,
    1.573864288371,1.57999421941,1.586112177927,1.598324196687,
    1.610488512248,1.634722109656,1.658766382083,1.706479235182,
    1.800413914719,1.982412356323,2.323659434331,2.920841820844,
    3.816615400615,4.040558795557,4.208516341764,4.334484501419,
    4.428960621161,4.499817710967,4.552960528321,4.592817641337,
    4.622710476099,4.64513010217,4.661944821724,4.674555861389,
    4.693472420887,4.702930700636,4.70765984051,4.712388980385),
  .UNSPECIFIED.);
#11199 = CARTESIAN_POINT('',(4.71238898038,-1.561277992991));
#11200 = CARTESIAN_POINT('',(4.672098211468,-1.561277992991));
#11201 = CARTESIAN_POINT('',(4.631807518508,-1.561260335511));
#11202 = CARTESIAN_POINT('',(4.591715820778,-1.561225018807));
#11203 = CARTESIAN_POINT('',(4.552023228083,-1.561172229193));
#11204 = CARTESIAN_POINT('',(4.51291594657,-1.561102332657));
#11205 = CARTESIAN_POINT('',(4.474555969174,-1.56101585245));
#11206 = CARTESIAN_POINT('',(4.43707555069,-1.560913432648));
#11207 = CARTESIAN_POINT('',(4.327649588344,-1.560560727551));
#11208 = CARTESIAN_POINT('',(4.25864056361,-1.560264887803));
#11209 = CARTESIAN_POINT('',(4.194363060024,-1.559913978093));
#11210 = CARTESIAN_POINT('',(4.135152661584,-1.559514943095));
#11211 = CARTESIAN_POINT('',(4.080860306532,-1.559074597844));
#11212 = CARTESIAN_POINT('',(4.031178392999,-1.558598793875));
#11213 = CARTESIAN_POINT('',(3.985719634557,-1.558092560955));
#11214 = CARTESIAN_POINT('',(3.902538761804,-1.557028705255));
#11215 = CARTESIAN_POINT('',(3.864801722815,-1.556471184897));
#11216 = CARTESIAN_POINT('',(3.830483238587,-1.555891747849));
#11217 = CARTESIAN_POINT('',(3.799179827494,-1.555293790969));
#11218 = CARTESIAN_POINT('',(3.770530845755,-1.554680029298));
#11219 = CARTESIAN_POINT('',(3.744225990389,-1.554052651676));
#11220 = CARTESIAN_POINT('',(3.719995115217,-1.553413460629));
#11221 = CARTESIAN_POINT('',(3.652919128677,-1.551467442862));
#11222 = CARTESIAN_POINT('',(3.615574298319,-1.550129796662));
#11223 = CARTESIAN_POINT('',(3.583731661567,-1.548762836841));
#11224 = CARTESIAN_POINT('',(3.556153379694,-1.547373478307));
#11225 = CARTESIAN_POINT('',(3.531992806766,-1.545966501343));
#11226 = CARTESIAN_POINT('',(3.510614021568,-1.544545292826));
#11227 = CARTESIAN_POINT('',(3.491543655876,-1.543112386819));
#11228 = CARTESIAN_POINT('',(3.457347623693,-1.540232682095));
#11229 = CARTESIAN_POINT('',(3.44220689053,-1.538785959836));
#11230 = CARTESIAN_POINT('',(3.428625634142,-1.537331460361));
#11231 = CARTESIAN_POINT('',(3.416344263046,-1.535870514624));
#11232 = CARTESIAN_POINT('',(3.405165278926,-1.534404125286));
#11233 = CARTESIAN_POINT('',(3.394932503191,-1.532933081173));
#11234 = CARTESIAN_POINT('',(3.385521376139,-1.531458005729));
#11235 = CARTESIAN_POINT('',(3.35951369241,-1.527033770655));
#11236 = CARTESIAN_POINT('',(3.34505253589,-1.524074160157));
#11237 = CARTESIAN_POINT('',(3.332638278758,-1.521104608797));
#11238 = CARTESIAN_POINT('',(3.321819026649,-1.51812732754));
#11239 = CARTESIAN_POINT('',(3.312268319916,-1.515143918297));
#11240 = CARTESIAN_POINT('',(3.303758787317,-1.512155485364));
#11241 = CARTESIAN_POINT('',(3.296114990461,-1.509162882306));
#11242 = CARTESIAN_POINT('',(3.282344330457,-1.503194044227));
#11243 = CARTESIAN_POINT('',(3.276206028889,-1.500217864287));
#11244 = CARTESIAN_POINT('',(3.270656352689,-1.497238856785));
#11245 = CARTESIAN_POINT('',(3.265601633698,-1.494257474094));
#11246 = CARTESIAN_POINT('',(3.260970087713,-1.49127406229));
#11247 = CARTESIAN_POINT('',(3.256704483514,-1.488288897012));
#11248 = CARTESIAN_POINT('',(3.252758934714,-1.485302198917));
#11249 = CARTESIAN_POINT('',(3.241825628697,-1.476384742671));
#11250 = CARTESIAN_POINT('',(3.235666327082,-1.47045001876));
#11251 = CARTESIAN_POINT('',(3.230321891749,-1.464511399592));
#11252 = CARTESIAN_POINT('',(3.225618959995,-1.458569715626));
#11253 = CARTESIAN_POINT('',(3.22143609916,-1.452625548092));
#11254 = CARTESIAN_POINT('',(3.21768099008,-1.446679338852));
#11255 = CARTESIAN_POINT('',(3.214286779199,-1.440731407329));
#11256 = CARTESIAN_POINT('',(3.205120692601,-1.423069141896));
#11257 = CARTESIAN_POINT('',(3.200231137798,-1.411350598544));
#11258 = CARTESIAN_POINT('',(3.19612237259,-1.39962833332));
#11259 = CARTESIAN_POINT('',(3.192606699276,-1.387903241135));
#11260 = CARTESIAN_POINT('',(3.189543565424,-1.376175992781));
#11261 = CARTESIAN_POINT('',(3.186845972632,-1.364447002795));
#11262 = CARTESIAN_POINT('',(3.18444524166,-1.352716598669));
#11263 = CARTESIAN_POINT('',(3.178118436894,-1.318255081545));
#11264 = CARTESIAN_POINT('',(3.174872059055,-1.295520730989));
#11265 = CARTESIAN_POINT('',(3.172186889238,-1.272783708233));
#11266 = CARTESIAN_POINT('',(3.16992275337,-1.250044680656));
#11267 = CARTESIAN_POINT('',(3.167966613653,-1.22730418677));
#11268 = CARTESIAN_POINT('',(3.166257451544,-1.204562517052));
#11269 = CARTESIAN_POINT('',(3.164744312454,-1.181819914153));
#11270 = CARTESIAN_POINT('',(3.160857029508,-1.116432726768));
#11271 = CARTESIAN_POINT('',(3.158887640689,-1.07378621547));
#11272 = CARTESIAN_POINT('',(3.157249845828,-1.03113812583));
#11273 = CARTESIAN_POINT('',(3.155860079054,-0.988488855593));
#11274 = CARTESIAN_POINT('',(3.154648068323,-0.945838739298));
#11275 = CARTESIAN_POINT('',(3.15357810515,-0.903187946904));
#11276 = CARTESIAN_POINT('',(3.15261930239,-0.860536625429));
#11277 = CARTESIAN_POINT('',(3.150231211606,-0.743244308066));
#11278 = CARTESIAN_POINT('',(3.148988169806,-0.668602425728));
#11279 = CARTESIAN_POINT('',(3.147908172341,-0.593959767398));
#11280 = CARTESIAN_POINT('',(3.146946822984,-0.519316544373));
#11281 = CARTESIAN_POINT('',(3.14606764073,-0.444672930288));
#11282 = CARTESIAN_POINT('',(3.145249782547,-0.370029024339));
#11283 = CARTESIAN_POINT('',(3.144474896843,-0.295384913871));
#11284 = CARTESIAN_POINT('',(3.142609173987,-0.10877429745));
#11285 = CARTESIAN_POINT('',(3.141553934408,3.192377923739E-03));
#11286 = CARTESIAN_POINT('',(3.140514463787,0.115159128347));
#11287 = CARTESIAN_POINT('',(3.139453097318,0.227125774558));
#11288 = CARTESIAN_POINT('',(3.138339208293,0.339092170804));
#11289 = CARTESIAN_POINT('',(3.137112918178,0.451058032091));
#11290 = CARTESIAN_POINT('',(3.135722395375,0.563023111749));
#11291 = CARTESIAN_POINT('',(3.133536712438,0.702977331329));
#11292 = CARTESIAN_POINT('',(3.133077184908,0.730968068676));
#11293 = CARTESIAN_POINT('',(3.132592242959,0.758958685065));
#11294 = CARTESIAN_POINT('',(3.132078207408,0.786949162982));
#11295 = CARTESIAN_POINT('',(3.131530682355,0.814939481506));
#11296 = CARTESIAN_POINT('',(3.130944246116,0.84292961483));
#11297 = CARTESIAN_POINT('',(3.130311894098,0.870919529614));
#11298 = CARTESIAN_POINT('',(3.129108488236,0.9199014198));
#11299 = CARTESIAN_POINT('',(3.128561620504,0.94089351032));
#11300 = CARTESIAN_POINT('',(3.12797968798,0.961885433942));
#11301 = CARTESIAN_POINT('',(3.127357867862,0.98287716771));
#11302 = CARTESIAN_POINT('',(3.12669037645,1.003868684093));
#11303 = CARTESIAN_POINT('',(3.125970058112,1.024859949029));
#11304 = CARTESIAN_POINT('',(3.125187643746,1.045850918393));
#11305 = CARTESIAN_POINT('',(3.123687954952,1.082584493771));
#11306 = CARTESIAN_POINT('',(3.123003281341,1.098327254965));
#11307 = CARTESIAN_POINT('',(3.122271430326,1.114069791591));
#11308 = CARTESIAN_POINT('',(3.12148600044,1.129812073173));
#11309 = CARTESIAN_POINT('',(3.120639308903,1.145554063135));
#11310 = CARTESIAN_POINT('',(3.119721844393,1.161295716193));
#11311 = CARTESIAN_POINT('',(3.118721279984,1.177036973655));
#11312 = CARTESIAN_POINT('',(3.116795870977,1.204583343851));
#11313 = CARTESIAN_POINT('',(3.115914611649,1.21638866408));
#11314 = CARTESIAN_POINT('',(3.114970313509,1.228193684195));
#11315 = CARTESIAN_POINT('',(3.113954458973,1.239998363635));
#11316 = CARTESIAN_POINT('',(3.112856824075,1.251802653712));
#11317 = CARTESIAN_POINT('',(3.1116647505,1.263606494143));
#11318 = CARTESIAN_POINT('',(3.11036183323,1.275409806791));
#11319 = CARTESIAN_POINT('',(3.107849166723,1.296064496505));
#11320 = CARTESIAN_POINT('',(3.106697531249,1.304916150298));
#11321 = CARTESIAN_POINT('',(3.105461862471,1.313767403921));
#11322 = CARTESIAN_POINT('',(3.104130827923,1.322618203385));
#11323 = CARTESIAN_POINT('',(3.102690825247,1.331468483882));
#11324 = CARTESIAN_POINT('',(3.101125015497,1.340318165175));
#11325 = CARTESIAN_POINT('',(3.099411582081,1.349167143291));
#11326 = CARTESIAN_POINT('',(3.096103440271,1.364651379921));
#11327 = CARTESIAN_POINT('',(3.094586105218,1.371287007036));
#11328 = CARTESIAN_POINT('',(3.092956906449,1.377922101202));
#11329 = CARTESIAN_POINT('',(3.091200784851,1.384556590616));
#11330 = CARTESIAN_POINT('',(3.089299667388,1.391190389097));
#11331 = CARTESIAN_POINT('',(3.087231187409,1.397823389969));
#11332 = CARTESIAN_POINT('',(3.084966383814,1.404455455059));
#11333 = CARTESIAN_POINT('',(3.080591375517,1.416059606595));
#11334 = CARTESIAN_POINT('',(3.078584025639,1.421032183415));
#11335 = CARTESIAN_POINT('',(3.07642800714,1.426004051349));
#11336 = CARTESIAN_POINT('',(3.074103358405,1.43097511508));
#11337 = CARTESIAN_POINT('',(3.071586128982,1.435945260224));
#11338 = CARTESIAN_POINT('',(3.068846695,1.440914345259));
#11339 = CARTESIAN_POINT('',(3.065846739559,1.445882187018));
#11340 = CARTESIAN_POINT('',(3.060051016927,1.454573304328));
#11341 = CARTESIAN_POINT('',(3.057391641239,1.458297231035));
#11342 = CARTESIAN_POINT('',(3.054535201241,1.462020216708));
#11343 = CARTESIAN_POINT('',(3.051455355248,1.465742135238));
#11344 = CARTESIAN_POINT('',(3.048120512938,1.469462835347));
#11345 = CARTESIAN_POINT('',(3.044491639718,1.47318213));
#11346 = CARTESIAN_POINT('',(3.040518342176,1.476899777473));
#11347 = CARTESIAN_POINT('',(3.032844403909,1.483402211516));
#11348 = CARTESIAN_POINT('',(3.029323856959,1.486187859983));
#11349 = CARTESIAN_POINT('',(3.025543285292,1.488972263517));
#11350 = CARTESIAN_POINT('',(3.021468203054,1.49175525626));
#11351 = CARTESIAN_POINT('',(3.017057288958,1.494536639381));
#11352 = CARTESIAN_POINT('',(3.012259574642,1.497316167377));
#11353 = CARTESIAN_POINT('',(3.007009479438,1.500093523748));
#11354 = CARTESIAN_POINT('',(2.996877350621,1.504949357775));
#11355 = CARTESIAN_POINT('',(2.992231346091,1.507028969895));
#11356 = CARTESIAN_POINT('',(2.987244975558,1.509106944895));
#11357 = CARTESIAN_POINT('',(2.981873716689,1.511183066905));
#11358 = CARTESIAN_POINT('',(2.976064307584,1.513257077444));
#11359 = CARTESIAN_POINT('',(2.969751257505,1.515328658097));
#11360 = CARTESIAN_POINT('',(2.962850787955,1.517397400149));
#11361 = CARTESIAN_POINT('',(2.949553266222,1.521011781903));
#11362 = CARTESIAN_POINT('',(2.943461546086,1.52255890031));
#11363 = CARTESIAN_POINT('',(2.936930467218,1.524103888261));
#11364 = CARTESIAN_POINT('',(2.929903928388,1.525646469837));
#11365 = CARTESIAN_POINT('',(2.922315015995,1.527186315367));
#11366 = CARTESIAN_POINT('',(2.91408190864,1.5287230204));
#11367 = CARTESIAN_POINT('',(2.905100973895,1.530256069618));
#11368 = CARTESIAN_POINT('',(2.880441182337,1.534077859747));
#11369 = CARTESIAN_POINT('',(2.863658363846,1.53636118033));
#11370 = CARTESIAN_POINT('',(2.844432127644,1.538632481339));
#11371 = CARTESIAN_POINT('',(2.822136763449,1.540888513769));
#11372 = CARTESIAN_POINT('',(2.795907319318,1.54312508324));
#11373 = CARTESIAN_POINT('',(2.76441477595,1.545334924053));
#11374 = CARTESIAN_POINT('',(2.72566003202,1.54750809216));
#11375 = CARTESIAN_POINT('',(2.650363708217,1.550676404487));
#11376 = CARTESIAN_POINT('',(2.622404391338,1.551717268385));
#11377 = CARTESIAN_POINT('',(2.591060642091,1.552739845355));
#11378 = CARTESIAN_POINT('',(2.555679639891,1.55374021131));
#11379 = CARTESIAN_POINT('',(2.515405418688,1.554713051553));
#11380 = CARTESIAN_POINT('',(2.469185399842,1.555651299768));
#11381 = CARTESIAN_POINT('',(2.415554818783,1.556544535154));
#11382 = CARTESIAN_POINT('',(2.321801078688,1.557794534639));
#11383 = CARTESIAN_POINT('',(2.288331970337,1.558196225762));
#11384 = CARTESIAN_POINT('',(2.25246202614,1.558581081629));
#11385 = CARTESIAN_POINT('',(2.214010803765,1.558946965436));
#11386 = CARTESIAN_POINT('',(2.17280932651,1.559291439348));
#11387 = CARTESIAN_POINT('',(2.128731174196,1.559611750914));
#11388 = CARTESIAN_POINT('',(2.081737284608,1.559904909526));
#11389 = CARTESIAN_POINT('',(1.982114753176,1.560430955318));
#11390 = CARTESIAN_POINT('',(1.929486052127,1.560663842587));
#11391 = CARTESIAN_POINT('',(1.874137320857,1.560863610016));
#11392 = CARTESIAN_POINT('',(1.816302436977,1.561027285048));
#11393 = CARTESIAN_POINT('',(1.756386242457,1.561152123575));
#11394 = CARTESIAN_POINT('',(1.695009517049,1.561236036047));
#11395 = CARTESIAN_POINT('',(1.632902933124,1.561277992991));
#11396 = CARTESIAN_POINT('',(1.57079632679,1.561277992991));
#11397 = ( GEOMETRIC_REPRESENTATION_CONTEXT(2) 
PARAMETRIC_REPRESENTATION_CONTEXT() REPRESENTATION_CONTEXT('2D SPACE',''
  ) );
#11398 = ORIENTED_EDGE('',*,*,#11399,.F.);
#11399 = EDGE_CURVE('',#11112,#11176,#11400,.T.);
#11400 = SURFACE_CURVE('',#11401,(#11406,#11419),.PCURVE_S1.);
#11401 = ELLIPSE('',#11402,17.960512242138,12.7);
#11402 = AXIS2_PLACEMENT_3D('',#11403,#11404,#11405);
#11403 = CARTESIAN_POINT('',(-973.275,140.,696.11081262207));
#11404 = DIRECTION('',(-0.707106781187,-0.707074749958,
    6.730376750196E-03));
#11405 = DIRECTION('',(0.707106781187,-0.707074749958,6.730376750196E-03
    ));
#11406 = PCURVE('',#10808,#11407);
#11407 = DEFINITIONAL_REPRESENTATION('',(#11408),#11418);
#11408 = B_SPLINE_CURVE_WITH_KNOTS('',8,(#11409,#11410,#11411,#11412,
    #11413,#11414,#11415,#11416,#11417),.UNSPECIFIED.,.F.,.F.,(9,9),(0.,
    1.570796348642),.PIECEWISE_BEZIER_KNOTS.);
#11409 = CARTESIAN_POINT('',(-6.28318530718,-367.3172143987));
#11410 = CARTESIAN_POINT('',(-6.086835763599,-367.3172143987));
#11411 = CARTESIAN_POINT('',(-5.89048622002,-367.8767862691));
#11412 = CARTESIAN_POINT('',(-5.694136676433,-368.9959252574));
#11413 = CARTESIAN_POINT('',(-5.497787132837,-370.6286283554));
#11414 = CARTESIAN_POINT('',(-5.301437589267,-372.6827961241));
#11415 = CARTESIAN_POINT('',(-5.105088045697,-375.0299356648));
#11416 = CARTESIAN_POINT('',(-4.908738502118,-377.5235754727));
#11417 = CARTESIAN_POINT('',(-4.712388958537,-380.0172146761));
#11418 = ( GEOMETRIC_REPRESENTATION_CONTEXT(2) 
PARAMETRIC_REPRESENTATION_CONTEXT() REPRESENTATION_CONTEXT('2D SPACE',''
  ) );
#11419 = PCURVE('',#11157,#11420);
#11420 = DEFINITIONAL_REPRESENTATION('',(#11421),#11431);
#11421 = B_SPLINE_CURVE_WITH_KNOTS('',8,(#11422,#11423,#11424,#11425,
    #11426,#11427,#11428,#11429,#11430),.UNSPECIFIED.,.F.,.F.,(9,9),(0.,
    1.570796348642),.PIECEWISE_BEZIER_KNOTS.);
#11422 = CARTESIAN_POINT('',(-4.702870646581,-12.7));
#11423 = CARTESIAN_POINT('',(-4.506521103,-12.7));
#11424 = CARTESIAN_POINT('',(-4.310171559419,-12.14042812939));
#11425 = CARTESIAN_POINT('',(-4.11382201583,-11.02128914185));
#11426 = CARTESIAN_POINT('',(-3.917472472276,-9.38858604143));
#11427 = CARTESIAN_POINT('',(-3.721122928668,-7.334418274568));
#11428 = CARTESIAN_POINT('',(-3.524773385098,-4.987278733756));
#11429 = CARTESIAN_POINT('',(-3.328423841519,-2.493638926009));
#11430 = CARTESIAN_POINT('',(-3.132074297938,2.774605718514E-07));
#11431 = ( GEOMETRIC_REPRESENTATION_CONTEXT(2) 
PARAMETRIC_REPRESENTATION_CONTEXT() REPRESENTATION_CONTEXT('2D SPACE',''
  ) );
#11432 = ORIENTED_EDGE('',*,*,#11111,.F.);
#11433 = ORIENTED_EDGE('',*,*,#10785,.T.);
#11434 = ADVANCED_FACE('',(#11435),#10743,.F.);
#11435 = FACE_BOUND('',#11436,.F.);
#11436 = EDGE_LOOP('',(#11437));
#11437 = ORIENTED_EDGE('',*,*,#10728,.T.);
#11438 = ADVANCED_FACE('',(#11439),#11157,.T.);
#11439 = FACE_BOUND('',#11440,.F.);
#11440 = EDGE_LOOP('',(#11441,#11466,#11488,#11489,#11490,#11512,#11513)
  );
#11441 = ORIENTED_EDGE('',*,*,#11442,.F.);
#11442 = EDGE_CURVE('',#11443,#11445,#11447,.T.);
#11443 = VERTEX_POINT('',#11444);
#11444 = CARTESIAN_POINT('',(-973.275,140.,683.41081262207));
#11445 = VERTEX_POINT('',#11446);
#11446 = CARTESIAN_POINT('',(-761.275,140.,683.41081262207));
#11447 = SEAM_CURVE('',#11448,(#11452,#11459),.PCURVE_S1.);
#11448 = LINE('',#11449,#11450);
#11449 = CARTESIAN_POINT('',(-973.275,140.,683.41081262207));
#11450 = VECTOR('',#11451,1.);
#11451 = DIRECTION('',(1.,0.,1.110223024625E-16));
#11452 = PCURVE('',#11157,#11453);
#11453 = DEFINITIONAL_REPRESENTATION('',(#11454),#11458);
#11454 = LINE('',#11455,#11456);
#11455 = CARTESIAN_POINT('',(-6.28318530718,0.));
#11456 = VECTOR('',#11457,1.);
#11457 = DIRECTION('',(-0.,-1.));
#11458 = ( GEOMETRIC_REPRESENTATION_CONTEXT(2) 
PARAMETRIC_REPRESENTATION_CONTEXT() REPRESENTATION_CONTEXT('2D SPACE',''
  ) );
#11459 = PCURVE('',#11157,#11460);
#11460 = DEFINITIONAL_REPRESENTATION('',(#11461),#11465);
#11461 = LINE('',#11462,#11463);
#11462 = CARTESIAN_POINT('',(-0.,0.));
#11463 = VECTOR('',#11464,1.);
#11464 = DIRECTION('',(-0.,-1.));
#11465 = ( GEOMETRIC_REPRESENTATION_CONTEXT(2) 
PARAMETRIC_REPRESENTATION_CONTEXT() REPRESENTATION_CONTEXT('2D SPACE',''
  ) );
#11466 = ORIENTED_EDGE('',*,*,#11467,.F.);
#11467 = EDGE_CURVE('',#11135,#11443,#11468,.T.);
#11468 = SURFACE_CURVE('',#11469,(#11474,#11481),.PCURVE_S1.);
#11469 = CIRCLE('',#11470,12.7);
#11470 = AXIS2_PLACEMENT_3D('',#11471,#11472,#11473);
#11471 = CARTESIAN_POINT('',(-973.275,140.,696.11081262207));
#11472 = DIRECTION('',(1.,-0.,1.110223024625E-16));
#11473 = DIRECTION('',(1.110223024625E-16,0.,-1.));
#11474 = PCURVE('',#11157,#11475);
#11475 = DEFINITIONAL_REPRESENTATION('',(#11476),#11480);
#11476 = LINE('',#11477,#11478);
#11477 = CARTESIAN_POINT('',(-0.,0.));
#11478 = VECTOR('',#11479,1.);
#11479 = DIRECTION('',(-1.,0.));
#11480 = ( GEOMETRIC_REPRESENTATION_CONTEXT(2) 
PARAMETRIC_REPRESENTATION_CONTEXT() REPRESENTATION_CONTEXT('2D SPACE',''
  ) );
#11481 = PCURVE('',#11192,#11482);
#11482 = DEFINITIONAL_REPRESENTATION('',(#11483),#11487);
#11483 = LINE('',#11484,#11485);
#11484 = CARTESIAN_POINT('',(4.712388980385,4.712388980385));
#11485 = VECTOR('',#11486,1.);
#11486 = DIRECTION('',(0.,-1.));
#11487 = ( GEOMETRIC_REPRESENTATION_CONTEXT(2) 
PARAMETRIC_REPRESENTATION_CONTEXT() REPRESENTATION_CONTEXT('2D SPACE',''
  ) );
#11488 = ORIENTED_EDGE('',*,*,#11134,.T.);
#11489 = ORIENTED_EDGE('',*,*,#11399,.T.);
#11490 = ORIENTED_EDGE('',*,*,#11491,.F.);
#11491 = EDGE_CURVE('',#11443,#11176,#11492,.T.);
#11492 = SURFACE_CURVE('',#11493,(#11498,#11505),.PCURVE_S1.);
#11493 = CIRCLE('',#11494,12.7);
#11494 = AXIS2_PLACEMENT_3D('',#11495,#11496,#11497);
#11495 = CARTESIAN_POINT('',(-973.275,140.,696.11081262207));
#11496 = DIRECTION('',(1.,-0.,1.110223024625E-16));
#11497 = DIRECTION('',(1.110223024625E-16,0.,-1.));
#11498 = PCURVE('',#11157,#11499);
#11499 = DEFINITIONAL_REPRESENTATION('',(#11500),#11504);
#11500 = LINE('',#11501,#11502);
#11501 = CARTESIAN_POINT('',(-0.,0.));
#11502 = VECTOR('',#11503,1.);
#11503 = DIRECTION('',(-1.,0.));
#11504 = ( GEOMETRIC_REPRESENTATION_CONTEXT(2) 
PARAMETRIC_REPRESENTATION_CONTEXT() REPRESENTATION_CONTEXT('2D SPACE',''
  ) );
#11505 = PCURVE('',#11192,#11506);
#11506 = DEFINITIONAL_REPRESENTATION('',(#11507),#11511);
#11507 = LINE('',#11508,#11509);
#11508 = CARTESIAN_POINT('',(1.570796326795,-1.570796326795));
#11509 = VECTOR('',#11510,1.);
#11510 = DIRECTION('',(0.,1.));
#11511 = ( GEOMETRIC_REPRESENTATION_CONTEXT(2) 
PARAMETRIC_REPRESENTATION_CONTEXT() REPRESENTATION_CONTEXT('2D SPACE',''
  ) );
#11512 = ORIENTED_EDGE('',*,*,#11442,.T.);
#11513 = ORIENTED_EDGE('',*,*,#11514,.T.);
#11514 = EDGE_CURVE('',#11445,#11445,#11515,.T.);
#11515 = SURFACE_CURVE('',#11516,(#11521,#11528),.PCURVE_S1.);
#11516 = CIRCLE('',#11517,12.7);
#11517 = AXIS2_PLACEMENT_3D('',#11518,#11519,#11520);
#11518 = CARTESIAN_POINT('',(-761.275,140.,696.11081262207));
#11519 = DIRECTION('',(1.,-0.,1.110223024625E-16));
#11520 = DIRECTION('',(1.110223024625E-16,0.,-1.));
#11521 = PCURVE('',#11157,#11522);
#11522 = DEFINITIONAL_REPRESENTATION('',(#11523),#11527);
#11523 = LINE('',#11524,#11525);
#11524 = CARTESIAN_POINT('',(-0.,-212.));
#11525 = VECTOR('',#11526,1.);
#11526 = DIRECTION('',(-1.,0.));
#11527 = ( GEOMETRIC_REPRESENTATION_CONTEXT(2) 
PARAMETRIC_REPRESENTATION_CONTEXT() REPRESENTATION_CONTEXT('2D SPACE',''
  ) );
#11528 = PCURVE('',#11529,#11534);
#11529 = PLANE('',#11530);
#11530 = AXIS2_PLACEMENT_3D('',#11531,#11532,#11533);
#11531 = CARTESIAN_POINT('',(-761.275,140.,696.11081262207));
#11532 = DIRECTION('',(1.,0.,1.110223024625E-16));
#11533 = DIRECTION('',(1.110223024625E-16,0.,-1.));
#11534 = DEFINITIONAL_REPRESENTATION('',(#11535),#11539);
#11535 = CIRCLE('',#11536,12.7);
#11536 = AXIS2_PLACEMENT_2D('',#11537,#11538);
#11537 = CARTESIAN_POINT('',(0.,0.));
#11538 = DIRECTION('',(1.,0.));
#11539 = ( GEOMETRIC_REPRESENTATION_CONTEXT(2) 
PARAMETRIC_REPRESENTATION_CONTEXT() REPRESENTATION_CONTEXT('2D SPACE',''
  ) );
#11540 = ADVANCED_FACE('',(#11541),#11192,.T.);
#11541 = FACE_BOUND('',#11542,.T.);
#11542 = EDGE_LOOP('',(#11543,#11544,#11545));
#11543 = ORIENTED_EDGE('',*,*,#11491,.F.);
#11544 = ORIENTED_EDGE('',*,*,#11467,.F.);
#11545 = ORIENTED_EDGE('',*,*,#11175,.T.);
#11546 = ADVANCED_FACE('',(#11547),#11529,.T.);
#11547 = FACE_BOUND('',#11548,.T.);
#11548 = EDGE_LOOP('',(#11549));
#11549 = ORIENTED_EDGE('',*,*,#11514,.T.);
#11550 = ( GEOMETRIC_REPRESENTATION_CONTEXT(3) 
GLOBAL_UNCERTAINTY_ASSIGNED_CONTEXT((#11554)) 
GLOBAL_UNIT_ASSIGNED_CONTEXT((#11551,#11552,#11553)) 
REPRESENTATION_CONTEXT('Context #1',
  '3D Context with UNIT and UNCERTAINTY') );
#11551 = ( LENGTH_UNIT() NAMED_UNIT(*) SI_UNIT(.MILLI.,.METRE.) );
#11552 = ( NAMED_UNIT(*) PLANE_ANGLE_UNIT() SI_UNIT($,.RADIAN.) );
#11553 = ( NAMED_UNIT(*) SI_UNIT($,.STERADIAN.) SOLID_ANGLE_UNIT() );
#11554 = UNCERTAINTY_MEASURE_WITH_UNIT(LENGTH_MEASURE(1.E-06),#11551,
  'distance_accuracy_value','confusion accuracy');
#11555 = CONTEXT_DEPENDENT_SHAPE_REPRESENTATION(#11556,#11558);
#11556 = ( REPRESENTATION_RELATIONSHIP('','',#10691,#10) 
REPRESENTATION_RELATIONSHIP_WITH_TRANSFORMATION(#11557) 
SHAPE_REPRESENTATION_RELATIONSHIP() );
#11557 = ITEM_DEFINED_TRANSFORMATION('','',#11,#139);
#11558 = PRODUCT_DEFINITION_SHAPE('Placement','Placement of an item',
  #11559);
#11559 = NEXT_ASSEMBLY_USAGE_OCCURRENCE('32','CABLES/hv_pdu_to_inverter'
  ,'',#5,#10686,$);
#11560 = PRODUCT_RELATED_PRODUCT_CATEGORY('part',$,(#10688));
#11561 = SHAPE_DEFINITION_REPRESENTATION(#11562,#11568);
#11562 = PRODUCT_DEFINITION_SHAPE('','',#11563);
#11563 = PRODUCT_DEFINITION('design','',#11564,#11567);
#11564 = PRODUCT_DEFINITION_FORMATION('','',#11565);
#11565 = PRODUCT('CABLES/phase_U','CABLES/phase_U','',(#11566));
#11566 = PRODUCT_CONTEXT('',#2,'mechanical');
#11567 = PRODUCT_DEFINITION_CONTEXT('part definition',#2,'design');
#11568 = ADVANCED_BREP_SHAPE_REPRESENTATION('',(#11,#11569),#11924);
#11569 = MANIFOLD_SOLID_BREP('',#11570);
#11570 = CLOSED_SHELL('',(#11571,#11790,#11858,#11916,#11920));
#11571 = ADVANCED_FACE('',(#11572),#11586,.T.);
#11572 = FACE_BOUND('',#11573,.F.);
#11573 = EDGE_LOOP('',(#11574,#11604,#11631,#11632,#11661,#11702,#11736,
    #11768));
#11574 = ORIENTED_EDGE('',*,*,#11575,.F.);
#11575 = EDGE_CURVE('',#11576,#11578,#11580,.T.);
#11576 = VERTEX_POINT('',#11577);
#11577 = CARTESIAN_POINT('',(-761.275,100.,707.11081262207));
#11578 = VERTEX_POINT('',#11579);
#11579 = CARTESIAN_POINT('',(-913.275,100.,707.11081262207));
#11580 = SEAM_CURVE('',#11581,(#11585,#11597),.PCURVE_S1.);
#11581 = LINE('',#11582,#11583);
#11582 = CARTESIAN_POINT('',(-761.275,100.,707.11081262207));
#11583 = VECTOR('',#11584,1.);
#11584 = DIRECTION('',(-1.,0.,1.110223024625E-16));
#11585 = PCURVE('',#11586,#11591);
#11586 = CYLINDRICAL_SURFACE('',#11587,11.);
#11587 = AXIS2_PLACEMENT_3D('',#11588,#11589,#11590);
#11588 = CARTESIAN_POINT('',(-761.275,100.,696.11081262207));
#11589 = DIRECTION('',(1.,-0.,-1.110223024625E-16));
#11590 = DIRECTION('',(1.110223024625E-16,0.,1.));
#11591 = DEFINITIONAL_REPRESENTATION('',(#11592),#11596);
#11592 = LINE('',#11593,#11594);
#11593 = CARTESIAN_POINT('',(-6.28318530718,0.));
#11594 = VECTOR('',#11595,1.);
#11595 = DIRECTION('',(-0.,-1.));
#11596 = ( GEOMETRIC_REPRESENTATION_CONTEXT(2) 
PARAMETRIC_REPRESENTATION_CONTEXT() REPRESENTATION_CONTEXT('2D SPACE',''
  ) );
#11597 = PCURVE('',#11586,#11598);
#11598 = DEFINITIONAL_REPRESENTATION('',(#11599),#11603);
#11599 = LINE('',#11600,#11601);
#11600 = CARTESIAN_POINT('',(-0.,0.));
#11601 = VECTOR('',#11602,1.);
#11602 = DIRECTION('',(-0.,-1.));
#11603 = ( GEOMETRIC_REPRESENTATION_CONTEXT(2) 
PARAMETRIC_REPRESENTATION_CONTEXT() REPRESENTATION_CONTEXT('2D SPACE',''
  ) );
#11604 = ORIENTED_EDGE('',*,*,#11605,.F.);
#11605 = EDGE_CURVE('',#11576,#11576,#11606,.T.);
#11606 = SURFACE_CURVE('',#11607,(#11612,#11619),.PCURVE_S1.);
#11607 = CIRCLE('',#11608,11.);
#11608 = AXIS2_PLACEMENT_3D('',#11609,#11610,#11611);
#11609 = CARTESIAN_POINT('',(-761.275,100.,696.11081262207));
#11610 = DIRECTION('',(-1.,0.,1.110223024625E-16));
#11611 = DIRECTION('',(1.110223024625E-16,0.,1.));
#11612 = PCURVE('',#11586,#11613);
#11613 = DEFINITIONAL_REPRESENTATION('',(#11614),#11618);
#11614 = LINE('',#11615,#11616);
#11615 = CARTESIAN_POINT('',(-0.,0.));
#11616 = VECTOR('',#11617,1.);
#11617 = DIRECTION('',(-1.,0.));
#11618 = ( GEOMETRIC_REPRESENTATION_CONTEXT(2) 
PARAMETRIC_REPRESENTATION_CONTEXT() REPRESENTATION_CONTEXT('2D SPACE',''
  ) );
#11619 = PCURVE('',#11620,#11625);
#11620 = PLANE('',#11621);
#11621 = AXIS2_PLACEMENT_3D('',#11622,#11623,#11624);
#11622 = CARTESIAN_POINT('',(-761.275,100.,696.11081262207));
#11623 = DIRECTION('',(-1.,0.,1.110223024625E-16));
#11624 = DIRECTION('',(1.110223024625E-16,0.,1.));
#11625 = DEFINITIONAL_REPRESENTATION('',(#11626),#11630);
#11626 = CIRCLE('',#11627,11.);
#11627 = AXIS2_PLACEMENT_2D('',#11628,#11629);
#11628 = CARTESIAN_POINT('',(0.,0.));
#11629 = DIRECTION('',(1.,0.));
#11630 = ( GEOMETRIC_REPRESENTATION_CONTEXT(2) 
PARAMETRIC_REPRESENTATION_CONTEXT() REPRESENTATION_CONTEXT('2D SPACE',''
  ) );
#11631 = ORIENTED_EDGE('',*,*,#11575,.T.);
#11632 = ORIENTED_EDGE('',*,*,#11633,.T.);
#11633 = EDGE_CURVE('',#11578,#11634,#11636,.T.);
#11634 = VERTEX_POINT('',#11635);
#11635 = CARTESIAN_POINT('',(-913.275,108.50903003395,689.13970023728));
#11636 = SURFACE_CURVE('',#11637,(#11642,#11649),.PCURVE_S1.);
#11637 = CIRCLE('',#11638,11.);
#11638 = AXIS2_PLACEMENT_3D('',#11639,#11640,#11641);
#11639 = CARTESIAN_POINT('',(-913.275,100.,696.11081262207));
#11640 = DIRECTION('',(-1.,0.,1.110223024625E-16));
#11641 = DIRECTION('',(1.110223024625E-16,0.,1.));
#11642 = PCURVE('',#11586,#11643);
#11643 = DEFINITIONAL_REPRESENTATION('',(#11644),#11648);
#11644 = LINE('',#11645,#11646);
#11645 = CARTESIAN_POINT('',(-0.,-152.));
#11646 = VECTOR('',#11647,1.);
#11647 = DIRECTION('',(-1.,0.));
#11648 = ( GEOMETRIC_REPRESENTATION_CONTEXT(2) 
PARAMETRIC_REPRESENTATION_CONTEXT() REPRESENTATION_CONTEXT('2D SPACE',''
  ) );
#11649 = PCURVE('',#11650,#11655);
#11650 = SPHERICAL_SURFACE('',#11651,11.);
#11651 = AXIS2_PLACEMENT_3D('',#11652,#11653,#11654);
#11652 = CARTESIAN_POINT('',(-913.275,100.,696.11081262207));
#11653 = DIRECTION('',(0.,0.,1.));
#11654 = DIRECTION('',(1.,0.,0.));
#11655 = DEFINITIONAL_REPRESENTATION('',(#11656),#11660);
#11656 = LINE('',#11657,#11658);
#11657 = CARTESIAN_POINT('',(1.570796326795,1.570796326795));
#11658 = VECTOR('',#11659,1.);
#11659 = DIRECTION('',(0.,-1.));
#11660 = ( GEOMETRIC_REPRESENTATION_CONTEXT(2) 
PARAMETRIC_REPRESENTATION_CONTEXT() REPRESENTATION_CONTEXT('2D SPACE',''
  ) );
#11661 = ORIENTED_EDGE('',*,*,#11662,.F.);
#11662 = EDGE_CURVE('',#11663,#11634,#11665,.T.);
#11663 = VERTEX_POINT('',#11664);
#11664 = CARTESIAN_POINT('',(-905.4508662693,93.028887615217,
    687.60178258811));
#11665 = SURFACE_CURVE('',#11666,(#11671,#11684),.PCURVE_S1.);
#11666 = ELLIPSE('',#11667,13.498780264707,11.);
#11667 = AXIS2_PLACEMENT_3D('',#11668,#11669,#11670);
#11668 = CARTESIAN_POINT('',(-913.275,100.,696.11081262207));
#11669 = DIRECTION('',(0.814888440607,0.367325548748,0.448362320676));
#11670 = DIRECTION('',(0.579617830441,-0.516425354594,-0.630355474131));
#11671 = PCURVE('',#11586,#11672);
#11672 = DEFINITIONAL_REPRESENTATION('',(#11673),#11683);
#11673 = B_SPLINE_CURVE_WITH_KNOTS('',8,(#11674,#11675,#11676,#11677,
    #11678,#11679,#11680,#11681,#11682),.UNSPECIFIED.,.F.,.F.,(9,9),(0.,
    1.570796365137),.PIECEWISE_BEZIER_KNOTS.);
#11674 = CARTESIAN_POINT('',(-3.827967977072,-144.1758662693));
#11675 = CARTESIAN_POINT('',(-3.631618431429,-144.1758662693));
#11676 = CARTESIAN_POINT('',(-3.435268885786,-144.5206036896));
#11677 = CARTESIAN_POINT('',(-3.238919340147,-145.2100756024));
#11678 = CARTESIAN_POINT('',(-3.042569794501,-146.215940772));
#11679 = CARTESIAN_POINT('',(-2.846220248864,-147.4814591681));
#11680 = CARTESIAN_POINT('',(-2.649870703216,-148.9274697157));
#11681 = CARTESIAN_POINT('',(-2.453521157576,-150.4637351969));
#11682 = CARTESIAN_POINT('',(-2.257171611934,-152.0000002999));
#11683 = ( GEOMETRIC_REPRESENTATION_CONTEXT(2) 
PARAMETRIC_REPRESENTATION_CONTEXT() REPRESENTATION_CONTEXT('2D SPACE',''
  ) );
#11684 = PCURVE('',#11685,#11690);
#11685 = CYLINDRICAL_SURFACE('',#11686,11.);
#11686 = AXIS2_PLACEMENT_3D('',#11687,#11688,#11689);
#11687 = CARTESIAN_POINT('',(-913.275,100.,696.11081262207));
#11688 = DIRECTION('',(0.328086341269,0.598658687229,0.730730544646));
#11689 = DIRECTION('',(0.600249322057,-0.729424501948,0.328086341269));
#11690 = DEFINITIONAL_REPRESENTATION('',(#11691),#11701);
#11691 = B_SPLINE_CURVE_WITH_KNOTS('',8,(#11692,#11693,#11694,#11695,
    #11696,#11697,#11698,#11699,#11700),.UNSPECIFIED.,.F.,.F.,(9,9),(0.,
    1.570796365137),.PIECEWISE_BEZIER_KNOTS.);
#11692 = CARTESIAN_POINT('',(-5.400943023452,-7.824133730634));
#11693 = CARTESIAN_POINT('',(-5.20459347781,-7.824133730634));
#11694 = CARTESIAN_POINT('',(-5.008243932167,-7.479396310207));
#11695 = CARTESIAN_POINT('',(-4.811894386521,-6.789924397937));
#11696 = CARTESIAN_POINT('',(-4.615544840861,-5.784059227837));
#11697 = CARTESIAN_POINT('',(-4.419195295237,-4.518540832476));
#11698 = CARTESIAN_POINT('',(-4.222845749598,-3.072530284078));
#11699 = CARTESIAN_POINT('',(-4.026496203957,-1.536264803056));
#11700 = CARTESIAN_POINT('',(-3.830146658315,2.999972821272E-07));
#11701 = ( GEOMETRIC_REPRESENTATION_CONTEXT(2) 
PARAMETRIC_REPRESENTATION_CONTEXT() REPRESENTATION_CONTEXT('2D SPACE',''
  ) );
#11702 = ORIENTED_EDGE('',*,*,#11703,.F.);
#11703 = EDGE_CURVE('',#11704,#11663,#11706,.T.);
#11704 = VERTEX_POINT('',#11705);
#11705 = CARTESIAN_POINT('',(-908.3033785493,89.000026107488,
    696.08684672558));
#11706 = SURFACE_CURVE('',#11707,(#11712,#11724),.PCURVE_S1.);
#11707 = ELLIPSE('',#11708,13.498780264707,11.);
#11708 = AXIS2_PLACEMENT_3D('',#11709,#11710,#11711);
#11709 = CARTESIAN_POINT('',(-913.275,100.,696.11081262207));
#11710 = DIRECTION('',(0.814888440607,0.367325548748,0.448362320676));
#11711 = DIRECTION('',(0.579617830441,-0.516425354594,-0.630355474131));
#11712 = PCURVE('',#11586,#11713);
#11713 = DEFINITIONAL_REPRESENTATION('',(#11714),#11723);
#11714 = B_SPLINE_CURVE_WITH_KNOTS('',7,(#11715,#11716,#11717,#11718,
    #11719,#11720,#11721,#11722),.UNSPECIFIED.,.F.,.F.,(8,8),(
    5.400943023452,6.28318530718),.PIECEWISE_BEZIER_KNOTS.);
#11715 = CARTESIAN_POINT('',(-4.710210260799,-147.0283785493));
#11716 = CARTESIAN_POINT('',(-4.584175648838,-146.2669370351));
#11717 = CARTESIAN_POINT('',(-4.458141036877,-145.5976305872));
#11718 = CARTESIAN_POINT('',(-4.332106424916,-145.0402140641));
#11719 = CARTESIAN_POINT('',(-4.206071812954,-144.6108604552));
#11720 = CARTESIAN_POINT('',(-4.080037200994,-144.3208646021));
#11721 = CARTESIAN_POINT('',(-3.954002589033,-144.1758662693));
#11722 = CARTESIAN_POINT('',(-3.827967977072,-144.1758662693));
#11723 = ( GEOMETRIC_REPRESENTATION_CONTEXT(2) 
PARAMETRIC_REPRESENTATION_CONTEXT() REPRESENTATION_CONTEXT('2D SPACE',''
  ) );
#11724 = PCURVE('',#11685,#11725);
#11725 = DEFINITIONAL_REPRESENTATION('',(#11726),#11735);
#11726 = B_SPLINE_CURVE_WITH_KNOTS('',7,(#11727,#11728,#11729,#11730,
    #11731,#11732,#11733,#11734),.UNSPECIFIED.,.F.,.F.,(8,8),(
    5.400943023452,6.28318530718),.PIECEWISE_BEZIER_KNOTS.);
#11727 = CARTESIAN_POINT('',(-6.283185307179,-4.971621450698));
#11728 = CARTESIAN_POINT('',(-6.157150695218,-5.733062964863));
#11729 = CARTESIAN_POINT('',(-6.031116083258,-6.40236941271));
#11730 = CARTESIAN_POINT('',(-5.905081471293,-6.959785935852));
#11731 = CARTESIAN_POINT('',(-5.77904685934,-7.389139544664));
#11732 = CARTESIAN_POINT('',(-5.653012247374,-7.679135397858));
#11733 = CARTESIAN_POINT('',(-5.526977635413,-7.824133730634));
#11734 = CARTESIAN_POINT('',(-5.400943023452,-7.824133730634));
#11735 = ( GEOMETRIC_REPRESENTATION_CONTEXT(2) 
PARAMETRIC_REPRESENTATION_CONTEXT() REPRESENTATION_CONTEXT('2D SPACE',''
  ) );
#11736 = ORIENTED_EDGE('',*,*,#11737,.F.);
#11737 = EDGE_CURVE('',#11738,#11704,#11740,.T.);
#11738 = VERTEX_POINT('',#11739);
#11739 = CARTESIAN_POINT('',(-913.275,91.490969966046,703.08192500685));
#11740 = SURFACE_CURVE('',#11741,(#11746,#11757),.PCURVE_S1.);
#11741 = ELLIPSE('',#11742,13.498780264707,11.);
#11742 = AXIS2_PLACEMENT_3D('',#11743,#11744,#11745);
#11743 = CARTESIAN_POINT('',(-913.275,100.,696.11081262207));
#11744 = DIRECTION('',(0.814888440607,0.367325548748,0.448362320676));
#11745 = DIRECTION('',(0.579617830441,-0.516425354594,-0.630355474131));
#11746 = PCURVE('',#11586,#11747);
#11747 = DEFINITIONAL_REPRESENTATION('',(#11748),#11756);
#11748 = B_SPLINE_CURVE_WITH_KNOTS('',6,(#11749,#11750,#11751,#11752,
    #11753,#11754,#11755),.UNSPECIFIED.,.F.,.F.,(7,7),(4.712388942054,
    5.400943023452),.PIECEWISE_BEZIER_KNOTS.);
#11749 = CARTESIAN_POINT('',(-5.398764342197,-152.0000002999));
#11750 = CARTESIAN_POINT('',(-5.284005328631,-151.1021104309));
#11751 = CARTESIAN_POINT('',(-5.169246315064,-150.2042211824));
#11752 = CARTESIAN_POINT('',(-5.054487301497,-149.3276127464));
#11753 = CARTESIAN_POINT('',(-4.939728287932,-148.4935866066));
#11754 = CARTESIAN_POINT('',(-4.824969274365,-147.721698231));
#11755 = CARTESIAN_POINT('',(-4.710210260799,-147.0283785493));
#11756 = ( GEOMETRIC_REPRESENTATION_CONTEXT(2) 
PARAMETRIC_REPRESENTATION_CONTEXT() REPRESENTATION_CONTEXT('2D SPACE',''
  ) );
#11757 = PCURVE('',#11685,#11758);
#11758 = DEFINITIONAL_REPRESENTATION('',(#11759),#11767);
#11759 = B_SPLINE_CURVE_WITH_KNOTS('',6,(#11760,#11761,#11762,#11763,
    #11764,#11765,#11766),.UNSPECIFIED.,.F.,.F.,(7,7),(4.712388942054,
    5.400943023452),.PIECEWISE_BEZIER_KNOTS.);
#11760 = CARTESIAN_POINT('',(-0.688554081398,2.999040020768E-07));
#11761 = CARTESIAN_POINT('',(-0.573795067832,-0.897889569035));
#11762 = CARTESIAN_POINT('',(-0.459036054265,-1.795778817595));
#11763 = CARTESIAN_POINT('',(-0.344277040699,-2.672387253501));
#11764 = CARTESIAN_POINT('',(-0.229518027133,-3.506413393302));
#11765 = CARTESIAN_POINT('',(-0.114759013566,-4.278301768951));
#11766 = CARTESIAN_POINT('',(3.517186542012E-13,-4.971621450698));
#11767 = ( GEOMETRIC_REPRESENTATION_CONTEXT(2) 
PARAMETRIC_REPRESENTATION_CONTEXT() REPRESENTATION_CONTEXT('2D SPACE',''
  ) );
#11768 = ORIENTED_EDGE('',*,*,#11769,.T.);
#11769 = EDGE_CURVE('',#11738,#11578,#11770,.T.);
#11770 = SURFACE_CURVE('',#11771,(#11776,#11783),.PCURVE_S1.);
#11771 = CIRCLE('',#11772,11.);
#11772 = AXIS2_PLACEMENT_3D('',#11773,#11774,#11775);
#11773 = CARTESIAN_POINT('',(-913.275,100.,696.11081262207));
#11774 = DIRECTION('',(-1.,0.,1.110223024625E-16));
#11775 = DIRECTION('',(1.110223024625E-16,0.,1.));
#11776 = PCURVE('',#11586,#11777);
#11777 = DEFINITIONAL_REPRESENTATION('',(#11778),#11782);
#11778 = LINE('',#11779,#11780);
#11779 = CARTESIAN_POINT('',(-0.,-152.));
#11780 = VECTOR('',#11781,1.);
#11781 = DIRECTION('',(-1.,0.));
#11782 = ( GEOMETRIC_REPRESENTATION_CONTEXT(2) 
PARAMETRIC_REPRESENTATION_CONTEXT() REPRESENTATION_CONTEXT('2D SPACE',''
  ) );
#11783 = PCURVE('',#11650,#11784);
#11784 = DEFINITIONAL_REPRESENTATION('',(#11785),#11789);
#11785 = LINE('',#11786,#11787);
#11786 = CARTESIAN_POINT('',(4.712388980385,-4.712388980385));
#11787 = VECTOR('',#11788,1.);
#11788 = DIRECTION('',(-0.,1.));
#11789 = ( GEOMETRIC_REPRESENTATION_CONTEXT(2) 
PARAMETRIC_REPRESENTATION_CONTEXT() REPRESENTATION_CONTEXT('2D SPACE',''
  ) );
#11790 = ADVANCED_FACE('',(#11791),#11650,.T.);
#11791 = FACE_BOUND('',#11792,.T.);
#11792 = EDGE_LOOP('',(#11793,#11794,#11795));
#11793 = ORIENTED_EDGE('',*,*,#11769,.T.);
#11794 = ORIENTED_EDGE('',*,*,#11633,.T.);
#11795 = ORIENTED_EDGE('',*,*,#11796,.F.);
#11796 = EDGE_CURVE('',#11738,#11634,#11797,.T.);
#11797 = SURFACE_CURVE('',#11798,(#11803,#11851),.PCURVE_S1.);
#11798 = CIRCLE('',#11799,11.);
#11799 = AXIS2_PLACEMENT_3D('',#11800,#11801,#11802);
#11800 = CARTESIAN_POINT('',(-913.275,100.,696.11081262207));
#11801 = DIRECTION('',(-0.328086341269,-0.598658687229,-0.730730544646)
  );
#11802 = DIRECTION('',(0.600249322057,-0.729424501948,0.328086341269));
#11803 = PCURVE('',#11650,#11804);
#11804 = DEFINITIONAL_REPRESENTATION('',(#11805),#11850);
#11805 = B_SPLINE_CURVE_WITH_KNOTS('',8,(#11806,#11807,#11808,#11809,
    #11810,#11811,#11812,#11813,#11814,#11815,#11816,#11817,#11818,
    #11819,#11820,#11821,#11822,#11823,#11824,#11825,#11826,#11827,
    #11828,#11829,#11830,#11831,#11832,#11833,#11834,#11835,#11836,
    #11837,#11838,#11839,#11840,#11841,#11842,#11843,#11844,#11845,
    #11846,#11847,#11848,#11849),.UNSPECIFIED.,.F.,.F.,(9,7,7,7,7,7,9),(
    0.688554043067,1.081253124766,1.424864821252,2.026185290104,
    2.92816599338,3.379156345019,3.830146696657),.UNSPECIFIED.);
#11806 = CARTESIAN_POINT('',(4.712388980385,0.686375323482));
#11807 = CARTESIAN_POINT('',(4.652444055934,0.702480224099));
#11808 = CARTESIAN_POINT('',(4.590691205657,0.71657189297));
#11809 = CARTESIAN_POINT('',(4.527252019545,0.728491310787));
#11810 = CARTESIAN_POINT('',(4.462329193826,0.738089444406));
#11811 = CARTESIAN_POINT('',(4.396226084309,0.745238704984));
#11812 = CARTESIAN_POINT('',(4.329332966225,0.749849211993));
#11813 = CARTESIAN_POINT('',(4.262087925611,0.751880576647));
#11814 = CARTESIAN_POINT('',(4.136148641329,0.750866842126));
#11815 = CARTESIAN_POINT('',(4.077436378047,0.748424564261));
#11816 = CARTESIAN_POINT('',(4.019071387212,0.74401791528));
#11817 = CARTESIAN_POINT('',(3.96133921243,0.737679648883));
#11818 = CARTESIAN_POINT('',(3.904495408558,0.729470296695));
#11819 = CARTESIAN_POINT('',(3.848746312891,0.719472270091));
#11820 = CARTESIAN_POINT('',(3.794241415657,0.707781921635));
#11821 = CARTESIAN_POINT('',(3.64804888469,0.671265653712));
#11822 = CARTESIAN_POINT('',(3.559133015283,0.643163916357));
#11823 = CARTESIAN_POINT('',(3.47486684925,0.610755241017));
#11824 = CARTESIAN_POINT('',(3.395305902046,0.574670651304));
#11825 = CARTESIAN_POINT('',(3.32010717411,0.535502592114));
#11826 = CARTESIAN_POINT('',(3.248822072674,0.493761568557));
#11827 = CARTESIAN_POINT('',(3.180943889634,0.449891341333));
#11828 = CARTESIAN_POINT('',(3.018495228102,0.335852897271));
#11829 = CARTESIAN_POINT('',(2.927548127817,0.26350324339));
#11830 = CARTESIAN_POINT('',(2.841403847839,0.188524677014));
#11831 = CARTESIAN_POINT('',(2.758322955644,0.111915735754));
#11832 = CARTESIAN_POINT('',(2.676816837076,3.448236532216E-02));
#11833 = CARTESIAN_POINT('',(2.595450361543,-4.302710902633E-02));
#11834 = CARTESIAN_POINT('',(2.51275433142,-0.119847549803));
#11835 = CARTESIAN_POINT('',(2.38434739602,-0.232689188548));
#11836 = CARTESIAN_POINT('',(2.34081797064,-0.269904906266));
#11837 = CARTESIAN_POINT('',(2.296364290335,-0.306609597459));
#11838 = CARTESIAN_POINT('',(2.25078265525,-0.342681771031));
#11839 = CARTESIAN_POINT('',(2.203862055135,-0.377988160397));
#11840 = CARTESIAN_POINT('',(2.155384022396,-0.412379579804));
#11841 = CARTESIAN_POINT('',(2.105128779458,-0.445687365046));
#11842 = CARTESIAN_POINT('',(2.000657960127,-0.509756590178));
#11843 = CARTESIAN_POINT('',(1.946442484615,-0.540518046145));
#11844 = CARTESIAN_POINT('',(1.890043399173,-0.569816779907));
#11845 = CARTESIAN_POINT('',(1.831276529687,-0.59744273025));
#11846 = CARTESIAN_POINT('',(1.769988822113,-0.623163895128));
#11847 = CARTESIAN_POINT('',(1.706098083458,-0.646729129506));
#11848 = CARTESIAN_POINT('',(1.639639325969,-0.66787985168));
#11849 = CARTESIAN_POINT('',(1.570796326795,-0.686375323482));
#11850 = ( GEOMETRIC_REPRESENTATION_CONTEXT(2) 
PARAMETRIC_REPRESENTATION_CONTEXT() REPRESENTATION_CONTEXT('2D SPACE',''
  ) );
#11851 = PCURVE('',#11685,#11852);
#11852 = DEFINITIONAL_REPRESENTATION('',(#11853),#11857);
#11853 = LINE('',#11854,#11855);
#11854 = CARTESIAN_POINT('',(-0.,0.));
#11855 = VECTOR('',#11856,1.);
#11856 = DIRECTION('',(-1.,0.));
#11857 = ( GEOMETRIC_REPRESENTATION_CONTEXT(2) 
PARAMETRIC_REPRESENTATION_CONTEXT() REPRESENTATION_CONTEXT('2D SPACE',''
  ) );
#11858 = ADVANCED_FACE('',(#11859),#11685,.T.);
#11859 = FACE_BOUND('',#11860,.F.);
#11860 = EDGE_LOOP('',(#11861,#11862,#11885,#11912,#11913,#11914,#11915)
  );
#11861 = ORIENTED_EDGE('',*,*,#11737,.T.);
#11862 = ORIENTED_EDGE('',*,*,#11863,.T.);
#11863 = EDGE_CURVE('',#11704,#11864,#11866,.T.);
#11864 = VERTEX_POINT('',#11865);
#11865 = CARTESIAN_POINT('',(-983.3972574573,-48.02366952143,
    528.83394975395));
#11866 = SEAM_CURVE('',#11867,(#11871,#11878),.PCURVE_S1.);
#11867 = LINE('',#11868,#11869);
#11868 = CARTESIAN_POINT('',(-906.6722574573,91.976330478568,
    699.71976237602));
#11869 = VECTOR('',#11870,1.);
#11870 = DIRECTION('',(-0.328086341269,-0.598658687229,-0.730730544646)
  );
#11871 = PCURVE('',#11685,#11872);
#11872 = DEFINITIONAL_REPRESENTATION('',(#11873),#11877);
#11873 = LINE('',#11874,#11875);
#11874 = CARTESIAN_POINT('',(-6.28318530718,0.));
#11875 = VECTOR('',#11876,1.);
#11876 = DIRECTION('',(-0.,-1.));
#11877 = ( GEOMETRIC_REPRESENTATION_CONTEXT(2) 
PARAMETRIC_REPRESENTATION_CONTEXT() REPRESENTATION_CONTEXT('2D SPACE',''
  ) );
#11878 = PCURVE('',#11685,#11879);
#11879 = DEFINITIONAL_REPRESENTATION('',(#11880),#11884);
#11880 = LINE('',#11881,#11882);
#11881 = CARTESIAN_POINT('',(-0.,0.));
#11882 = VECTOR('',#11883,1.);
#11883 = DIRECTION('',(-0.,-1.));
#11884 = ( GEOMETRIC_REPRESENTATION_CONTEXT(2) 
PARAMETRIC_REPRESENTATION_CONTEXT() REPRESENTATION_CONTEXT('2D SPACE',''
  ) );
#11885 = ORIENTED_EDGE('',*,*,#11886,.T.);
#11886 = EDGE_CURVE('',#11864,#11864,#11887,.T.);
#11887 = SURFACE_CURVE('',#11888,(#11893,#11900),.PCURVE_S1.);
#11888 = CIRCLE('',#11889,11.);
#11889 = AXIS2_PLACEMENT_3D('',#11890,#11891,#11892);
#11890 = CARTESIAN_POINT('',(-990.,-40.,525.225));
#11891 = DIRECTION('',(-0.328086341269,-0.598658687229,-0.730730544646)
  );
#11892 = DIRECTION('',(0.600249322057,-0.729424501948,0.328086341269));
#11893 = PCURVE('',#11685,#11894);
#11894 = DEFINITIONAL_REPRESENTATION('',(#11895),#11899);
#11895 = LINE('',#11896,#11897);
#11896 = CARTESIAN_POINT('',(-0.,-233.8561236754));
#11897 = VECTOR('',#11898,1.);
#11898 = DIRECTION('',(-1.,0.));
#11899 = ( GEOMETRIC_REPRESENTATION_CONTEXT(2) 
PARAMETRIC_REPRESENTATION_CONTEXT() REPRESENTATION_CONTEXT('2D SPACE',''
  ) );
#11900 = PCURVE('',#11901,#11906);
#11901 = PLANE('',#11902);
#11902 = AXIS2_PLACEMENT_3D('',#11903,#11904,#11905);
#11903 = CARTESIAN_POINT('',(-990.,-40.,525.225));
#11904 = DIRECTION('',(-0.328086341269,-0.598658687229,-0.730730544646)
  );
#11905 = DIRECTION('',(0.600249322057,-0.729424501948,0.328086341269));
#11906 = DEFINITIONAL_REPRESENTATION('',(#11907),#11911);
#11907 = CIRCLE('',#11908,11.);
#11908 = AXIS2_PLACEMENT_2D('',#11909,#11910);
#11909 = CARTESIAN_POINT('',(0.,0.));
#11910 = DIRECTION('',(1.,1.387778780781E-16));
#11911 = ( GEOMETRIC_REPRESENTATION_CONTEXT(2) 
PARAMETRIC_REPRESENTATION_CONTEXT() REPRESENTATION_CONTEXT('2D SPACE',''
  ) );
#11912 = ORIENTED_EDGE('',*,*,#11863,.F.);
#11913 = ORIENTED_EDGE('',*,*,#11703,.T.);
#11914 = ORIENTED_EDGE('',*,*,#11662,.T.);
#11915 = ORIENTED_EDGE('',*,*,#11796,.F.);
#11916 = ADVANCED_FACE('',(#11917),#11620,.F.);
#11917 = FACE_BOUND('',#11918,.F.);
#11918 = EDGE_LOOP('',(#11919));
#11919 = ORIENTED_EDGE('',*,*,#11605,.T.);
#11920 = ADVANCED_FACE('',(#11921),#11901,.T.);
#11921 = FACE_BOUND('',#11922,.T.);
#11922 = EDGE_LOOP('',(#11923));
#11923 = ORIENTED_EDGE('',*,*,#11886,.T.);
#11924 = ( GEOMETRIC_REPRESENTATION_CONTEXT(3) 
GLOBAL_UNCERTAINTY_ASSIGNED_CONTEXT((#11928)) 
GLOBAL_UNIT_ASSIGNED_CONTEXT((#11925,#11926,#11927)) 
REPRESENTATION_CONTEXT('Context #1',
  '3D Context with UNIT and UNCERTAINTY') );
#11925 = ( LENGTH_UNIT() NAMED_UNIT(*) SI_UNIT(.MILLI.,.METRE.) );
#11926 = ( NAMED_UNIT(*) PLANE_ANGLE_UNIT() SI_UNIT($,.RADIAN.) );
#11927 = ( NAMED_UNIT(*) SI_UNIT($,.STERADIAN.) SOLID_ANGLE_UNIT() );
#11928 = UNCERTAINTY_MEASURE_WITH_UNIT(LENGTH_MEASURE(2.E-07),#11925,
  'distance_accuracy_value','confusion accuracy');
#11929 = CONTEXT_DEPENDENT_SHAPE_REPRESENTATION(#11930,#11932);
#11930 = ( REPRESENTATION_RELATIONSHIP('','',#11568,#10) 
REPRESENTATION_RELATIONSHIP_WITH_TRANSFORMATION(#11931) 
SHAPE_REPRESENTATION_RELATIONSHIP() );
#11931 = ITEM_DEFINED_TRANSFORMATION('','',#11,#143);
#11932 = PRODUCT_DEFINITION_SHAPE('Placement','Placement of an item',
  #11933);
#11933 = NEXT_ASSEMBLY_USAGE_OCCURRENCE('33','CABLES/phase_U','',#5,
  #11563,$);
#11934 = PRODUCT_RELATED_PRODUCT_CATEGORY('part',$,(#11565));
#11935 = SHAPE_DEFINITION_REPRESENTATION(#11936,#11942);
#11936 = PRODUCT_DEFINITION_SHAPE('','',#11937);
#11937 = PRODUCT_DEFINITION('design','',#11938,#11941);
#11938 = PRODUCT_DEFINITION_FORMATION('','',#11939);
#11939 = PRODUCT('CABLES/phase_V','CABLES/phase_V','',(#11940));
#11940 = PRODUCT_CONTEXT('',#2,'mechanical');
#11941 = PRODUCT_DEFINITION_CONTEXT('part definition',#2,'design');
#11942 = ADVANCED_BREP_SHAPE_REPRESENTATION('',(#11,#11943),#12298);
#11943 = MANIFOLD_SOLID_BREP('',#11944);
#11944 = CLOSED_SHELL('',(#11945,#12164,#12232,#12290,#12294));
#11945 = ADVANCED_FACE('',(#11946),#11960,.T.);
#11946 = FACE_BOUND('',#11947,.F.);
#11947 = EDGE_LOOP('',(#11948,#11978,#12005,#12006,#12035,#12076,#12110,
    #12142));
#11948 = ORIENTED_EDGE('',*,*,#11949,.F.);
#11949 = EDGE_CURVE('',#11950,#11952,#11954,.T.);
#11950 = VERTEX_POINT('',#11951);
#11951 = CARTESIAN_POINT('',(-761.275,140.,707.11081262207));
#11952 = VERTEX_POINT('',#11953);
#11953 = CARTESIAN_POINT('',(-913.275,140.,707.11081262207));
#11954 = SEAM_CURVE('',#11955,(#11959,#11971),.PCURVE_S1.);
#11955 = LINE('',#11956,#11957);
#11956 = CARTESIAN_POINT('',(-761.275,140.,707.11081262207));
#11957 = VECTOR('',#11958,1.);
#11958 = DIRECTION('',(-1.,0.,1.110223024625E-16));
#11959 = PCURVE('',#11960,#11965);
#11960 = CYLINDRICAL_SURFACE('',#11961,11.);
#11961 = AXIS2_PLACEMENT_3D('',#11962,#11963,#11964);
#11962 = CARTESIAN_POINT('',(-761.275,140.,696.11081262207));
#11963 = DIRECTION('',(1.,-0.,-1.110223024625E-16));
#11964 = DIRECTION('',(1.110223024625E-16,0.,1.));
#11965 = DEFINITIONAL_REPRESENTATION('',(#11966),#11970);
#11966 = LINE('',#11967,#11968);
#11967 = CARTESIAN_POINT('',(-6.28318530718,0.));
#11968 = VECTOR('',#11969,1.);
#11969 = DIRECTION('',(-0.,-1.));
#11970 = ( GEOMETRIC_REPRESENTATION_CONTEXT(2) 
PARAMETRIC_REPRESENTATION_CONTEXT() REPRESENTATION_CONTEXT('2D SPACE',''
  ) );
#11971 = PCURVE('',#11960,#11972);
#11972 = DEFINITIONAL_REPRESENTATION('',(#11973),#11977);
#11973 = LINE('',#11974,#11975);
#11974 = CARTESIAN_POINT('',(-0.,0.));
#11975 = VECTOR('',#11976,1.);
#11976 = DIRECTION('',(-0.,-1.));
#11977 = ( GEOMETRIC_REPRESENTATION_CONTEXT(2) 
PARAMETRIC_REPRESENTATION_CONTEXT() REPRESENTATION_CONTEXT('2D SPACE',''
  ) );
#11978 = ORIENTED_EDGE('',*,*,#11979,.F.);
#11979 = EDGE_CURVE('',#11950,#11950,#11980,.T.);
#11980 = SURFACE_CURVE('',#11981,(#11986,#11993),.PCURVE_S1.);
#11981 = CIRCLE('',#11982,11.);
#11982 = AXIS2_PLACEMENT_3D('',#11983,#11984,#11985);
#11983 = CARTESIAN_POINT('',(-761.275,140.,696.11081262207));
#11984 = DIRECTION('',(-1.,0.,1.110223024625E-16));
#11985 = DIRECTION('',(1.110223024625E-16,0.,1.));
#11986 = PCURVE('',#11960,#11987);
#11987 = DEFINITIONAL_REPRESENTATION('',(#11988),#11992);
#11988 = LINE('',#11989,#11990);
#11989 = CARTESIAN_POINT('',(-0.,0.));
#11990 = VECTOR('',#11991,1.);
#11991 = DIRECTION('',(-1.,0.));
#11992 = ( GEOMETRIC_REPRESENTATION_CONTEXT(2) 
PARAMETRIC_REPRESENTATION_CONTEXT() REPRESENTATION_CONTEXT('2D SPACE',''
  ) );
#11993 = PCURVE('',#11994,#11999);
#11994 = PLANE('',#11995);
#11995 = AXIS2_PLACEMENT_3D('',#11996,#11997,#11998);
#11996 = CARTESIAN_POINT('',(-761.275,140.,696.11081262207));
#11997 = DIRECTION('',(-1.,0.,1.110223024625E-16));
#11998 = DIRECTION('',(1.110223024625E-16,0.,1.));
#11999 = DEFINITIONAL_REPRESENTATION('',(#12000),#12004);
#12000 = CIRCLE('',#12001,11.);
#12001 = AXIS2_PLACEMENT_2D('',#12002,#12003);
#12002 = CARTESIAN_POINT('',(0.,0.));
#12003 = DIRECTION('',(1.,0.));
#12004 = ( GEOMETRIC_REPRESENTATION_CONTEXT(2) 
PARAMETRIC_REPRESENTATION_CONTEXT() REPRESENTATION_CONTEXT('2D SPACE',''
  ) );
#12005 = ORIENTED_EDGE('',*,*,#11949,.T.);
#12006 = ORIENTED_EDGE('',*,*,#12007,.T.);
#12007 = EDGE_CURVE('',#11952,#12008,#12010,.T.);
#12008 = VERTEX_POINT('',#12009);
#12009 = CARTESIAN_POINT('',(-913.275,148.50903003395,689.13970023728));
#12010 = SURFACE_CURVE('',#12011,(#12016,#12023),.PCURVE_S1.);
#12011 = CIRCLE('',#12012,11.);
#12012 = AXIS2_PLACEMENT_3D('',#12013,#12014,#12015);
#12013 = CARTESIAN_POINT('',(-913.275,140.,696.11081262207));
#12014 = DIRECTION('',(-1.,0.,1.110223024625E-16));
#12015 = DIRECTION('',(1.110223024625E-16,0.,1.));
#12016 = PCURVE('',#11960,#12017);
#12017 = DEFINITIONAL_REPRESENTATION('',(#12018),#12022);
#12018 = LINE('',#12019,#12020);
#12019 = CARTESIAN_POINT('',(-0.,-152.));
#12020 = VECTOR('',#12021,1.);
#12021 = DIRECTION('',(-1.,0.));
#12022 = ( GEOMETRIC_REPRESENTATION_CONTEXT(2) 
PARAMETRIC_REPRESENTATION_CONTEXT() REPRESENTATION_CONTEXT('2D SPACE',''
  ) );
#12023 = PCURVE('',#12024,#12029);
#12024 = SPHERICAL_SURFACE('',#12025,11.);
#12025 = AXIS2_PLACEMENT_3D('',#12026,#12027,#12028);
#12026 = CARTESIAN_POINT('',(-913.275,140.,696.11081262207));
#12027 = DIRECTION('',(0.,0.,1.));
#12028 = DIRECTION('',(1.,0.,0.));
#12029 = DEFINITIONAL_REPRESENTATION('',(#12030),#12034);
#12030 = LINE('',#12031,#12032);
#12031 = CARTESIAN_POINT('',(1.570796326795,1.570796326795));
#12032 = VECTOR('',#12033,1.);
#12033 = DIRECTION('',(0.,-1.));
#12034 = ( GEOMETRIC_REPRESENTATION_CONTEXT(2) 
PARAMETRIC_REPRESENTATION_CONTEXT() REPRESENTATION_CONTEXT('2D SPACE',''
  ) );
#12035 = ORIENTED_EDGE('',*,*,#12036,.F.);
#12036 = EDGE_CURVE('',#12037,#12008,#12039,.T.);
#12037 = VERTEX_POINT('',#12038);
#12038 = CARTESIAN_POINT('',(-905.4508662693,133.02888761521,
    687.60178258811));
#12039 = SURFACE_CURVE('',#12040,(#12045,#12058),.PCURVE_S1.);
#12040 = ELLIPSE('',#12041,13.498780264707,11.);
#12041 = AXIS2_PLACEMENT_3D('',#12042,#12043,#12044);
#12042 = CARTESIAN_POINT('',(-913.275,140.,696.11081262207));
#12043 = DIRECTION('',(0.814888440607,0.367325548748,0.448362320676));
#12044 = DIRECTION('',(0.579617830441,-0.516425354594,-0.630355474131));
#12045 = PCURVE('',#11960,#12046);
#12046 = DEFINITIONAL_REPRESENTATION('',(#12047),#12057);
#12047 = B_SPLINE_CURVE_WITH_KNOTS('',8,(#12048,#12049,#12050,#12051,
    #12052,#12053,#12054,#12055,#12056),.UNSPECIFIED.,.F.,.F.,(9,9),(0.,
    1.570796365133),.PIECEWISE_BEZIER_KNOTS.);
#12048 = CARTESIAN_POINT('',(-3.827967977072,-144.1758662693));
#12049 = CARTESIAN_POINT('',(-3.63161843143,-144.1758662693));
#12050 = CARTESIAN_POINT('',(-3.435268885787,-144.5206036897));
#12051 = CARTESIAN_POINT('',(-3.238919340149,-145.2100756014));
#12052 = CARTESIAN_POINT('',(-3.042569794488,-146.2159407722));
#12053 = CARTESIAN_POINT('',(-2.846220248861,-147.4814591671));
#12054 = CARTESIAN_POINT('',(-2.649870703218,-148.9274697158));
#12055 = CARTESIAN_POINT('',(-2.453521157581,-150.4637351969));
#12056 = CARTESIAN_POINT('',(-2.257171611939,-152.0000002999));
#12057 = ( GEOMETRIC_REPRESENTATION_CONTEXT(2) 
PARAMETRIC_REPRESENTATION_CONTEXT() REPRESENTATION_CONTEXT('2D SPACE',''
  ) );
#12058 = PCURVE('',#12059,#12064);
#12059 = CYLINDRICAL_SURFACE('',#12060,11.);
#12060 = AXIS2_PLACEMENT_3D('',#12061,#12062,#12063);
#12061 = CARTESIAN_POINT('',(-913.275,140.,696.11081262207));
#12062 = DIRECTION('',(0.328086341269,0.598658687229,0.730730544646));
#12063 = DIRECTION('',(0.600249322057,-0.729424501948,0.328086341269));
#12064 = DEFINITIONAL_REPRESENTATION('',(#12065),#12075);
#12065 = B_SPLINE_CURVE_WITH_KNOTS('',8,(#12066,#12067,#12068,#12069,
    #12070,#12071,#12072,#12073,#12074),.UNSPECIFIED.,.F.,.F.,(9,9),(0.,
    1.570796365133),.PIECEWISE_BEZIER_KNOTS.);
#12066 = CARTESIAN_POINT('',(-5.400943023452,-7.824133730634));
#12067 = CARTESIAN_POINT('',(-5.20459347781,-7.824133730634));
#12068 = CARTESIAN_POINT('',(-5.00824393217,-7.479396310205));
#12069 = CARTESIAN_POINT('',(-4.811894386521,-6.789924397968));
#12070 = CARTESIAN_POINT('',(-4.615544840879,-5.784059227801));
#12071 = CARTESIAN_POINT('',(-4.419195295237,-4.518540832538));
#12072 = CARTESIAN_POINT('',(-4.222845749604,-3.072530284099));
#12073 = CARTESIAN_POINT('',(-4.026496203961,-1.53626480309));
#12074 = CARTESIAN_POINT('',(-3.83014665832,2.999589128194E-07));
#12075 = ( GEOMETRIC_REPRESENTATION_CONTEXT(2) 
PARAMETRIC_REPRESENTATION_CONTEXT() REPRESENTATION_CONTEXT('2D SPACE',''
  ) );
#12076 = ORIENTED_EDGE('',*,*,#12077,.F.);
#12077 = EDGE_CURVE('',#12078,#12037,#12080,.T.);
#12078 = VERTEX_POINT('',#12079);
#12079 = CARTESIAN_POINT('',(-908.3033785493,129.00002610749,
    696.08684672558));
#12080 = SURFACE_CURVE('',#12081,(#12086,#12098),.PCURVE_S1.);
#12081 = ELLIPSE('',#12082,13.498780264707,11.);
#12082 = AXIS2_PLACEMENT_3D('',#12083,#12084,#12085);
#12083 = CARTESIAN_POINT('',(-913.275,140.,696.11081262207));
#12084 = DIRECTION('',(0.814888440607,0.367325548748,0.448362320676));
#12085 = DIRECTION('',(0.579617830441,-0.516425354594,-0.630355474131));
#12086 = PCURVE('',#11960,#12087);
#12087 = DEFINITIONAL_REPRESENTATION('',(#12088),#12097);
#12088 = B_SPLINE_CURVE_WITH_KNOTS('',7,(#12089,#12090,#12091,#12092,
    #12093,#12094,#12095,#12096),.UNSPECIFIED.,.F.,.F.,(8,8),(
    5.400943023452,6.28318530718),.PIECEWISE_BEZIER_KNOTS.);
#12089 = CARTESIAN_POINT('',(-4.710210260799,-147.0283785493));
#12090 = CARTESIAN_POINT('',(-4.584175648838,-146.2669370351));
#12091 = CARTESIAN_POINT('',(-4.458141036878,-145.5976305872));
#12092 = CARTESIAN_POINT('',(-4.332106424913,-145.0402140641));
#12093 = CARTESIAN_POINT('',(-4.206071812959,-144.6108604552));
#12094 = CARTESIAN_POINT('',(-4.080037200993,-144.3208646021));
#12095 = CARTESIAN_POINT('',(-3.954002589033,-144.1758662693));
#12096 = CARTESIAN_POINT('',(-3.827967977072,-144.1758662693));
#12097 = ( GEOMETRIC_REPRESENTATION_CONTEXT(2) 
PARAMETRIC_REPRESENTATION_CONTEXT() REPRESENTATION_CONTEXT('2D SPACE',''
  ) );
#12098 = PCURVE('',#12059,#12099);
#12099 = DEFINITIONAL_REPRESENTATION('',(#12100),#12109);
#12100 = B_SPLINE_CURVE_WITH_KNOTS('',7,(#12101,#12102,#12103,#12104,
    #12105,#12106,#12107,#12108),.UNSPECIFIED.,.F.,.F.,(8,8),(
    5.400943023452,6.28318530718),.PIECEWISE_BEZIER_KNOTS.);
#12101 = CARTESIAN_POINT('',(-6.28318530718,-4.971621450697));
#12102 = CARTESIAN_POINT('',(-6.157150695218,-5.733062964862));
#12103 = CARTESIAN_POINT('',(-6.031116083258,-6.402369412709));
#12104 = CARTESIAN_POINT('',(-5.905081471293,-6.959785935853));
#12105 = CARTESIAN_POINT('',(-5.779046859339,-7.389139544664));
#12106 = CARTESIAN_POINT('',(-5.653012247372,-7.679135397858));
#12107 = CARTESIAN_POINT('',(-5.526977635413,-7.824133730634));
#12108 = CARTESIAN_POINT('',(-5.400943023452,-7.824133730634));
#12109 = ( GEOMETRIC_REPRESENTATION_CONTEXT(2) 
PARAMETRIC_REPRESENTATION_CONTEXT() REPRESENTATION_CONTEXT('2D SPACE',''
  ) );
#12110 = ORIENTED_EDGE('',*,*,#12111,.F.);
#12111 = EDGE_CURVE('',#12112,#12078,#12114,.T.);
#12112 = VERTEX_POINT('',#12113);
#12113 = CARTESIAN_POINT('',(-913.275,131.49096996604,703.08192500685));
#12114 = SURFACE_CURVE('',#12115,(#12120,#12131),.PCURVE_S1.);
#12115 = ELLIPSE('',#12116,13.498780264707,11.);
#12116 = AXIS2_PLACEMENT_3D('',#12117,#12118,#12119);
#12117 = CARTESIAN_POINT('',(-913.275,140.,696.11081262207));
#12118 = DIRECTION('',(0.814888440607,0.367325548748,0.448362320676));
#12119 = DIRECTION('',(0.579617830441,-0.516425354594,-0.630355474131));
#12120 = PCURVE('',#11960,#12121);
#12121 = DEFINITIONAL_REPRESENTATION('',(#12122),#12130);
#12122 = B_SPLINE_CURVE_WITH_KNOTS('',6,(#12123,#12124,#12125,#12126,
    #12127,#12128,#12129),.UNSPECIFIED.,.F.,.F.,(7,7),(4.712388903635,
    5.400943023452),.PIECEWISE_BEZIER_KNOTS.);
#12123 = CARTESIAN_POINT('',(-5.398764380616,-152.0000006005));
#12124 = CARTESIAN_POINT('',(-5.284005360647,-151.1021106814));
#12125 = CARTESIAN_POINT('',(-5.169246340677,-150.204221378));
#12126 = CARTESIAN_POINT('',(-5.054487320707,-149.3276128861));
#12127 = CARTESIAN_POINT('',(-4.939728300738,-148.4935866928));
#12128 = CARTESIAN_POINT('',(-4.824969280769,-147.7216982697));
#12129 = CARTESIAN_POINT('',(-4.710210260799,-147.0283785493));
#12130 = ( GEOMETRIC_REPRESENTATION_CONTEXT(2) 
PARAMETRIC_REPRESENTATION_CONTEXT() REPRESENTATION_CONTEXT('2D SPACE',''
  ) );
#12131 = PCURVE('',#12059,#12132);
#12132 = DEFINITIONAL_REPRESENTATION('',(#12133),#12141);
#12133 = B_SPLINE_CURVE_WITH_KNOTS('',6,(#12134,#12135,#12136,#12137,
    #12138,#12139,#12140),.UNSPECIFIED.,.F.,.F.,(7,7),(4.712388903635,
    5.400943023452),.PIECEWISE_BEZIER_KNOTS.);
#12134 = CARTESIAN_POINT('',(-0.688554119817,6.004996180309E-07));
#12135 = CARTESIAN_POINT('',(-0.573795099848,-0.897889318538));
#12136 = CARTESIAN_POINT('',(-0.459036079878,-1.795778621948));
#12137 = CARTESIAN_POINT('',(-0.344277059909,-2.672387113891));
#12138 = CARTESIAN_POINT('',(-0.229518039939,-3.506413307163));
#12139 = CARTESIAN_POINT('',(-0.114759019969,-4.278301730264));
#12140 = CARTESIAN_POINT('',(4.174438572591E-14,-4.971621450697));
#12141 = ( GEOMETRIC_REPRESENTATION_CONTEXT(2) 
PARAMETRIC_REPRESENTATION_CONTEXT() REPRESENTATION_CONTEXT('2D SPACE',''
  ) );
#12142 = ORIENTED_EDGE('',*,*,#12143,.T.);
#12143 = EDGE_CURVE('',#12112,#11952,#12144,.T.);
#12144 = SURFACE_CURVE('',#12145,(#12150,#12157),.PCURVE_S1.);
#12145 = CIRCLE('',#12146,11.);
#12146 = AXIS2_PLACEMENT_3D('',#12147,#12148,#12149);
#12147 = CARTESIAN_POINT('',(-913.275,140.,696.11081262207));
#12148 = DIRECTION('',(-1.,0.,1.110223024625E-16));
#12149 = DIRECTION('',(1.110223024625E-16,0.,1.));
#12150 = PCURVE('',#11960,#12151);
#12151 = DEFINITIONAL_REPRESENTATION('',(#12152),#12156);
#12152 = LINE('',#12153,#12154);
#12153 = CARTESIAN_POINT('',(-0.,-152.));
#12154 = VECTOR('',#12155,1.);
#12155 = DIRECTION('',(-1.,0.));
#12156 = ( GEOMETRIC_REPRESENTATION_CONTEXT(2) 
PARAMETRIC_REPRESENTATION_CONTEXT() REPRESENTATION_CONTEXT('2D SPACE',''
  ) );
#12157 = PCURVE('',#12024,#12158);
#12158 = DEFINITIONAL_REPRESENTATION('',(#12159),#12163);
#12159 = LINE('',#12160,#12161);
#12160 = CARTESIAN_POINT('',(4.712388980385,-4.712388980385));
#12161 = VECTOR('',#12162,1.);
#12162 = DIRECTION('',(-0.,1.));
#12163 = ( GEOMETRIC_REPRESENTATION_CONTEXT(2) 
PARAMETRIC_REPRESENTATION_CONTEXT() REPRESENTATION_CONTEXT('2D SPACE',''
  ) );
#12164 = ADVANCED_FACE('',(#12165),#12024,.T.);
#12165 = FACE_BOUND('',#12166,.T.);
#12166 = EDGE_LOOP('',(#12167,#12168,#12169));
#12167 = ORIENTED_EDGE('',*,*,#12143,.T.);
#12168 = ORIENTED_EDGE('',*,*,#12007,.T.);
#12169 = ORIENTED_EDGE('',*,*,#12170,.F.);
#12170 = EDGE_CURVE('',#12112,#12008,#12171,.T.);
#12171 = SURFACE_CURVE('',#12172,(#12177,#12225),.PCURVE_S1.);
#12172 = CIRCLE('',#12173,11.);
#12173 = AXIS2_PLACEMENT_3D('',#12174,#12175,#12176);
#12174 = CARTESIAN_POINT('',(-913.275,140.,696.11081262207));
#12175 = DIRECTION('',(-0.328086341269,-0.598658687229,-0.730730544646)
  );
#12176 = DIRECTION('',(0.600249322057,-0.729424501948,0.328086341269));
#12177 = PCURVE('',#12024,#12178);
#12178 = DEFINITIONAL_REPRESENTATION('',(#12179),#12224);
#12179 = B_SPLINE_CURVE_WITH_KNOTS('',8,(#12180,#12181,#12182,#12183,
    #12184,#12185,#12186,#12187,#12188,#12189,#12190,#12191,#12192,
    #12193,#12194,#12195,#12196,#12197,#12198,#12199,#12200,#12201,
    #12202,#12203,#12204,#12205,#12206,#12207,#12208,#12209,#12210,
    #12211,#12212,#12213,#12214,#12215,#12216,#12217,#12218,#12219,
    #12220,#12221,#12222,#12223),.UNSPECIFIED.,.F.,.F.,(9,7,7,7,7,7,9),(
    0.688554043067,1.081253124766,1.424864821252,2.026185290104,
    2.92816599338,3.379156345019,3.830146696657),.UNSPECIFIED.);
#12180 = CARTESIAN_POINT('',(4.712388980385,0.686375323482));
#12181 = CARTESIAN_POINT('',(4.652444055934,0.702480224099));
#12182 = CARTESIAN_POINT('',(4.590691205657,0.71657189297));
#12183 = CARTESIAN_POINT('',(4.527252019544,0.728491310787));
#12184 = CARTESIAN_POINT('',(4.462329193826,0.738089444406));
#12185 = CARTESIAN_POINT('',(4.396226084311,0.745238704984));
#12186 = CARTESIAN_POINT('',(4.329332966225,0.749849211993));
#12187 = CARTESIAN_POINT('',(4.262087925611,0.751880576647));
#12188 = CARTESIAN_POINT('',(4.136148641329,0.750866842126));
#12189 = CARTESIAN_POINT('',(4.077436378047,0.748424564261));
#12190 = CARTESIAN_POINT('',(4.019071387214,0.74401791528));
#12191 = CARTESIAN_POINT('',(3.961339212431,0.737679648883));
#12192 = CARTESIAN_POINT('',(3.904495408558,0.729470296695));
#12193 = CARTESIAN_POINT('',(3.848746312892,0.719472270091));
#12194 = CARTESIAN_POINT('',(3.794241415657,0.707781921635));
#12195 = CARTESIAN_POINT('',(3.64804888469,0.671265653712));
#12196 = CARTESIAN_POINT('',(3.559133015291,0.643163916357));
#12197 = CARTESIAN_POINT('',(3.474866849225,0.610755241017));
#12198 = CARTESIAN_POINT('',(3.395305902077,0.574670651305));
#12199 = CARTESIAN_POINT('',(3.320107174082,0.535502592112));
#12200 = CARTESIAN_POINT('',(3.248822072682,0.493761568558));
#12201 = CARTESIAN_POINT('',(3.180943889634,0.449891341333));
#12202 = CARTESIAN_POINT('',(3.018495228102,0.335852897271));
#12203 = CARTESIAN_POINT('',(2.927548127815,0.263503243389));
#12204 = CARTESIAN_POINT('',(2.841403847839,0.188524677015));
#12205 = CARTESIAN_POINT('',(2.758322955635,0.111915735752));
#12206 = CARTESIAN_POINT('',(2.67681683708,3.44823653233E-02));
#12207 = CARTESIAN_POINT('',(2.595450361541,-4.302710902674E-02));
#12208 = CARTESIAN_POINT('',(2.51275433142,-0.119847549803));
#12209 = CARTESIAN_POINT('',(2.38434739602,-0.232689188548));
#12210 = CARTESIAN_POINT('',(2.34081797064,-0.269904906266));
#12211 = CARTESIAN_POINT('',(2.296364290335,-0.306609597459));
#12212 = CARTESIAN_POINT('',(2.25078265525,-0.342681771031));
#12213 = CARTESIAN_POINT('',(2.203862055135,-0.377988160397));
#12214 = CARTESIAN_POINT('',(2.155384022396,-0.412379579804));
#12215 = CARTESIAN_POINT('',(2.105128779458,-0.445687365046));
#12216 = CARTESIAN_POINT('',(2.000657960127,-0.509756590178));
#12217 = CARTESIAN_POINT('',(1.946442484615,-0.540518046145));
#12218 = CARTESIAN_POINT('',(1.890043399172,-0.569816779907));
#12219 = CARTESIAN_POINT('',(1.831276529687,-0.59744273025));
#12220 = CARTESIAN_POINT('',(1.769988822113,-0.623163895128));
#12221 = CARTESIAN_POINT('',(1.706098083458,-0.646729129506));
#12222 = CARTESIAN_POINT('',(1.639639325969,-0.66787985168));
#12223 = CARTESIAN_POINT('',(1.570796326795,-0.686375323482));
#12224 = ( GEOMETRIC_REPRESENTATION_CONTEXT(2) 
PARAMETRIC_REPRESENTATION_CONTEXT() REPRESENTATION_CONTEXT('2D SPACE',''
  ) );
#12225 = PCURVE('',#12059,#12226);
#12226 = DEFINITIONAL_REPRESENTATION('',(#12227),#12231);
#12227 = LINE('',#12228,#12229);
#12228 = CARTESIAN_POINT('',(-0.,0.));
#12229 = VECTOR('',#12230,1.);
#12230 = DIRECTION('',(-1.,0.));
#12231 = ( GEOMETRIC_REPRESENTATION_CONTEXT(2) 
PARAMETRIC_REPRESENTATION_CONTEXT() REPRESENTATION_CONTEXT('2D SPACE',''
  ) );
#12232 = ADVANCED_FACE('',(#12233),#12059,.T.);
#12233 = FACE_BOUND('',#12234,.F.);
#12234 = EDGE_LOOP('',(#12235,#12236,#12259,#12286,#12287,#12288,#12289)
  );
#12235 = ORIENTED_EDGE('',*,*,#12111,.T.);
#12236 = ORIENTED_EDGE('',*,*,#12237,.T.);
#12237 = EDGE_CURVE('',#12078,#12238,#12240,.T.);
#12238 = VERTEX_POINT('',#12239);
#12239 = CARTESIAN_POINT('',(-983.3972574573,-8.023669521432,
    528.83394975395));
#12240 = SEAM_CURVE('',#12241,(#12245,#12252),.PCURVE_S1.);
#12241 = LINE('',#12242,#12243);
#12242 = CARTESIAN_POINT('',(-906.6722574573,131.97633047856,
    699.71976237602));
#12243 = VECTOR('',#12244,1.);
#12244 = DIRECTION('',(-0.328086341269,-0.598658687229,-0.730730544646)
  );
#12245 = PCURVE('',#12059,#12246);
#12246 = DEFINITIONAL_REPRESENTATION('',(#12247),#12251);
#12247 = LINE('',#12248,#12249);
#12248 = CARTESIAN_POINT('',(-6.28318530718,0.));
#12249 = VECTOR('',#12250,1.);
#12250 = DIRECTION('',(-0.,-1.));
#12251 = ( GEOMETRIC_REPRESENTATION_CONTEXT(2) 
PARAMETRIC_REPRESENTATION_CONTEXT() REPRESENTATION_CONTEXT('2D SPACE',''
  ) );
#12252 = PCURVE('',#12059,#12253);
#12253 = DEFINITIONAL_REPRESENTATION('',(#12254),#12258);
#12254 = LINE('',#12255,#12256);
#12255 = CARTESIAN_POINT('',(-0.,0.));
#12256 = VECTOR('',#12257,1.);
#12257 = DIRECTION('',(-0.,-1.));
#12258 = ( GEOMETRIC_REPRESENTATION_CONTEXT(2) 
PARAMETRIC_REPRESENTATION_CONTEXT() REPRESENTATION_CONTEXT('2D SPACE',''
  ) );
#12259 = ORIENTED_EDGE('',*,*,#12260,.T.);
#12260 = EDGE_CURVE('',#12238,#12238,#12261,.T.);
#12261 = SURFACE_CURVE('',#12262,(#12267,#12274),.PCURVE_S1.);
#12262 = CIRCLE('',#12263,11.);
#12263 = AXIS2_PLACEMENT_3D('',#12264,#12265,#12266);
#12264 = CARTESIAN_POINT('',(-990.,-2.84217094304E-14,525.225));
#12265 = DIRECTION('',(-0.328086341269,-0.598658687229,-0.730730544646)
  );
#12266 = DIRECTION('',(0.600249322057,-0.729424501948,0.328086341269));
#12267 = PCURVE('',#12059,#12268);
#12268 = DEFINITIONAL_REPRESENTATION('',(#12269),#12273);
#12269 = LINE('',#12270,#12271);
#12270 = CARTESIAN_POINT('',(-0.,-233.8561236754));
#12271 = VECTOR('',#12272,1.);
#12272 = DIRECTION('',(-1.,0.));
#12273 = ( GEOMETRIC_REPRESENTATION_CONTEXT(2) 
PARAMETRIC_REPRESENTATION_CONTEXT() REPRESENTATION_CONTEXT('2D SPACE',''
  ) );
#12274 = PCURVE('',#12275,#12280);
#12275 = PLANE('',#12276);
#12276 = AXIS2_PLACEMENT_3D('',#12277,#12278,#12279);
#12277 = CARTESIAN_POINT('',(-990.,-2.84217094304E-14,525.225));
#12278 = DIRECTION('',(-0.328086341269,-0.598658687229,-0.730730544646)
  );
#12279 = DIRECTION('',(0.600249322057,-0.729424501948,0.328086341269));
#12280 = DEFINITIONAL_REPRESENTATION('',(#12281),#12285);
#12281 = CIRCLE('',#12282,11.);
#12282 = AXIS2_PLACEMENT_2D('',#12283,#12284);
#12283 = CARTESIAN_POINT('',(0.,0.));
#12284 = DIRECTION('',(1.,1.387778780781E-16));
#12285 = ( GEOMETRIC_REPRESENTATION_CONTEXT(2) 
PARAMETRIC_REPRESENTATION_CONTEXT() REPRESENTATION_CONTEXT('2D SPACE',''
  ) );
#12286 = ORIENTED_EDGE('',*,*,#12237,.F.);
#12287 = ORIENTED_EDGE('',*,*,#12077,.T.);
#12288 = ORIENTED_EDGE('',*,*,#12036,.T.);
#12289 = ORIENTED_EDGE('',*,*,#12170,.F.);
#12290 = ADVANCED_FACE('',(#12291),#11994,.F.);
#12291 = FACE_BOUND('',#12292,.F.);
#12292 = EDGE_LOOP('',(#12293));
#12293 = ORIENTED_EDGE('',*,*,#11979,.T.);
#12294 = ADVANCED_FACE('',(#12295),#12275,.T.);
#12295 = FACE_BOUND('',#12296,.T.);
#12296 = EDGE_LOOP('',(#12297));
#12297 = ORIENTED_EDGE('',*,*,#12260,.T.);
#12298 = ( GEOMETRIC_REPRESENTATION_CONTEXT(3) 
GLOBAL_UNCERTAINTY_ASSIGNED_CONTEXT((#12302)) 
GLOBAL_UNIT_ASSIGNED_CONTEXT((#12299,#12300,#12301)) 
REPRESENTATION_CONTEXT('Context #1',
  '3D Context with UNIT and UNCERTAINTY') );
#12299 = ( LENGTH_UNIT() NAMED_UNIT(*) SI_UNIT(.MILLI.,.METRE.) );
#12300 = ( NAMED_UNIT(*) PLANE_ANGLE_UNIT() SI_UNIT($,.RADIAN.) );
#12301 = ( NAMED_UNIT(*) SI_UNIT($,.STERADIAN.) SOLID_ANGLE_UNIT() );
#12302 = UNCERTAINTY_MEASURE_WITH_UNIT(LENGTH_MEASURE(2.E-07),#12299,
  'distance_accuracy_value','confusion accuracy');
#12303 = CONTEXT_DEPENDENT_SHAPE_REPRESENTATION(#12304,#12306);
#12304 = ( REPRESENTATION_RELATIONSHIP('','',#11942,#10) 
REPRESENTATION_RELATIONSHIP_WITH_TRANSFORMATION(#12305) 
SHAPE_REPRESENTATION_RELATIONSHIP() );
#12305 = ITEM_DEFINED_TRANSFORMATION('','',#11,#147);
#12306 = PRODUCT_DEFINITION_SHAPE('Placement','Placement of an item',
  #12307);
#12307 = NEXT_ASSEMBLY_USAGE_OCCURRENCE('34','CABLES/phase_V','',#5,
  #11937,$);
#12308 = PRODUCT_RELATED_PRODUCT_CATEGORY('part',$,(#11939));
#12309 = SHAPE_DEFINITION_REPRESENTATION(#12310,#12316);
#12310 = PRODUCT_DEFINITION_SHAPE('','',#12311);
#12311 = PRODUCT_DEFINITION('design','',#12312,#12315);
#12312 = PRODUCT_DEFINITION_FORMATION('','',#12313);
#12313 = PRODUCT('CABLES/phase_W','CABLES/phase_W','',(#12314));
#12314 = PRODUCT_CONTEXT('',#2,'mechanical');
#12315 = PRODUCT_DEFINITION_CONTEXT('part definition',#2,'design');
#12316 = ADVANCED_BREP_SHAPE_REPRESENTATION('',(#11,#12317),#12672);
#12317 = MANIFOLD_SOLID_BREP('',#12318);
#12318 = CLOSED_SHELL('',(#12319,#12538,#12606,#12664,#12668));
#12319 = ADVANCED_FACE('',(#12320),#12334,.T.);
#12320 = FACE_BOUND('',#12321,.F.);
#12321 = EDGE_LOOP('',(#12322,#12352,#12379,#12380,#12409,#12450,#12484,
    #12516));
#12322 = ORIENTED_EDGE('',*,*,#12323,.F.);
#12323 = EDGE_CURVE('',#12324,#12326,#12328,.T.);
#12324 = VERTEX_POINT('',#12325);
#12325 = CARTESIAN_POINT('',(-761.275,180.,707.11081262207));
#12326 = VERTEX_POINT('',#12327);
#12327 = CARTESIAN_POINT('',(-913.275,180.,707.11081262207));
#12328 = SEAM_CURVE('',#12329,(#12333,#12345),.PCURVE_S1.);
#12329 = LINE('',#12330,#12331);
#12330 = CARTESIAN_POINT('',(-761.275,180.,707.11081262207));
#12331 = VECTOR('',#12332,1.);
#12332 = DIRECTION('',(-1.,0.,1.110223024625E-16));
#12333 = PCURVE('',#12334,#12339);
#12334 = CYLINDRICAL_SURFACE('',#12335,11.);
#12335 = AXIS2_PLACEMENT_3D('',#12336,#12337,#12338);
#12336 = CARTESIAN_POINT('',(-761.275,180.,696.11081262207));
#12337 = DIRECTION('',(1.,-0.,-1.110223024625E-16));
#12338 = DIRECTION('',(1.110223024625E-16,0.,1.));
#12339 = DEFINITIONAL_REPRESENTATION('',(#12340),#12344);
#12340 = LINE('',#12341,#12342);
#12341 = CARTESIAN_POINT('',(-6.28318530718,0.));
#12342 = VECTOR('',#12343,1.);
#12343 = DIRECTION('',(-0.,-1.));
#12344 = ( GEOMETRIC_REPRESENTATION_CONTEXT(2) 
PARAMETRIC_REPRESENTATION_CONTEXT() REPRESENTATION_CONTEXT('2D SPACE',''
  ) );
#12345 = PCURVE('',#12334,#12346);
#12346 = DEFINITIONAL_REPRESENTATION('',(#12347),#12351);
#12347 = LINE('',#12348,#12349);
#12348 = CARTESIAN_POINT('',(-0.,0.));
#12349 = VECTOR('',#12350,1.);
#12350 = DIRECTION('',(-0.,-1.));
#12351 = ( GEOMETRIC_REPRESENTATION_CONTEXT(2) 
PARAMETRIC_REPRESENTATION_CONTEXT() REPRESENTATION_CONTEXT('2D SPACE',''
  ) );
#12352 = ORIENTED_EDGE('',*,*,#12353,.F.);
#12353 = EDGE_CURVE('',#12324,#12324,#12354,.T.);
#12354 = SURFACE_CURVE('',#12355,(#12360,#12367),.PCURVE_S1.);
#12355 = CIRCLE('',#12356,11.);
#12356 = AXIS2_PLACEMENT_3D('',#12357,#12358,#12359);
#12357 = CARTESIAN_POINT('',(-761.275,180.,696.11081262207));
#12358 = DIRECTION('',(-1.,0.,1.110223024625E-16));
#12359 = DIRECTION('',(1.110223024625E-16,0.,1.));
#12360 = PCURVE('',#12334,#12361);
#12361 = DEFINITIONAL_REPRESENTATION('',(#12362),#12366);
#12362 = LINE('',#12363,#12364);
#12363 = CARTESIAN_POINT('',(-0.,0.));
#12364 = VECTOR('',#12365,1.);
#12365 = DIRECTION('',(-1.,0.));
#12366 = ( GEOMETRIC_REPRESENTATION_CONTEXT(2) 
PARAMETRIC_REPRESENTATION_CONTEXT() REPRESENTATION_CONTEXT('2D SPACE',''
  ) );
#12367 = PCURVE('',#12368,#12373);
#12368 = PLANE('',#12369);
#12369 = AXIS2_PLACEMENT_3D('',#12370,#12371,#12372);
#12370 = CARTESIAN_POINT('',(-761.275,180.,696.11081262207));
#12371 = DIRECTION('',(-1.,0.,1.110223024625E-16));
#12372 = DIRECTION('',(1.110223024625E-16,0.,1.));
#12373 = DEFINITIONAL_REPRESENTATION('',(#12374),#12378);
#12374 = CIRCLE('',#12375,11.);
#12375 = AXIS2_PLACEMENT_2D('',#12376,#12377);
#12376 = CARTESIAN_POINT('',(0.,0.));
#12377 = DIRECTION('',(1.,0.));
#12378 = ( GEOMETRIC_REPRESENTATION_CONTEXT(2) 
PARAMETRIC_REPRESENTATION_CONTEXT() REPRESENTATION_CONTEXT('2D SPACE',''
  ) );
#12379 = ORIENTED_EDGE('',*,*,#12323,.T.);
#12380 = ORIENTED_EDGE('',*,*,#12381,.T.);
#12381 = EDGE_CURVE('',#12326,#12382,#12384,.T.);
#12382 = VERTEX_POINT('',#12383);
#12383 = CARTESIAN_POINT('',(-913.275,188.50903003395,689.13970023728));
#12384 = SURFACE_CURVE('',#12385,(#12390,#12397),.PCURVE_S1.);
#12385 = CIRCLE('',#12386,11.);
#12386 = AXIS2_PLACEMENT_3D('',#12387,#12388,#12389);
#12387 = CARTESIAN_POINT('',(-913.275,180.,696.11081262207));
#12388 = DIRECTION('',(-1.,0.,1.110223024625E-16));
#12389 = DIRECTION('',(1.110223024625E-16,0.,1.));
#12390 = PCURVE('',#12334,#12391);
#12391 = DEFINITIONAL_REPRESENTATION('',(#12392),#12396);
#12392 = LINE('',#12393,#12394);
#12393 = CARTESIAN_POINT('',(-0.,-152.));
#12394 = VECTOR('',#12395,1.);
#12395 = DIRECTION('',(-1.,0.));
#12396 = ( GEOMETRIC_REPRESENTATION_CONTEXT(2) 
PARAMETRIC_REPRESENTATION_CONTEXT() REPRESENTATION_CONTEXT('2D SPACE',''
  ) );
#12397 = PCURVE('',#12398,#12403);
#12398 = SPHERICAL_SURFACE('',#12399,11.);
#12399 = AXIS2_PLACEMENT_3D('',#12400,#12401,#12402);
#12400 = CARTESIAN_POINT('',(-913.275,180.,696.11081262207));
#12401 = DIRECTION('',(0.,0.,1.));
#12402 = DIRECTION('',(1.,0.,0.));
#12403 = DEFINITIONAL_REPRESENTATION('',(#12404),#12408);
#12404 = LINE('',#12405,#12406);
#12405 = CARTESIAN_POINT('',(1.570796326795,1.570796326795));
#12406 = VECTOR('',#12407,1.);
#12407 = DIRECTION('',(0.,-1.));
#12408 = ( GEOMETRIC_REPRESENTATION_CONTEXT(2) 
PARAMETRIC_REPRESENTATION_CONTEXT() REPRESENTATION_CONTEXT('2D SPACE',''
  ) );
#12409 = ORIENTED_EDGE('',*,*,#12410,.F.);
#12410 = EDGE_CURVE('',#12411,#12382,#12413,.T.);
#12411 = VERTEX_POINT('',#12412);
#12412 = CARTESIAN_POINT('',(-905.4508662693,173.02888761521,
    687.60178258811));
#12413 = SURFACE_CURVE('',#12414,(#12419,#12432),.PCURVE_S1.);
#12414 = ELLIPSE('',#12415,13.498780264707,11.);
#12415 = AXIS2_PLACEMENT_3D('',#12416,#12417,#12418);
#12416 = CARTESIAN_POINT('',(-913.275,180.,696.11081262207));
#12417 = DIRECTION('',(0.814888440607,0.367325548748,0.448362320676));
#12418 = DIRECTION('',(0.579617830441,-0.516425354594,-0.630355474131));
#12419 = PCURVE('',#12334,#12420);
#12420 = DEFINITIONAL_REPRESENTATION('',(#12421),#12431);
#12421 = B_SPLINE_CURVE_WITH_KNOTS('',8,(#12422,#12423,#12424,#12425,
    #12426,#12427,#12428,#12429,#12430),.UNSPECIFIED.,.F.,.F.,(9,9),(0.,
    1.570796365141),.PIECEWISE_BEZIER_KNOTS.);
#12422 = CARTESIAN_POINT('',(-3.827967977072,-144.1758662693));
#12423 = CARTESIAN_POINT('',(-3.631618431429,-144.1758662693));
#12424 = CARTESIAN_POINT('',(-3.435268885784,-144.5206036897));
#12425 = CARTESIAN_POINT('',(-3.238919340147,-145.2100756022));
#12426 = CARTESIAN_POINT('',(-3.042569794497,-146.215940772));
#12427 = CARTESIAN_POINT('',(-2.846220248857,-147.4814591678));
#12428 = CARTESIAN_POINT('',(-2.649870703214,-148.9274697158));
#12429 = CARTESIAN_POINT('',(-2.453521157573,-150.4637351969));
#12430 = CARTESIAN_POINT('',(-2.25717161193,-152.0000003));
#12431 = ( GEOMETRIC_REPRESENTATION_CONTEXT(2) 
PARAMETRIC_REPRESENTATION_CONTEXT() REPRESENTATION_CONTEXT('2D SPACE',''
  ) );
#12432 = PCURVE('',#12433,#12438);
#12433 = CYLINDRICAL_SURFACE('',#12434,11.);
#12434 = AXIS2_PLACEMENT_3D('',#12435,#12436,#12437);
#12435 = CARTESIAN_POINT('',(-913.275,180.,696.11081262207));
#12436 = DIRECTION('',(0.328086341269,0.598658687229,0.730730544646));
#12437 = DIRECTION('',(0.600249322057,-0.729424501948,0.328086341269));
#12438 = DEFINITIONAL_REPRESENTATION('',(#12439),#12449);
#12439 = B_SPLINE_CURVE_WITH_KNOTS('',8,(#12440,#12441,#12442,#12443,
    #12444,#12445,#12446,#12447,#12448),.UNSPECIFIED.,.F.,.F.,(9,9),(0.,
    1.570796365141),.PIECEWISE_BEZIER_KNOTS.);
#12440 = CARTESIAN_POINT('',(-5.400943023452,-7.824133730634));
#12441 = CARTESIAN_POINT('',(-5.204593477809,-7.824133730634));
#12442 = CARTESIAN_POINT('',(-5.008243932172,-7.479396310203));
#12443 = CARTESIAN_POINT('',(-4.811894386494,-6.789924397943));
#12444 = CARTESIAN_POINT('',(-4.615544840901,-5.784059227797));
#12445 = CARTESIAN_POINT('',(-4.419195295201,-4.518540832472));
#12446 = CARTESIAN_POINT('',(-4.222845749599,-3.072530284056));
#12447 = CARTESIAN_POINT('',(-4.026496203953,-1.53626480303));
#12448 = CARTESIAN_POINT('',(-3.830146658311,3.000276365128E-07));
#12449 = ( GEOMETRIC_REPRESENTATION_CONTEXT(2) 
PARAMETRIC_REPRESENTATION_CONTEXT() REPRESENTATION_CONTEXT('2D SPACE',''
  ) );
#12450 = ORIENTED_EDGE('',*,*,#12451,.F.);
#12451 = EDGE_CURVE('',#12452,#12411,#12454,.T.);
#12452 = VERTEX_POINT('',#12453);
#12453 = CARTESIAN_POINT('',(-908.3033785493,169.00002610749,
    696.08684672558));
#12454 = SURFACE_CURVE('',#12455,(#12460,#12472),.PCURVE_S1.);
#12455 = ELLIPSE('',#12456,13.498780264707,11.);
#12456 = AXIS2_PLACEMENT_3D('',#12457,#12458,#12459);
#12457 = CARTESIAN_POINT('',(-913.275,180.,696.11081262207));
#12458 = DIRECTION('',(0.814888440607,0.367325548748,0.448362320676));
#12459 = DIRECTION('',(0.579617830441,-0.516425354594,-0.630355474131));
#12460 = PCURVE('',#12334,#12461);
#12461 = DEFINITIONAL_REPRESENTATION('',(#12462),#12471);
#12462 = B_SPLINE_CURVE_WITH_KNOTS('',7,(#12463,#12464,#12465,#12466,
    #12467,#12468,#12469,#12470),.UNSPECIFIED.,.F.,.F.,(8,8),(
    5.400943023452,6.28318530718),.PIECEWISE_BEZIER_KNOTS.);
#12463 = CARTESIAN_POINT('',(-4.710210260799,-147.0283785493));
#12464 = CARTESIAN_POINT('',(-4.584175648838,-146.2669370351));
#12465 = CARTESIAN_POINT('',(-4.458141036878,-145.5976305872));
#12466 = CARTESIAN_POINT('',(-4.332106424913,-145.0402140641));
#12467 = CARTESIAN_POINT('',(-4.206071812959,-144.6108604552));
#12468 = CARTESIAN_POINT('',(-4.080037200993,-144.3208646021));
#12469 = CARTESIAN_POINT('',(-3.954002589033,-144.1758662693));
#12470 = CARTESIAN_POINT('',(-3.827967977072,-144.1758662693));
#12471 = ( GEOMETRIC_REPRESENTATION_CONTEXT(2) 
PARAMETRIC_REPRESENTATION_CONTEXT() REPRESENTATION_CONTEXT('2D SPACE',''
  ) );
#12472 = PCURVE('',#12433,#12473);
#12473 = DEFINITIONAL_REPRESENTATION('',(#12474),#12483);
#12474 = B_SPLINE_CURVE_WITH_KNOTS('',7,(#12475,#12476,#12477,#12478,
    #12479,#12480,#12481,#12482),.UNSPECIFIED.,.F.,.F.,(8,8),(
    5.400943023452,6.28318530718),.PIECEWISE_BEZIER_KNOTS.);
#12475 = CARTESIAN_POINT('',(-6.28318530718,-4.971621450697));
#12476 = CARTESIAN_POINT('',(-6.157150695218,-5.733062964862));
#12477 = CARTESIAN_POINT('',(-6.031116083256,-6.402369412706));
#12478 = CARTESIAN_POINT('',(-5.905081471298,-6.95978593586));
#12479 = CARTESIAN_POINT('',(-5.779046859333,-7.389139544656));
#12480 = CARTESIAN_POINT('',(-5.653012247375,-7.679135397859));
#12481 = CARTESIAN_POINT('',(-5.526977635413,-7.824133730634));
#12482 = CARTESIAN_POINT('',(-5.400943023452,-7.824133730634));
#12483 = ( GEOMETRIC_REPRESENTATION_CONTEXT(2) 
PARAMETRIC_REPRESENTATION_CONTEXT() REPRESENTATION_CONTEXT('2D SPACE',''
  ) );
#12484 = ORIENTED_EDGE('',*,*,#12485,.F.);
#12485 = EDGE_CURVE('',#12486,#12452,#12488,.T.);
#12486 = VERTEX_POINT('',#12487);
#12487 = CARTESIAN_POINT('',(-913.275,171.49096996604,703.08192500685));
#12488 = SURFACE_CURVE('',#12489,(#12494,#12505),.PCURVE_S1.);
#12489 = ELLIPSE('',#12490,13.498780264707,11.);
#12490 = AXIS2_PLACEMENT_3D('',#12491,#12492,#12493);
#12491 = CARTESIAN_POINT('',(-913.275,180.,696.11081262207));
#12492 = DIRECTION('',(0.814888440607,0.367325548748,0.448362320676));
#12493 = DIRECTION('',(0.579617830441,-0.516425354594,-0.630355474131));
#12494 = PCURVE('',#12334,#12495);
#12495 = DEFINITIONAL_REPRESENTATION('',(#12496),#12504);
#12496 = B_SPLINE_CURVE_WITH_KNOTS('',6,(#12497,#12498,#12499,#12500,
    #12501,#12502,#12503),.UNSPECIFIED.,.F.,.F.,(7,7),(4.712388942037,
    5.400943023452),.PIECEWISE_BEZIER_KNOTS.);
#12497 = CARTESIAN_POINT('',(-5.398764342215,-152.0000003));
#12498 = CARTESIAN_POINT('',(-5.284005328645,-151.102110431));
#12499 = CARTESIAN_POINT('',(-5.169246315076,-150.2042211824));
#12500 = CARTESIAN_POINT('',(-5.054487301506,-149.3276127465));
#12501 = CARTESIAN_POINT('',(-4.939728287938,-148.4935866067));
#12502 = CARTESIAN_POINT('',(-4.824969274368,-147.721698231));
#12503 = CARTESIAN_POINT('',(-4.710210260799,-147.0283785493));
#12504 = ( GEOMETRIC_REPRESENTATION_CONTEXT(2) 
PARAMETRIC_REPRESENTATION_CONTEXT() REPRESENTATION_CONTEXT('2D SPACE',''
  ) );
#12505 = PCURVE('',#12433,#12506);
#12506 = DEFINITIONAL_REPRESENTATION('',(#12507),#12515);
#12507 = B_SPLINE_CURVE_WITH_KNOTS('',6,(#12508,#12509,#12510,#12511,
    #12512,#12513,#12514),.UNSPECIFIED.,.F.,.F.,(7,7),(4.712388942037,
    5.400943023452),.PIECEWISE_BEZIER_KNOTS.);
#12508 = CARTESIAN_POINT('',(-0.688554081416,3.000412220899E-07));
#12509 = CARTESIAN_POINT('',(-0.573795067846,-0.89788956892));
#12510 = CARTESIAN_POINT('',(-0.459036054277,-1.795778817505));
#12511 = CARTESIAN_POINT('',(-0.344277040708,-2.672387253436));
#12512 = CARTESIAN_POINT('',(-0.229518027138,-3.50641339326));
#12513 = CARTESIAN_POINT('',(-0.114759013569,-4.278301768932));
#12514 = CARTESIAN_POINT('',(5.151434834261E-14,-4.971621450697));
#12515 = ( GEOMETRIC_REPRESENTATION_CONTEXT(2) 
PARAMETRIC_REPRESENTATION_CONTEXT() REPRESENTATION_CONTEXT('2D SPACE',''
  ) );
#12516 = ORIENTED_EDGE('',*,*,#12517,.T.);
#12517 = EDGE_CURVE('',#12486,#12326,#12518,.T.);
#12518 = SURFACE_CURVE('',#12519,(#12524,#12531),.PCURVE_S1.);
#12519 = CIRCLE('',#12520,11.);
#12520 = AXIS2_PLACEMENT_3D('',#12521,#12522,#12523);
#12521 = CARTESIAN_POINT('',(-913.275,180.,696.11081262207));
#12522 = DIRECTION('',(-1.,0.,1.110223024625E-16));
#12523 = DIRECTION('',(1.110223024625E-16,0.,1.));
#12524 = PCURVE('',#12334,#12525);
#12525 = DEFINITIONAL_REPRESENTATION('',(#12526),#12530);
#12526 = LINE('',#12527,#12528);
#12527 = CARTESIAN_POINT('',(-0.,-152.));
#12528 = VECTOR('',#12529,1.);
#12529 = DIRECTION('',(-1.,0.));
#12530 = ( GEOMETRIC_REPRESENTATION_CONTEXT(2) 
PARAMETRIC_REPRESENTATION_CONTEXT() REPRESENTATION_CONTEXT('2D SPACE',''
  ) );
#12531 = PCURVE('',#12398,#12532);
#12532 = DEFINITIONAL_REPRESENTATION('',(#12533),#12537);
#12533 = LINE('',#12534,#12535);
#12534 = CARTESIAN_POINT('',(4.712388980385,-4.712388980385));
#12535 = VECTOR('',#12536,1.);
#12536 = DIRECTION('',(-0.,1.));
#12537 = ( GEOMETRIC_REPRESENTATION_CONTEXT(2) 
PARAMETRIC_REPRESENTATION_CONTEXT() REPRESENTATION_CONTEXT('2D SPACE',''
  ) );
#12538 = ADVANCED_FACE('',(#12539),#12398,.T.);
#12539 = FACE_BOUND('',#12540,.T.);
#12540 = EDGE_LOOP('',(#12541,#12542,#12543));
#12541 = ORIENTED_EDGE('',*,*,#12517,.T.);
#12542 = ORIENTED_EDGE('',*,*,#12381,.T.);
#12543 = ORIENTED_EDGE('',*,*,#12544,.F.);
#12544 = EDGE_CURVE('',#12486,#12382,#12545,.T.);
#12545 = SURFACE_CURVE('',#12546,(#12551,#12599),.PCURVE_S1.);
#12546 = CIRCLE('',#12547,11.);
#12547 = AXIS2_PLACEMENT_3D('',#12548,#12549,#12550);
#12548 = CARTESIAN_POINT('',(-913.275,180.,696.11081262207));
#12549 = DIRECTION('',(-0.328086341269,-0.598658687229,-0.730730544646)
  );
#12550 = DIRECTION('',(0.600249322057,-0.729424501948,0.328086341269));
#12551 = PCURVE('',#12398,#12552);
#12552 = DEFINITIONAL_REPRESENTATION('',(#12553),#12598);
#12553 = B_SPLINE_CURVE_WITH_KNOTS('',8,(#12554,#12555,#12556,#12557,
    #12558,#12559,#12560,#12561,#12562,#12563,#12564,#12565,#12566,
    #12567,#12568,#12569,#12570,#12571,#12572,#12573,#12574,#12575,
    #12576,#12577,#12578,#12579,#12580,#12581,#12582,#12583,#12584,
    #12585,#12586,#12587,#12588,#12589,#12590,#12591,#12592,#12593,
    #12594,#12595,#12596,#12597),.UNSPECIFIED.,.F.,.F.,(9,7,7,7,7,7,9),(
    0.688554043067,1.081253124766,1.424864821252,2.026185290104,
    2.92816599338,3.379156345019,3.830146696657),.UNSPECIFIED.);
#12554 = CARTESIAN_POINT('',(4.712388980385,0.686375323482));
#12555 = CARTESIAN_POINT('',(4.652444055934,0.702480224099));
#12556 = CARTESIAN_POINT('',(4.590691205657,0.71657189297));
#12557 = CARTESIAN_POINT('',(4.527252019544,0.728491310787));
#12558 = CARTESIAN_POINT('',(4.462329193826,0.738089444406));
#12559 = CARTESIAN_POINT('',(4.396226084311,0.745238704984));
#12560 = CARTESIAN_POINT('',(4.329332966225,0.749849211993));
#12561 = CARTESIAN_POINT('',(4.262087925611,0.751880576647));
#12562 = CARTESIAN_POINT('',(4.136148641329,0.750866842126));
#12563 = CARTESIAN_POINT('',(4.077436378047,0.748424564261));
#12564 = CARTESIAN_POINT('',(4.019071387214,0.74401791528));
#12565 = CARTESIAN_POINT('',(3.961339212431,0.737679648883));
#12566 = CARTESIAN_POINT('',(3.904495408558,0.729470296695));
#12567 = CARTESIAN_POINT('',(3.848746312892,0.719472270091));
#12568 = CARTESIAN_POINT('',(3.794241415657,0.707781921635));
#12569 = CARTESIAN_POINT('',(3.64804888469,0.671265653712));
#12570 = CARTESIAN_POINT('',(3.559133015291,0.643163916357));
#12571 = CARTESIAN_POINT('',(3.474866849225,0.610755241017));
#12572 = CARTESIAN_POINT('',(3.395305902077,0.574670651305));
#12573 = CARTESIAN_POINT('',(3.320107174082,0.535502592112));
#12574 = CARTESIAN_POINT('',(3.248822072682,0.493761568558));
#12575 = CARTESIAN_POINT('',(3.180943889634,0.449891341333));
#12576 = CARTESIAN_POINT('',(3.018495228102,0.335852897271));
#12577 = CARTESIAN_POINT('',(2.927548127815,0.263503243389));
#12578 = CARTESIAN_POINT('',(2.841403847839,0.188524677015));
#12579 = CARTESIAN_POINT('',(2.758322955635,0.111915735752));
#12580 = CARTESIAN_POINT('',(2.67681683708,3.44823653233E-02));
#12581 = CARTESIAN_POINT('',(2.595450361541,-4.302710902674E-02));
#12582 = CARTESIAN_POINT('',(2.51275433142,-0.119847549803));
#12583 = CARTESIAN_POINT('',(2.38434739602,-0.232689188548));
#12584 = CARTESIAN_POINT('',(2.34081797064,-0.269904906266));
#12585 = CARTESIAN_POINT('',(2.296364290335,-0.306609597459));
#12586 = CARTESIAN_POINT('',(2.25078265525,-0.342681771031));
#12587 = CARTESIAN_POINT('',(2.203862055135,-0.377988160397));
#12588 = CARTESIAN_POINT('',(2.155384022396,-0.412379579804));
#12589 = CARTESIAN_POINT('',(2.105128779458,-0.445687365046));
#12590 = CARTESIAN_POINT('',(2.000657960127,-0.509756590178));
#12591 = CARTESIAN_POINT('',(1.946442484615,-0.540518046145));
#12592 = CARTESIAN_POINT('',(1.890043399172,-0.569816779907));
#12593 = CARTESIAN_POINT('',(1.831276529687,-0.59744273025));
#12594 = CARTESIAN_POINT('',(1.769988822113,-0.623163895128));
#12595 = CARTESIAN_POINT('',(1.706098083458,-0.646729129506));
#12596 = CARTESIAN_POINT('',(1.639639325969,-0.66787985168));
#12597 = CARTESIAN_POINT('',(1.570796326795,-0.686375323482));
#12598 = ( GEOMETRIC_REPRESENTATION_CONTEXT(2) 
PARAMETRIC_REPRESENTATION_CONTEXT() REPRESENTATION_CONTEXT('2D SPACE',''
  ) );
#12599 = PCURVE('',#12433,#12600);
#12600 = DEFINITIONAL_REPRESENTATION('',(#12601),#12605);
#12601 = LINE('',#12602,#12603);
#12602 = CARTESIAN_POINT('',(-0.,0.));
#12603 = VECTOR('',#12604,1.);
#12604 = DIRECTION('',(-1.,0.));
#12605 = ( GEOMETRIC_REPRESENTATION_CONTEXT(2) 
PARAMETRIC_REPRESENTATION_CONTEXT() REPRESENTATION_CONTEXT('2D SPACE',''
  ) );
#12606 = ADVANCED_FACE('',(#12607),#12433,.T.);
#12607 = FACE_BOUND('',#12608,.F.);
#12608 = EDGE_LOOP('',(#12609,#12610,#12633,#12660,#12661,#12662,#12663)
  );
#12609 = ORIENTED_EDGE('',*,*,#12485,.T.);
#12610 = ORIENTED_EDGE('',*,*,#12611,.T.);
#12611 = EDGE_CURVE('',#12452,#12612,#12614,.T.);
#12612 = VERTEX_POINT('',#12613);
#12613 = CARTESIAN_POINT('',(-983.3972574573,31.976330478568,
    528.83394975395));
#12614 = SEAM_CURVE('',#12615,(#12619,#12626),.PCURVE_S1.);
#12615 = LINE('',#12616,#12617);
#12616 = CARTESIAN_POINT('',(-906.6722574573,171.97633047856,
    699.71976237602));
#12617 = VECTOR('',#12618,1.);
#12618 = DIRECTION('',(-0.328086341269,-0.598658687229,-0.730730544646)
  );
#12619 = PCURVE('',#12433,#12620);
#12620 = DEFINITIONAL_REPRESENTATION('',(#12621),#12625);
#12621 = LINE('',#12622,#12623);
#12622 = CARTESIAN_POINT('',(-6.28318530718,0.));
#12623 = VECTOR('',#12624,1.);
#12624 = DIRECTION('',(-0.,-1.));
#12625 = ( GEOMETRIC_REPRESENTATION_CONTEXT(2) 
PARAMETRIC_REPRESENTATION_CONTEXT() REPRESENTATION_CONTEXT('2D SPACE',''
  ) );
#12626 = PCURVE('',#12433,#12627);
#12627 = DEFINITIONAL_REPRESENTATION('',(#12628),#12632);
#12628 = LINE('',#12629,#12630);
#12629 = CARTESIAN_POINT('',(-0.,0.));
#12630 = VECTOR('',#12631,1.);
#12631 = DIRECTION('',(-0.,-1.));
#12632 = ( GEOMETRIC_REPRESENTATION_CONTEXT(2) 
PARAMETRIC_REPRESENTATION_CONTEXT() REPRESENTATION_CONTEXT('2D SPACE',''
  ) );
#12633 = ORIENTED_EDGE('',*,*,#12634,.T.);
#12634 = EDGE_CURVE('',#12612,#12612,#12635,.T.);
#12635 = SURFACE_CURVE('',#12636,(#12641,#12648),.PCURVE_S1.);
#12636 = CIRCLE('',#12637,11.);
#12637 = AXIS2_PLACEMENT_3D('',#12638,#12639,#12640);
#12638 = CARTESIAN_POINT('',(-990.,40.,525.225));
#12639 = DIRECTION('',(-0.328086341269,-0.598658687229,-0.730730544646)
  );
#12640 = DIRECTION('',(0.600249322057,-0.729424501948,0.328086341269));
#12641 = PCURVE('',#12433,#12642);
#12642 = DEFINITIONAL_REPRESENTATION('',(#12643),#12647);
#12643 = LINE('',#12644,#12645);
#12644 = CARTESIAN_POINT('',(-0.,-233.8561236754));
#12645 = VECTOR('',#12646,1.);
#12646 = DIRECTION('',(-1.,0.));
#12647 = ( GEOMETRIC_REPRESENTATION_CONTEXT(2) 
PARAMETRIC_REPRESENTATION_CONTEXT() REPRESENTATION_CONTEXT('2D SPACE',''
  ) );
#12648 = PCURVE('',#12649,#12654);
#12649 = PLANE('',#12650);
#12650 = AXIS2_PLACEMENT_3D('',#12651,#12652,#12653);
#12651 = CARTESIAN_POINT('',(-990.,40.,525.225));
#12652 = DIRECTION('',(-0.328086341269,-0.598658687229,-0.730730544646)
  );
#12653 = DIRECTION('',(0.600249322057,-0.729424501948,0.328086341269));
#12654 = DEFINITIONAL_REPRESENTATION('',(#12655),#12659);
#12655 = CIRCLE('',#12656,11.);
#12656 = AXIS2_PLACEMENT_2D('',#12657,#12658);
#12657 = CARTESIAN_POINT('',(0.,0.));
#12658 = DIRECTION('',(1.,1.387778780781E-16));
#12659 = ( GEOMETRIC_REPRESENTATION_CONTEXT(2) 
PARAMETRIC_REPRESENTATION_CONTEXT() REPRESENTATION_CONTEXT('2D SPACE',''
  ) );
#12660 = ORIENTED_EDGE('',*,*,#12611,.F.);
#12661 = ORIENTED_EDGE('',*,*,#12451,.T.);
#12662 = ORIENTED_EDGE('',*,*,#12410,.T.);
#12663 = ORIENTED_EDGE('',*,*,#12544,.F.);
#12664 = ADVANCED_FACE('',(#12665),#12368,.F.);
#12665 = FACE_BOUND('',#12666,.F.);
#12666 = EDGE_LOOP('',(#12667));
#12667 = ORIENTED_EDGE('',*,*,#12353,.T.);
#12668 = ADVANCED_FACE('',(#12669),#12649,.T.);
#12669 = FACE_BOUND('',#12670,.T.);
#12670 = EDGE_LOOP('',(#12671));
#12671 = ORIENTED_EDGE('',*,*,#12634,.T.);
#12672 = ( GEOMETRIC_REPRESENTATION_CONTEXT(3) 
GLOBAL_UNCERTAINTY_ASSIGNED_CONTEXT((#12676)) 
GLOBAL_UNIT_ASSIGNED_CONTEXT((#12673,#12674,#12675)) 
REPRESENTATION_CONTEXT('Context #1',
  '3D Context with UNIT and UNCERTAINTY') );
#12673 = ( LENGTH_UNIT() NAMED_UNIT(*) SI_UNIT(.MILLI.,.METRE.) );
#12674 = ( NAMED_UNIT(*) PLANE_ANGLE_UNIT() SI_UNIT($,.RADIAN.) );
#12675 = ( NAMED_UNIT(*) SI_UNIT($,.STERADIAN.) SOLID_ANGLE_UNIT() );
#12676 = UNCERTAINTY_MEASURE_WITH_UNIT(LENGTH_MEASURE(2.E-07),#12673,
  'distance_accuracy_value','confusion accuracy');
#12677 = CONTEXT_DEPENDENT_SHAPE_REPRESENTATION(#12678,#12680);
#12678 = ( REPRESENTATION_RELATIONSHIP('','',#12316,#10) 
REPRESENTATION_RELATIONSHIP_WITH_TRANSFORMATION(#12679) 
SHAPE_REPRESENTATION_RELATIONSHIP() );
#12679 = ITEM_DEFINED_TRANSFORMATION('','',#11,#151);
#12680 = PRODUCT_DEFINITION_SHAPE('Placement','Placement of an item',
  #12681);
#12681 = NEXT_ASSEMBLY_USAGE_OCCURRENCE('35','CABLES/phase_W','',#5,
  #12311,$);
#12682 = PRODUCT_RELATED_PRODUCT_CATEGORY('part',$,(#12313));
#12683 = MECHANICAL_DESIGN_GEOMETRIC_PRESENTATION_REPRESENTATION('',(
    #12684),#3139);
#12684 = STYLED_ITEM('color',(#12685),#2809);
#12685 = PRESENTATION_STYLE_ASSIGNMENT((#12686));
#12686 = SURFACE_STYLE_USAGE(.BOTH.,#12687);
#12687 = SURFACE_SIDE_STYLE('',(#12688));
#12688 = SURFACE_STYLE_FILL_AREA(#12689);
#12689 = FILL_AREA_STYLE('',(#12690));
#12690 = FILL_AREA_STYLE_COLOUR('',#12691);
#12691 = COLOUR_RGB('',0.950000001282,0.55000000909,0.149999997808);
#12692 = MECHANICAL_DESIGN_GEOMETRIC_PRESENTATION_REPRESENTATION('',(
    #12693),#7327);
#12693 = STYLED_ITEM('color',(#12694),#6997);
#12694 = PRESENTATION_STYLE_ASSIGNMENT((#12695));
#12695 = SURFACE_STYLE_USAGE(.BOTH.,#12696);
#12696 = SURFACE_SIDE_STYLE('',(#12697));
#12697 = SURFACE_STYLE_FILL_AREA(#12698);
#12698 = FILL_AREA_STYLE('',(#12699));
#12699 = FILL_AREA_STYLE_COLOUR('',#12700);
#12700 = COLOUR_RGB('',0.899999998185,9.999999991362E-02,
  9.999999991362E-02);
#12701 = MECHANICAL_DESIGN_GEOMETRIC_PRESENTATION_REPRESENTATION('',(
    #12702),#10004);
#12702 = STYLED_ITEM('color',(#12703),#9906);
#12703 = PRESENTATION_STYLE_ASSIGNMENT((#12704));
#12704 = SURFACE_STYLE_USAGE(.BOTH.,#12705);
#12705 = SURFACE_SIDE_STYLE('',(#12706));
#12706 = SURFACE_STYLE_FILL_AREA(#12707);
#12707 = FILL_AREA_STYLE('',(#12708));
#12708 = FILL_AREA_STYLE_COLOUR('',#12709);
#12709 = COLOUR_RGB('',0.950000001282,0.700000005816,9.999999991362E-02
  );
#12710 = MECHANICAL_DESIGN_GEOMETRIC_PRESENTATION_REPRESENTATION('',(
    #12711),#9421);
#12711 = STYLED_ITEM('color',(#12712),#9091);
#12712 = PRESENTATION_STYLE_ASSIGNMENT((#12713));
#12713 = SURFACE_STYLE_USAGE(.BOTH.,#12714);
#12714 = SURFACE_SIDE_STYLE('',(#12715));
#12715 = SURFACE_STYLE_FILL_AREA(#12716);
#12716 = FILL_AREA_STYLE('',(#12717));
#12717 = FILL_AREA_STYLE_COLOUR('',#12718);
#12718 = COLOUR_RGB('',0.55000000909,0.599999994755,0.649999988539);
#12719 = MECHANICAL_DESIGN_GEOMETRIC_PRESENTATION_REPRESENTATION('',(
    #12720),#3488);
#12720 = STYLED_ITEM('color',(#12721),#3158);
#12721 = PRESENTATION_STYLE_ASSIGNMENT((#12722));
#12722 = SURFACE_STYLE_USAGE(.BOTH.,#12723);
#12723 = SURFACE_SIDE_STYLE('',(#12724));
#12724 = SURFACE_STYLE_FILL_AREA(#12725);
#12725 = FILL_AREA_STYLE('',(#12726));
#12726 = FILL_AREA_STYLE_COLOUR('',#12700);
#12727 = MECHANICAL_DESIGN_GEOMETRIC_PRESENTATION_REPRESENTATION('',(
    #12728),#8025);
#12728 = STYLED_ITEM('color',(#12729),#7695);
#12729 = PRESENTATION_STYLE_ASSIGNMENT((#12730));
#12730 = SURFACE_STYLE_USAGE(.BOTH.,#12731);
#12731 = SURFACE_SIDE_STYLE('',(#12732));
#12732 = SURFACE_STYLE_FILL_AREA(#12733);
#12733 = FILL_AREA_STYLE('',(#12734));
#12734 = FILL_AREA_STYLE_COLOUR('',#12718);
#12735 = MECHANICAL_DESIGN_GEOMETRIC_PRESENTATION_REPRESENTATION('',(
    #12736),#6629);
#12736 = STYLED_ITEM('color',(#12737),#6299);
#12737 = PRESENTATION_STYLE_ASSIGNMENT((#12738));
#12738 = SURFACE_STYLE_USAGE(.BOTH.,#12739);
#12739 = SURFACE_SIDE_STYLE('',(#12740));
#12740 = SURFACE_STYLE_FILL_AREA(#12741);
#12741 = FILL_AREA_STYLE('',(#12742));
#12742 = FILL_AREA_STYLE_COLOUR('',#12700);
#12743 = MECHANICAL_DESIGN_GEOMETRIC_PRESENTATION_REPRESENTATION('',(
    #12744),#9770);
#12744 = STYLED_ITEM('color',(#12745),#9440);
#12745 = PRESENTATION_STYLE_ASSIGNMENT((#12746));
#12746 = SURFACE_STYLE_USAGE(.BOTH.,#12747);
#12747 = SURFACE_SIDE_STYLE('',(#12748));
#12748 = SURFACE_STYLE_FILL_AREA(#12749);
#12749 = FILL_AREA_STYLE('',(#12750));
#12750 = FILL_AREA_STYLE_COLOUR('',#12718);
#12751 = MECHANICAL_DESIGN_GEOMETRIC_PRESENTATION_REPRESENTATION('',(
    #12752),#6978);
#12752 = STYLED_ITEM('color',(#12753),#6648);
#12753 = PRESENTATION_STYLE_ASSIGNMENT((#12754));
#12754 = SURFACE_STYLE_USAGE(.BOTH.,#12755);
#12755 = SURFACE_SIDE_STYLE('',(#12756));
#12756 = SURFACE_STYLE_FILL_AREA(#12757);
#12757 = FILL_AREA_STYLE('',(#12758));
#12758 = FILL_AREA_STYLE_COLOUR('',#12718);
#12759 = MECHANICAL_DESIGN_GEOMETRIC_PRESENTATION_REPRESENTATION('',(
    #12760),#8374);
#12760 = STYLED_ITEM('color',(#12761),#8044);
#12761 = PRESENTATION_STYLE_ASSIGNMENT((#12762));
#12762 = SURFACE_STYLE_USAGE(.BOTH.,#12763);
#12763 = SURFACE_SIDE_STYLE('',(#12764));
#12764 = SURFACE_STYLE_FILL_AREA(#12765);
#12765 = FILL_AREA_STYLE('',(#12766));
#12766 = FILL_AREA_STYLE_COLOUR('',#12718);
#12767 = MECHANICAL_DESIGN_GEOMETRIC_PRESENTATION_REPRESENTATION('',(
    #12768),#12298);
#12768 = STYLED_ITEM('color',(#12769),#11943);
#12769 = PRESENTATION_STYLE_ASSIGNMENT((#12770));
#12770 = SURFACE_STYLE_USAGE(.BOTH.,#12771);
#12771 = SURFACE_SIDE_STYLE('',(#12772));
#12772 = SURFACE_STYLE_FILL_AREA(#12773);
#12773 = FILL_AREA_STYLE('',(#12774));
#12774 = FILL_AREA_STYLE_COLOUR('',#12709);
#12775 = MECHANICAL_DESIGN_GEOMETRIC_PRESENTATION_REPRESENTATION('',(
    #12776),#4884);
#12776 = STYLED_ITEM('color',(#12777),#4554);
#12777 = PRESENTATION_STYLE_ASSIGNMENT((#12778));
#12778 = SURFACE_STYLE_USAGE(.BOTH.,#12779);
#12779 = SURFACE_SIDE_STYLE('',(#12780));
#12780 = SURFACE_STYLE_FILL_AREA(#12781);
#12781 = FILL_AREA_STYLE('',(#12782));
#12782 = FILL_AREA_STYLE_COLOUR('',#12718);
#12783 = MECHANICAL_DESIGN_GEOMETRIC_PRESENTATION_REPRESENTATION('',(
    #12784),#499);
#12784 = STYLED_ITEM('color',(#12785),#169);
#12785 = PRESENTATION_STYLE_ASSIGNMENT((#12786));
#12786 = SURFACE_STYLE_USAGE(.BOTH.,#12787);
#12787 = SURFACE_SIDE_STYLE('',(#12788));
#12788 = SURFACE_STYLE_FILL_AREA(#12789);
#12789 = FILL_AREA_STYLE('',(#12790));
#12790 = FILL_AREA_STYLE_COLOUR('',#12691);
#12791 = MECHANICAL_DESIGN_GEOMETRIC_PRESENTATION_REPRESENTATION('',(
    #12792),#1819);
#12792 = STYLED_ITEM('color',(#12793),#1527);
#12793 = PRESENTATION_STYLE_ASSIGNMENT((#12794));
#12794 = SURFACE_STYLE_USAGE(.BOTH.,#12795);
#12795 = SURFACE_SIDE_STYLE('',(#12796));
#12796 = SURFACE_STYLE_FILL_AREA(#12797);
#12797 = FILL_AREA_STYLE('',(#12798));
#12798 = FILL_AREA_STYLE_COLOUR('',#12691);
#12799 = MECHANICAL_DESIGN_GEOMETRIC_PRESENTATION_REPRESENTATION('',(
    #12800),#2479);
#12800 = STYLED_ITEM('color',(#12801),#2187);
#12801 = PRESENTATION_STYLE_ASSIGNMENT((#12802));
#12802 = SURFACE_STYLE_USAGE(.BOTH.,#12803);
#12803 = SURFACE_SIDE_STYLE('',(#12804));
#12804 = SURFACE_STYLE_FILL_AREA(#12805);
#12805 = FILL_AREA_STYLE('',(#12806));
#12806 = FILL_AREA_STYLE_COLOUR('',#12691);
#12807 = MECHANICAL_DESIGN_GEOMETRIC_PRESENTATION_REPRESENTATION('',(
    #12808),#6280);
#12808 = STYLED_ITEM('color',(#12809),#5950);
#12809 = PRESENTATION_STYLE_ASSIGNMENT((#12810));
#12810 = SURFACE_STYLE_USAGE(.BOTH.,#12811);
#12811 = SURFACE_SIDE_STYLE('',(#12812));
#12812 = SURFACE_STYLE_FILL_AREA(#12813);
#12813 = FILL_AREA_STYLE('',(#12814));
#12814 = FILL_AREA_STYLE_COLOUR('',#12718);
#12815 = MECHANICAL_DESIGN_GEOMETRIC_PRESENTATION_REPRESENTATION('',(
    #12816),#5931);
#12816 = STYLED_ITEM('color',(#12817),#5601);
#12817 = PRESENTATION_STYLE_ASSIGNMENT((#12818));
#12818 = SURFACE_STYLE_USAGE(.BOTH.,#12819);
#12819 = SURFACE_SIDE_STYLE('',(#12820));
#12820 = SURFACE_STYLE_FILL_AREA(#12821);
#12821 = FILL_AREA_STYLE('',(#12822));
#12822 = FILL_AREA_STYLE_COLOUR('',#12718);
#12823 = MECHANICAL_DESIGN_GEOMETRIC_PRESENTATION_REPRESENTATION('',(
    #12824),#1159);
#12824 = STYLED_ITEM('color',(#12825),#867);
#12825 = PRESENTATION_STYLE_ASSIGNMENT((#12826));
#12826 = SURFACE_STYLE_USAGE(.BOTH.,#12827);
#12827 = SURFACE_SIDE_STYLE('',(#12828));
#12828 = SURFACE_STYLE_FILL_AREA(#12829);
#12829 = FILL_AREA_STYLE('',(#12830));
#12830 = FILL_AREA_STYLE_COLOUR('',#12691);
#12831 = MECHANICAL_DESIGN_GEOMETRIC_PRESENTATION_REPRESENTATION('',(
    #12832),#2168);
#12832 = STYLED_ITEM('color',(#12833),#1838);
#12833 = PRESENTATION_STYLE_ASSIGNMENT((#12834));
#12834 = SURFACE_STYLE_USAGE(.BOTH.,#12835);
#12835 = SURFACE_SIDE_STYLE('',(#12836));
#12836 = SURFACE_STYLE_FILL_AREA(#12837);
#12837 = FILL_AREA_STYLE('',(#12838));
#12838 = FILL_AREA_STYLE_COLOUR('',#12691);
#12839 = MECHANICAL_DESIGN_GEOMETRIC_PRESENTATION_REPRESENTATION('',(
    #12840),#12672);
#12840 = STYLED_ITEM('color',(#12841),#12317);
#12841 = PRESENTATION_STYLE_ASSIGNMENT((#12842));
#12842 = SURFACE_STYLE_USAGE(.BOTH.,#12843);
#12843 = SURFACE_SIDE_STYLE('',(#12844));
#12844 = SURFACE_STYLE_FILL_AREA(#12845);
#12845 = FILL_AREA_STYLE('',(#12846));
#12846 = FILL_AREA_STYLE_COLOUR('',#12709);
#12847 = MECHANICAL_DESIGN_GEOMETRIC_PRESENTATION_REPRESENTATION('',(
    #12848),#9072);
#12848 = STYLED_ITEM('color',(#12849),#8742);
#12849 = PRESENTATION_STYLE_ASSIGNMENT((#12850));
#12850 = SURFACE_STYLE_USAGE(.BOTH.,#12851);
#12851 = SURFACE_SIDE_STYLE('',(#12852));
#12852 = SURFACE_STYLE_FILL_AREA(#12853);
#12853 = FILL_AREA_STYLE('',(#12854));
#12854 = FILL_AREA_STYLE_COLOUR('',#12700);
#12855 = MECHANICAL_DESIGN_GEOMETRIC_PRESENTATION_REPRESENTATION('',(
    #12856),#2790);
#12856 = STYLED_ITEM('color',(#12857),#2498);
#12857 = PRESENTATION_STYLE_ASSIGNMENT((#12858));
#12858 = SURFACE_STYLE_USAGE(.BOTH.,#12859);
#12859 = SURFACE_SIDE_STYLE('',(#12860));
#12860 = SURFACE_STYLE_FILL_AREA(#12861);
#12861 = FILL_AREA_STYLE('',(#12862));
#12862 = FILL_AREA_STYLE_COLOUR('',#12691);
#12863 = MECHANICAL_DESIGN_GEOMETRIC_PRESENTATION_REPRESENTATION('',(
    #12864),#9887);
#12864 = STYLED_ITEM('color',(#12865),#9789);
#12865 = PRESENTATION_STYLE_ASSIGNMENT((#12866));
#12866 = SURFACE_STYLE_USAGE(.BOTH.,#12867);
#12867 = SURFACE_SIDE_STYLE('',(#12868));
#12868 = SURFACE_STYLE_FILL_AREA(#12869);
#12869 = FILL_AREA_STYLE('',(#12870));
#12870 = FILL_AREA_STYLE_COLOUR('',#12709);
#12871 = MECHANICAL_DESIGN_GEOMETRIC_PRESENTATION_REPRESENTATION('',(
    #12872),#848);
#12872 = STYLED_ITEM('color',(#12873),#518);
#12873 = PRESENTATION_STYLE_ASSIGNMENT((#12874));
#12874 = SURFACE_STYLE_USAGE(.BOTH.,#12875);
#12875 = SURFACE_SIDE_STYLE('',(#12876));
#12876 = SURFACE_STYLE_FILL_AREA(#12877);
#12877 = FILL_AREA_STYLE('',(#12878));
#12878 = FILL_AREA_STYLE_COLOUR('',#12691);
#12879 = MECHANICAL_DESIGN_GEOMETRIC_PRESENTATION_REPRESENTATION('',(
    #12880),#3837);
#12880 = STYLED_ITEM('color',(#12881),#3507);
#12881 = PRESENTATION_STYLE_ASSIGNMENT((#12882));
#12882 = SURFACE_STYLE_USAGE(.BOTH.,#12883);
#12883 = SURFACE_SIDE_STYLE('',(#12884));
#12884 = SURFACE_STYLE_FILL_AREA(#12885);
#12885 = FILL_AREA_STYLE('',(#12886));
#12886 = FILL_AREA_STYLE_COLOUR('',#12718);
#12887 = MECHANICAL_DESIGN_GEOMETRIC_PRESENTATION_REPRESENTATION('',(
    #12888),#4186);
#12888 = STYLED_ITEM('color',(#12889),#3856);
#12889 = PRESENTATION_STYLE_ASSIGNMENT((#12890));
#12890 = SURFACE_STYLE_USAGE(.BOTH.,#12891);
#12891 = SURFACE_SIDE_STYLE('',(#12892));
#12892 = SURFACE_STYLE_FILL_AREA(#12893);
#12893 = FILL_AREA_STYLE('',(#12894));
#12894 = FILL_AREA_STYLE_COLOUR('',#12718);
#12895 = MECHANICAL_DESIGN_GEOMETRIC_PRESENTATION_REPRESENTATION('',(
    #12896),#4535);
#12896 = STYLED_ITEM('color',(#12897),#4205);
#12897 = PRESENTATION_STYLE_ASSIGNMENT((#12898));
#12898 = SURFACE_STYLE_USAGE(.BOTH.,#12899);
#12899 = SURFACE_SIDE_STYLE('',(#12900));
#12900 = SURFACE_STYLE_FILL_AREA(#12901);
#12901 = FILL_AREA_STYLE('',(#12902));
#12902 = FILL_AREA_STYLE_COLOUR('',#12718);
#12903 = MECHANICAL_DESIGN_GEOMETRIC_PRESENTATION_REPRESENTATION('',(
    #12904),#11924);
#12904 = STYLED_ITEM('color',(#12905),#11569);
#12905 = PRESENTATION_STYLE_ASSIGNMENT((#12906));
#12906 = SURFACE_STYLE_USAGE(.BOTH.,#12907);
#12907 = SURFACE_SIDE_STYLE('',(#12908));
#12908 = SURFACE_STYLE_FILL_AREA(#12909);
#12909 = FILL_AREA_STYLE('',(#12910));
#12910 = FILL_AREA_STYLE_COLOUR('',#12709);
#12911 = MECHANICAL_DESIGN_GEOMETRIC_PRESENTATION_REPRESENTATION('',(
    #12912),#8723);
#12912 = STYLED_ITEM('color',(#12913),#8393);
#12913 = PRESENTATION_STYLE_ASSIGNMENT((#12914));
#12914 = SURFACE_STYLE_USAGE(.BOTH.,#12915);
#12915 = SURFACE_SIDE_STYLE('',(#12916));
#12916 = SURFACE_STYLE_FILL_AREA(#12917);
#12917 = FILL_AREA_STYLE('',(#12918));
#12918 = FILL_AREA_STYLE_COLOUR('',#12718);
#12919 = MECHANICAL_DESIGN_GEOMETRIC_PRESENTATION_REPRESENTATION('',(
    #12920),#5582);
#12920 = STYLED_ITEM('color',(#12921),#5252);
#12921 = PRESENTATION_STYLE_ASSIGNMENT((#12922));
#12922 = SURFACE_STYLE_USAGE(.BOTH.,#12923);
#12923 = SURFACE_SIDE_STYLE('',(#12924));
#12924 = SURFACE_STYLE_FILL_AREA(#12925);
#12925 = FILL_AREA_STYLE('',(#12926));
#12926 = FILL_AREA_STYLE_COLOUR('',#12700);
#12927 = MECHANICAL_DESIGN_GEOMETRIC_PRESENTATION_REPRESENTATION('',(
    #12928),#11550);
#12928 = STYLED_ITEM('color',(#12929),#10692);
#12929 = PRESENTATION_STYLE_ASSIGNMENT((#12930));
#12930 = SURFACE_STYLE_USAGE(.BOTH.,#12931);
#12931 = SURFACE_SIDE_STYLE('',(#12932));
#12932 = SURFACE_STYLE_FILL_AREA(#12933);
#12933 = FILL_AREA_STYLE('',(#12934));
#12934 = FILL_AREA_STYLE_COLOUR('',#12709);
#12935 = MECHANICAL_DESIGN_GEOMETRIC_PRESENTATION_REPRESENTATION('',(
    #12936),#5233);
#12936 = STYLED_ITEM('color',(#12937),#4903);
#12937 = PRESENTATION_STYLE_ASSIGNMENT((#12938));
#12938 = SURFACE_STYLE_USAGE(.BOTH.,#12939);
#12939 = SURFACE_SIDE_STYLE('',(#12940));
#12940 = SURFACE_STYLE_FILL_AREA(#12941);
#12941 = FILL_AREA_STYLE('',(#12942));
#12942 = FILL_AREA_STYLE_COLOUR('',#12718);
#12943 = MECHANICAL_DESIGN_GEOMETRIC_PRESENTATION_REPRESENTATION('',(
    #12944),#7676);
#12944 = STYLED_ITEM('color',(#12945),#7346);
#12945 = PRESENTATION_STYLE_ASSIGNMENT((#12946));
#12946 = SURFACE_STYLE_USAGE(.BOTH.,#12947);
#12947 = SURFACE_SIDE_STYLE('',(#12948));
#12948 = SURFACE_STYLE_FILL_AREA(#12949);
#12949 = FILL_AREA_STYLE('',(#12950));
#12950 = FILL_AREA_STYLE_COLOUR('',#12718);
#12951 = MECHANICAL_DESIGN_GEOMETRIC_PRESENTATION_REPRESENTATION('',(
    #12952),#10673);
#12952 = STYLED_ITEM('color',(#12953),#10023);
#12953 = PRESENTATION_STYLE_ASSIGNMENT((#12954));
#12954 = SURFACE_STYLE_USAGE(.BOTH.,#12955);
#12955 = SURFACE_SIDE_STYLE('',(#12956));
#12956 = SURFACE_STYLE_FILL_AREA(#12957);
#12957 = FILL_AREA_STYLE('',(#12958));
#12958 = FILL_AREA_STYLE_COLOUR('',#12709);
#12959 = MECHANICAL_DESIGN_GEOMETRIC_PRESENTATION_REPRESENTATION('',(
    #12960),#1508);
#12960 = STYLED_ITEM('color',(#12961),#1178);
#12961 = PRESENTATION_STYLE_ASSIGNMENT((#12962));
#12962 = SURFACE_STYLE_USAGE(.BOTH.,#12963);
#12963 = SURFACE_SIDE_STYLE('',(#12964));
#12964 = SURFACE_STYLE_FILL_AREA(#12965);
#12965 = FILL_AREA_STYLE('',(#12966));
#12966 = FILL_AREA_STYLE_COLOUR('',#12691);
ENDSEC;
END-ISO-10303-21;
