ISO-10303-21;
HEADER;
FILE_DESCRIPTION(('FreeCAD Model'),'2;1');
FILE_NAME('Open CASCADE Shape Model','2026-09-07T15:51:58',('Author'),(
    ''),'Open CASCADE STEP processor 7.8','FreeCAD','Unknown');
FILE_SCHEMA(('AUTOMOTIVE_DESIGN { 1 0 10303 214 1 1 1 1 }'));
ENDSEC;
DATA;
#1 = APPLICATION_PROTOCOL_DEFINITION('international standard',
  'automotive_design',2000,#2);
#2 = APPLICATION_CONTEXT(
  'core data for automotive mechanical design processes');
#3 = SHAPE_DEFINITION_REPRESENTATION(#4,#10);
#4 = PRODUCT_DEFINITION_SHAPE('','',#5);
#5 = PRODUCT_DEFINITION('design','',#6,#9);
#6 = PRODUCT_DEFINITION_FORMATION('','',#7);
#7 = PRODUCT('volare_powertrain','volare_powertrain','',(#8));
#8 = PRODUCT_CONTEXT('',#2,'mechanical');
#9 = PRODUCT_DEFINITION_CONTEXT('part definition',#2,'design');
#10 = SHAPE_REPRESENTATION('',(#11,#15,#19,#23,#27,#31,#35),#39);
#11 = AXIS2_PLACEMENT_3D('',#12,#13,#14);
#12 = CARTESIAN_POINT('',(0.,0.,0.));
#13 = DIRECTION('',(0.,0.,1.));
#14 = DIRECTION('',(1.,0.,-0.));
#15 = AXIS2_PLACEMENT_3D('',#16,#17,#18);
#16 = CARTESIAN_POINT('',(0.,0.,0.));
#17 = DIRECTION('',(0.,0.,1.));
#18 = DIRECTION('',(1.,0.,0.));
#19 = AXIS2_PLACEMENT_3D('',#20,#21,#22);
#20 = CARTESIAN_POINT('',(0.,0.,0.));
#21 = DIRECTION('',(0.,0.,1.));
#22 = DIRECTION('',(1.,0.,0.));
#23 = AXIS2_PLACEMENT_3D('',#24,#25,#26);
#24 = CARTESIAN_POINT('',(0.,0.,0.));
#25 = DIRECTION('',(0.,0.,1.));
#26 = DIRECTION('',(1.,0.,0.));
#27 = AXIS2_PLACEMENT_3D('',#28,#29,#30);
#28 = CARTESIAN_POINT('',(0.,0.,0.));
#29 = DIRECTION('',(0.,0.,1.));
#30 = DIRECTION('',(1.,0.,0.));
#31 = AXIS2_PLACEMENT_3D('',#32,#33,#34);
#32 = CARTESIAN_POINT('',(0.,0.,0.));
#33 = DIRECTION('',(0.,0.,1.));
#34 = DIRECTION('',(1.,0.,0.));
#35 = AXIS2_PLACEMENT_3D('',#36,#37,#38);
#36 = CARTESIAN_POINT('',(0.,0.,0.));
#37 = DIRECTION('',(0.,0.,1.));
#38 = DIRECTION('',(1.,0.,0.));
#39 = ( GEOMETRIC_REPRESENTATION_CONTEXT(3) 
GLOBAL_UNCERTAINTY_ASSIGNED_CONTEXT((#43)) GLOBAL_UNIT_ASSIGNED_CONTEXT(
(#40,#41,#42)) REPRESENTATION_CONTEXT('Context #1',
  '3D Context with UNIT and UNCERTAINTY') );
#40 = ( LENGTH_UNIT() NAMED_UNIT(*) SI_UNIT(.MILLI.,.METRE.) );
#41 = ( NAMED_UNIT(*) PLANE_ANGLE_UNIT() SI_UNIT($,.RADIAN.) );
#42 = ( NAMED_UNIT(*) SI_UNIT($,.STERADIAN.) SOLID_ANGLE_UNIT() );
#43 = UNCERTAINTY_MEASURE_WITH_UNIT(LENGTH_MEASURE(1.E-07),#40,
  'distance_accuracy_value','confusion accuracy');
#44 = PRODUCT_RELATED_PRODUCT_CATEGORY('part',$,(#7));
#45 = SHAPE_DEFINITION_REPRESENTATION(#46,#52);
#46 = PRODUCT_DEFINITION_SHAPE('','',#47);
#47 = PRODUCT_DEFINITION('design','',#48,#51);
#48 = PRODUCT_DEFINITION_FORMATION('','',#49);
#49 = PRODUCT('Powertrain Hv','Powertrain Hv','',(#50));
#50 = PRODUCT_CONTEXT('',#2,'mechanical');
#51 = PRODUCT_DEFINITION_CONTEXT('part definition',#2,'design');
#52 = SHAPE_REPRESENTATION('',(#11,#53,#57,#61,#65,#69,#73,#77,#81,#85,
    #89,#93),#97);
#53 = AXIS2_PLACEMENT_3D('',#54,#55,#56);
#54 = CARTESIAN_POINT('',(0.,0.,0.));
#55 = DIRECTION('',(0.,0.,1.));
#56 = DIRECTION('',(1.,0.,0.));
#57 = AXIS2_PLACEMENT_3D('',#58,#59,#60);
#58 = CARTESIAN_POINT('',(0.,0.,0.));
#59 = DIRECTION('',(0.,0.,1.));
#60 = DIRECTION('',(1.,0.,0.));
#61 = AXIS2_PLACEMENT_3D('',#62,#63,#64);
#62 = CARTESIAN_POINT('',(0.,0.,0.));
#63 = DIRECTION('',(0.,0.,1.));
#64 = DIRECTION('',(1.,0.,0.));
#65 = AXIS2_PLACEMENT_3D('',#66,#67,#68);
#66 = CARTESIAN_POINT('',(0.,0.,0.));
#67 = DIRECTION('',(0.,0.,1.));
#68 = DIRECTION('',(1.,0.,0.));
#69 = AXIS2_PLACEMENT_3D('',#70,#71,#72);
#70 = CARTESIAN_POINT('',(0.,0.,0.));
#71 = DIRECTION('',(0.,0.,1.));
#72 = DIRECTION('',(1.,0.,0.));
#73 = AXIS2_PLACEMENT_3D('',#74,#75,#76);
#74 = CARTESIAN_POINT('',(0.,0.,0.));
#75 = DIRECTION('',(0.,0.,1.));
#76 = DIRECTION('',(1.,0.,0.));
#77 = AXIS2_PLACEMENT_3D('',#78,#79,#80);
#78 = CARTESIAN_POINT('',(0.,0.,0.));
#79 = DIRECTION('',(0.,0.,1.));
#80 = DIRECTION('',(1.,0.,0.));
#81 = AXIS2_PLACEMENT_3D('',#82,#83,#84);
#82 = CARTESIAN_POINT('',(0.,0.,0.));
#83 = DIRECTION('',(0.,0.,1.));
#84 = DIRECTION('',(1.,0.,0.));
#85 = AXIS2_PLACEMENT_3D('',#86,#87,#88);
#86 = CARTESIAN_POINT('',(0.,0.,0.));
#87 = DIRECTION('',(0.,0.,1.));
#88 = DIRECTION('',(1.,0.,0.));
#89 = AXIS2_PLACEMENT_3D('',#90,#91,#92);
#90 = CARTESIAN_POINT('',(0.,0.,0.));
#91 = DIRECTION('',(0.,0.,1.));
#92 = DIRECTION('',(1.,0.,0.));
#93 = AXIS2_PLACEMENT_3D('',#94,#95,#96);
#94 = CARTESIAN_POINT('',(0.,0.,0.));
#95 = DIRECTION('',(0.,0.,1.));
#96 = DIRECTION('',(1.,0.,0.));
#97 = ( GEOMETRIC_REPRESENTATION_CONTEXT(3) 
GLOBAL_UNCERTAINTY_ASSIGNED_CONTEXT((#101)) GLOBAL_UNIT_ASSIGNED_CONTEXT
((#98,#99,#100)) REPRESENTATION_CONTEXT('Context #1',
  '3D Context with UNIT and UNCERTAINTY') );
#98 = ( LENGTH_UNIT() NAMED_UNIT(*) SI_UNIT(.MILLI.,.METRE.) );
#99 = ( NAMED_UNIT(*) PLANE_ANGLE_UNIT() SI_UNIT($,.RADIAN.) );
#100 = ( NAMED_UNIT(*) SI_UNIT($,.STERADIAN.) SOLID_ANGLE_UNIT() );
#101 = UNCERTAINTY_MEASURE_WITH_UNIT(LENGTH_MEASURE(1.E-07),#98,
  'distance_accuracy_value','confusion accuracy');
#102 = CONTEXT_DEPENDENT_SHAPE_REPRESENTATION(#103,#105);
#103 = ( REPRESENTATION_RELATIONSHIP('','',#52,#10) 
REPRESENTATION_RELATIONSHIP_WITH_TRANSFORMATION(#104) 
SHAPE_REPRESENTATION_RELATIONSHIP() );
#104 = ITEM_DEFINED_TRANSFORMATION('','',#11,#15);
#105 = PRODUCT_DEFINITION_SHAPE('Placement','Placement of an item',#106
  );
#106 = NEXT_ASSEMBLY_USAGE_OCCURRENCE('12','Powertrain Hv','',#5,#47,$);
#107 = PRODUCT_RELATED_PRODUCT_CATEGORY('part',$,(#49));
#108 = SHAPE_DEFINITION_REPRESENTATION(#109,#115);
#109 = PRODUCT_DEFINITION_SHAPE('','',#110);
#110 = PRODUCT_DEFINITION('design','',#111,#114);
#111 = PRODUCT_DEFINITION_FORMATION('','',#112);
#112 = PRODUCT('energy_container','energy_container','',(#113));
#113 = PRODUCT_CONTEXT('',#2,'mechanical');
#114 = PRODUCT_DEFINITION_CONTEXT('part definition',#2,'design');
#115 = ADVANCED_BREP_SHAPE_REPRESENTATION('',(#11,#116),#266);
#116 = MANIFOLD_SOLID_BREP('',#117);
#117 = CLOSED_SHELL('',(#118,#158,#198,#220,#242,#254));
#118 = ADVANCED_FACE('',(#119),#153,.F.);
#119 = FACE_BOUND('',#120,.F.);
#120 = EDGE_LOOP('',(#121,#131,#139,#147));
#121 = ORIENTED_EDGE('',*,*,#122,.F.);
#122 = EDGE_CURVE('',#123,#125,#127,.T.);
#123 = VERTEX_POINT('',#124);
#124 = CARTESIAN_POINT('',(-658.7,-190.3,590.85));
#125 = VERTEX_POINT('',#126);
#126 = CARTESIAN_POINT('',(-658.7,-190.3,809.15));
#127 = LINE('',#128,#129);
#128 = CARTESIAN_POINT('',(-658.7,-190.3,590.85));
#129 = VECTOR('',#130,1.);
#130 = DIRECTION('',(0.,0.,1.));
#131 = ORIENTED_EDGE('',*,*,#132,.T.);
#132 = EDGE_CURVE('',#123,#133,#135,.T.);
#133 = VERTEX_POINT('',#134);
#134 = CARTESIAN_POINT('',(-658.7,190.3,590.85));
#135 = LINE('',#136,#137);
#136 = CARTESIAN_POINT('',(-658.7,-190.3,590.85));
#137 = VECTOR('',#138,1.);
#138 = DIRECTION('',(-0.,1.,0.));
#139 = ORIENTED_EDGE('',*,*,#140,.T.);
#140 = EDGE_CURVE('',#133,#141,#143,.T.);
#141 = VERTEX_POINT('',#142);
#142 = CARTESIAN_POINT('',(-658.7,190.3,809.15));
#143 = LINE('',#144,#145);
#144 = CARTESIAN_POINT('',(-658.7,190.3,590.85));
#145 = VECTOR('',#146,1.);
#146 = DIRECTION('',(0.,0.,1.));
#147 = ORIENTED_EDGE('',*,*,#148,.F.);
#148 = EDGE_CURVE('',#125,#141,#149,.T.);
#149 = LINE('',#150,#151);
#150 = CARTESIAN_POINT('',(-658.7,-190.3,809.15));
#151 = VECTOR('',#152,1.);
#152 = DIRECTION('',(-0.,1.,0.));
#153 = PLANE('',#154);
#154 = AXIS2_PLACEMENT_3D('',#155,#156,#157);
#155 = CARTESIAN_POINT('',(-658.7,-190.3,590.85));
#156 = DIRECTION('',(1.,0.,-0.));
#157 = DIRECTION('',(0.,0.,1.));
#158 = ADVANCED_FACE('',(#159),#193,.T.);
#159 = FACE_BOUND('',#160,.T.);
#160 = EDGE_LOOP('',(#161,#171,#179,#187));
#161 = ORIENTED_EDGE('',*,*,#162,.F.);
#162 = EDGE_CURVE('',#163,#165,#167,.T.);
#163 = VERTEX_POINT('',#164);
#164 = CARTESIAN_POINT('',(98.7,-190.3,590.85));
#165 = VERTEX_POINT('',#166);
#166 = CARTESIAN_POINT('',(98.7,-190.3,809.15));
#167 = LINE('',#168,#169);
#168 = CARTESIAN_POINT('',(98.7,-190.3,590.85));
#169 = VECTOR('',#170,1.);
#170 = DIRECTION('',(0.,0.,1.));
#171 = ORIENTED_EDGE('',*,*,#172,.T.);
#172 = EDGE_CURVE('',#163,#173,#175,.T.);
#173 = VERTEX_POINT('',#174);
#174 = CARTESIAN_POINT('',(98.7,190.3,590.85));
#175 = LINE('',#176,#177);
#176 = CARTESIAN_POINT('',(98.7,-190.3,590.85));
#177 = VECTOR('',#178,1.);
#178 = DIRECTION('',(-0.,1.,0.));
#179 = ORIENTED_EDGE('',*,*,#180,.T.);
#180 = EDGE_CURVE('',#173,#181,#183,.T.);
#181 = VERTEX_POINT('',#182);
#182 = CARTESIAN_POINT('',(98.7,190.3,809.15));
#183 = LINE('',#184,#185);
#184 = CARTESIAN_POINT('',(98.7,190.3,590.85));
#185 = VECTOR('',#186,1.);
#186 = DIRECTION('',(0.,0.,1.));
#187 = ORIENTED_EDGE('',*,*,#188,.F.);
#188 = EDGE_CURVE('',#165,#181,#189,.T.);
#189 = LINE('',#190,#191);
#190 = CARTESIAN_POINT('',(98.7,-190.3,809.15));
#191 = VECTOR('',#192,1.);
#192 = DIRECTION('',(-0.,1.,0.));
#193 = PLANE('',#194);
#194 = AXIS2_PLACEMENT_3D('',#195,#196,#197);
#195 = CARTESIAN_POINT('',(98.7,-190.3,590.85));
#196 = DIRECTION('',(1.,0.,-0.));
#197 = DIRECTION('',(0.,0.,1.));
#198 = ADVANCED_FACE('',(#199),#215,.F.);
#199 = FACE_BOUND('',#200,.F.);
#200 = EDGE_LOOP('',(#201,#207,#208,#214));
#201 = ORIENTED_EDGE('',*,*,#202,.F.);
#202 = EDGE_CURVE('',#123,#163,#203,.T.);
#203 = LINE('',#204,#205);
#204 = CARTESIAN_POINT('',(-658.7,-190.3,590.85));
#205 = VECTOR('',#206,1.);
#206 = DIRECTION('',(1.,0.,-0.));
#207 = ORIENTED_EDGE('',*,*,#122,.T.);
#208 = ORIENTED_EDGE('',*,*,#209,.T.);
#209 = EDGE_CURVE('',#125,#165,#210,.T.);
#210 = LINE('',#211,#212);
#211 = CARTESIAN_POINT('',(-658.7,-190.3,809.15));
#212 = VECTOR('',#213,1.);
#213 = DIRECTION('',(1.,0.,-0.));
#214 = ORIENTED_EDGE('',*,*,#162,.F.);
#215 = PLANE('',#216);
#216 = AXIS2_PLACEMENT_3D('',#217,#218,#219);
#217 = CARTESIAN_POINT('',(-658.7,-190.3,590.85));
#218 = DIRECTION('',(-0.,1.,0.));
#219 = DIRECTION('',(0.,0.,1.));
#220 = ADVANCED_FACE('',(#221),#237,.T.);
#221 = FACE_BOUND('',#222,.T.);
#222 = EDGE_LOOP('',(#223,#229,#230,#236));
#223 = ORIENTED_EDGE('',*,*,#224,.F.);
#224 = EDGE_CURVE('',#133,#173,#225,.T.);
#225 = LINE('',#226,#227);
#226 = CARTESIAN_POINT('',(-658.7,190.3,590.85));
#227 = VECTOR('',#228,1.);
#228 = DIRECTION('',(1.,0.,-0.));
#229 = ORIENTED_EDGE('',*,*,#140,.T.);
#230 = ORIENTED_EDGE('',*,*,#231,.T.);
#231 = EDGE_CURVE('',#141,#181,#232,.T.);
#232 = LINE('',#233,#234);
#233 = CARTESIAN_POINT('',(-658.7,190.3,809.15));
#234 = VECTOR('',#235,1.);
#235 = DIRECTION('',(1.,0.,-0.));
#236 = ORIENTED_EDGE('',*,*,#180,.F.);
#237 = PLANE('',#238);
#238 = AXIS2_PLACEMENT_3D('',#239,#240,#241);
#239 = CARTESIAN_POINT('',(-658.7,190.3,590.85));
#240 = DIRECTION('',(-0.,1.,0.));
#241 = DIRECTION('',(0.,0.,1.));
#242 = ADVANCED_FACE('',(#243),#249,.F.);
#243 = FACE_BOUND('',#244,.F.);
#244 = EDGE_LOOP('',(#245,#246,#247,#248));
#245 = ORIENTED_EDGE('',*,*,#132,.F.);
#246 = ORIENTED_EDGE('',*,*,#202,.T.);
#247 = ORIENTED_EDGE('',*,*,#172,.T.);
#248 = ORIENTED_EDGE('',*,*,#224,.F.);
#249 = PLANE('',#250);
#250 = AXIS2_PLACEMENT_3D('',#251,#252,#253);
#251 = CARTESIAN_POINT('',(-658.7,-190.3,590.85));
#252 = DIRECTION('',(0.,0.,1.));
#253 = DIRECTION('',(1.,0.,-0.));
#254 = ADVANCED_FACE('',(#255),#261,.T.);
#255 = FACE_BOUND('',#256,.T.);
#256 = EDGE_LOOP('',(#257,#258,#259,#260));
#257 = ORIENTED_EDGE('',*,*,#148,.F.);
#258 = ORIENTED_EDGE('',*,*,#209,.T.);
#259 = ORIENTED_EDGE('',*,*,#188,.T.);
#260 = ORIENTED_EDGE('',*,*,#231,.F.);
#261 = PLANE('',#262);
#262 = AXIS2_PLACEMENT_3D('',#263,#264,#265);
#263 = CARTESIAN_POINT('',(-658.7,-190.3,809.15));
#264 = DIRECTION('',(0.,0.,1.));
#265 = DIRECTION('',(1.,0.,-0.));
#266 = ( GEOMETRIC_REPRESENTATION_CONTEXT(3) 
GLOBAL_UNCERTAINTY_ASSIGNED_CONTEXT((#270)) GLOBAL_UNIT_ASSIGNED_CONTEXT
((#267,#268,#269)) REPRESENTATION_CONTEXT('Context #1',
  '3D Context with UNIT and UNCERTAINTY') );
#267 = ( LENGTH_UNIT() NAMED_UNIT(*) SI_UNIT(.MILLI.,.METRE.) );
#268 = ( NAMED_UNIT(*) PLANE_ANGLE_UNIT() SI_UNIT($,.RADIAN.) );
#269 = ( NAMED_UNIT(*) SI_UNIT($,.STERADIAN.) SOLID_ANGLE_UNIT() );
#270 = UNCERTAINTY_MEASURE_WITH_UNIT(LENGTH_MEASURE(1.E-07),#267,
  'distance_accuracy_value','confusion accuracy');
#271 = CONTEXT_DEPENDENT_SHAPE_REPRESENTATION(#272,#274);
#272 = ( REPRESENTATION_RELATIONSHIP('','',#115,#52) 
REPRESENTATION_RELATIONSHIP_WITH_TRANSFORMATION(#273) 
SHAPE_REPRESENTATION_RELATIONSHIP() );
#273 = ITEM_DEFINED_TRANSFORMATION('','',#11,#53);
#274 = PRODUCT_DEFINITION_SHAPE('Placement','Placement of an item',#275
  );
#275 = NEXT_ASSEMBLY_USAGE_OCCURRENCE('1','energy_container','',#47,#110
  ,$);
#276 = PRODUCT_RELATED_PRODUCT_CATEGORY('part',$,(#112));
#277 = SHAPE_DEFINITION_REPRESENTATION(#278,#284);
#278 = PRODUCT_DEFINITION_SHAPE('','',#279);
#279 = PRODUCT_DEFINITION('design','',#280,#283);
#280 = PRODUCT_DEFINITION_FORMATION('','',#281);
#281 = PRODUCT('battery_pack','battery_pack','',(#282));
#282 = PRODUCT_CONTEXT('',#2,'mechanical');
#283 = PRODUCT_DEFINITION_CONTEXT('part definition',#2,'design');
#284 = ADVANCED_BREP_SHAPE_REPRESENTATION('',(#11,#285),#435);
#285 = MANIFOLD_SOLID_BREP('',#286);
#286 = CLOSED_SHELL('',(#287,#327,#367,#389,#411,#423));
#287 = ADVANCED_FACE('',(#288),#322,.F.);
#288 = FACE_BOUND('',#289,.F.);
#289 = EDGE_LOOP('',(#290,#300,#308,#316));
#290 = ORIENTED_EDGE('',*,*,#291,.F.);
#291 = EDGE_CURVE('',#292,#294,#296,.T.);
#292 = VERTEX_POINT('',#293);
#293 = CARTESIAN_POINT('',(-634.7,-166.3,609.85));
#294 = VERTEX_POINT('',#295);
#295 = CARTESIAN_POINT('',(-634.7,-166.3,790.15));
#296 = LINE('',#297,#298);
#297 = CARTESIAN_POINT('',(-634.7,-166.3,609.85));
#298 = VECTOR('',#299,1.);
#299 = DIRECTION('',(0.,0.,1.));
#300 = ORIENTED_EDGE('',*,*,#301,.T.);
#301 = EDGE_CURVE('',#292,#302,#304,.T.);
#302 = VERTEX_POINT('',#303);
#303 = CARTESIAN_POINT('',(-634.7,166.3,609.85));
#304 = LINE('',#305,#306);
#305 = CARTESIAN_POINT('',(-634.7,-166.3,609.85));
#306 = VECTOR('',#307,1.);
#307 = DIRECTION('',(-0.,1.,0.));
#308 = ORIENTED_EDGE('',*,*,#309,.T.);
#309 = EDGE_CURVE('',#302,#310,#312,.T.);
#310 = VERTEX_POINT('',#311);
#311 = CARTESIAN_POINT('',(-634.7,166.3,790.15));
#312 = LINE('',#313,#314);
#313 = CARTESIAN_POINT('',(-634.7,166.3,609.85));
#314 = VECTOR('',#315,1.);
#315 = DIRECTION('',(0.,0.,1.));
#316 = ORIENTED_EDGE('',*,*,#317,.F.);
#317 = EDGE_CURVE('',#294,#310,#318,.T.);
#318 = LINE('',#319,#320);
#319 = CARTESIAN_POINT('',(-634.7,-166.3,790.15));
#320 = VECTOR('',#321,1.);
#321 = DIRECTION('',(-0.,1.,0.));
#322 = PLANE('',#323);
#323 = AXIS2_PLACEMENT_3D('',#324,#325,#326);
#324 = CARTESIAN_POINT('',(-634.7,-166.3,609.85));
#325 = DIRECTION('',(1.,0.,-0.));
#326 = DIRECTION('',(0.,0.,1.));
#327 = ADVANCED_FACE('',(#328),#362,.T.);
#328 = FACE_BOUND('',#329,.T.);
#329 = EDGE_LOOP('',(#330,#340,#348,#356));
#330 = ORIENTED_EDGE('',*,*,#331,.F.);
#331 = EDGE_CURVE('',#332,#334,#336,.T.);
#332 = VERTEX_POINT('',#333);
#333 = CARTESIAN_POINT('',(74.7,-166.3,609.85));
#334 = VERTEX_POINT('',#335);
#335 = CARTESIAN_POINT('',(74.7,-166.3,790.15));
#336 = LINE('',#337,#338);
#337 = CARTESIAN_POINT('',(74.7,-166.3,609.85));
#338 = VECTOR('',#339,1.);
#339 = DIRECTION('',(0.,0.,1.));
#340 = ORIENTED_EDGE('',*,*,#341,.T.);
#341 = EDGE_CURVE('',#332,#342,#344,.T.);
#342 = VERTEX_POINT('',#343);
#343 = CARTESIAN_POINT('',(74.7,166.3,609.85));
#344 = LINE('',#345,#346);
#345 = CARTESIAN_POINT('',(74.7,-166.3,609.85));
#346 = VECTOR('',#347,1.);
#347 = DIRECTION('',(-0.,1.,0.));
#348 = ORIENTED_EDGE('',*,*,#349,.T.);
#349 = EDGE_CURVE('',#342,#350,#352,.T.);
#350 = VERTEX_POINT('',#351);
#351 = CARTESIAN_POINT('',(74.7,166.3,790.15));
#352 = LINE('',#353,#354);
#353 = CARTESIAN_POINT('',(74.7,166.3,609.85));
#354 = VECTOR('',#355,1.);
#355 = DIRECTION('',(0.,0.,1.));
#356 = ORIENTED_EDGE('',*,*,#357,.F.);
#357 = EDGE_CURVE('',#334,#350,#358,.T.);
#358 = LINE('',#359,#360);
#359 = CARTESIAN_POINT('',(74.7,-166.3,790.15));
#360 = VECTOR('',#361,1.);
#361 = DIRECTION('',(-0.,1.,0.));
#362 = PLANE('',#363);
#363 = AXIS2_PLACEMENT_3D('',#364,#365,#366);
#364 = CARTESIAN_POINT('',(74.7,-166.3,609.85));
#365 = DIRECTION('',(1.,0.,-0.));
#366 = DIRECTION('',(0.,0.,1.));
#367 = ADVANCED_FACE('',(#368),#384,.F.);
#368 = FACE_BOUND('',#369,.F.);
#369 = EDGE_LOOP('',(#370,#376,#377,#383));
#370 = ORIENTED_EDGE('',*,*,#371,.F.);
#371 = EDGE_CURVE('',#292,#332,#372,.T.);
#372 = LINE('',#373,#374);
#373 = CARTESIAN_POINT('',(-634.7,-166.3,609.85));
#374 = VECTOR('',#375,1.);
#375 = DIRECTION('',(1.,0.,-0.));
#376 = ORIENTED_EDGE('',*,*,#291,.T.);
#377 = ORIENTED_EDGE('',*,*,#378,.T.);
#378 = EDGE_CURVE('',#294,#334,#379,.T.);
#379 = LINE('',#380,#381);
#380 = CARTESIAN_POINT('',(-634.7,-166.3,790.15));
#381 = VECTOR('',#382,1.);
#382 = DIRECTION('',(1.,0.,-0.));
#383 = ORIENTED_EDGE('',*,*,#331,.F.);
#384 = PLANE('',#385);
#385 = AXIS2_PLACEMENT_3D('',#386,#387,#388);
#386 = CARTESIAN_POINT('',(-634.7,-166.3,609.85));
#387 = DIRECTION('',(-0.,1.,0.));
#388 = DIRECTION('',(0.,0.,1.));
#389 = ADVANCED_FACE('',(#390),#406,.T.);
#390 = FACE_BOUND('',#391,.T.);
#391 = EDGE_LOOP('',(#392,#398,#399,#405));
#392 = ORIENTED_EDGE('',*,*,#393,.F.);
#393 = EDGE_CURVE('',#302,#342,#394,.T.);
#394 = LINE('',#395,#396);
#395 = CARTESIAN_POINT('',(-634.7,166.3,609.85));
#396 = VECTOR('',#397,1.);
#397 = DIRECTION('',(1.,0.,-0.));
#398 = ORIENTED_EDGE('',*,*,#309,.T.);
#399 = ORIENTED_EDGE('',*,*,#400,.T.);
#400 = EDGE_CURVE('',#310,#350,#401,.T.);
#401 = LINE('',#402,#403);
#402 = CARTESIAN_POINT('',(-634.7,166.3,790.15));
#403 = VECTOR('',#404,1.);
#404 = DIRECTION('',(1.,0.,-0.));
#405 = ORIENTED_EDGE('',*,*,#349,.F.);
#406 = PLANE('',#407);
#407 = AXIS2_PLACEMENT_3D('',#408,#409,#410);
#408 = CARTESIAN_POINT('',(-634.7,166.3,609.85));
#409 = DIRECTION('',(-0.,1.,0.));
#410 = DIRECTION('',(0.,0.,1.));
#411 = ADVANCED_FACE('',(#412),#418,.F.);
#412 = FACE_BOUND('',#413,.F.);
#413 = EDGE_LOOP('',(#414,#415,#416,#417));
#414 = ORIENTED_EDGE('',*,*,#301,.F.);
#415 = ORIENTED_EDGE('',*,*,#371,.T.);
#416 = ORIENTED_EDGE('',*,*,#341,.T.);
#417 = ORIENTED_EDGE('',*,*,#393,.F.);
#418 = PLANE('',#419);
#419 = AXIS2_PLACEMENT_3D('',#420,#421,#422);
#420 = CARTESIAN_POINT('',(-634.7,-166.3,609.85));
#421 = DIRECTION('',(0.,0.,1.));
#422 = DIRECTION('',(1.,0.,-0.));
#423 = ADVANCED_FACE('',(#424),#430,.T.);
#424 = FACE_BOUND('',#425,.T.);
#425 = EDGE_LOOP('',(#426,#427,#428,#429));
#426 = ORIENTED_EDGE('',*,*,#317,.F.);
#427 = ORIENTED_EDGE('',*,*,#378,.T.);
#428 = ORIENTED_EDGE('',*,*,#357,.T.);
#429 = ORIENTED_EDGE('',*,*,#400,.F.);
#430 = PLANE('',#431);
#431 = AXIS2_PLACEMENT_3D('',#432,#433,#434);
#432 = CARTESIAN_POINT('',(-634.7,-166.3,790.15));
#433 = DIRECTION('',(0.,0.,1.));
#434 = DIRECTION('',(1.,0.,-0.));
#435 = ( GEOMETRIC_REPRESENTATION_CONTEXT(3) 
GLOBAL_UNCERTAINTY_ASSIGNED_CONTEXT((#439)) GLOBAL_UNIT_ASSIGNED_CONTEXT
((#436,#437,#438)) REPRESENTATION_CONTEXT('Context #1',
  '3D Context with UNIT and UNCERTAINTY') );
#436 = ( LENGTH_UNIT() NAMED_UNIT(*) SI_UNIT(.MILLI.,.METRE.) );
#437 = ( NAMED_UNIT(*) PLANE_ANGLE_UNIT() SI_UNIT($,.RADIAN.) );
#438 = ( NAMED_UNIT(*) SI_UNIT($,.STERADIAN.) SOLID_ANGLE_UNIT() );
#439 = UNCERTAINTY_MEASURE_WITH_UNIT(LENGTH_MEASURE(1.E-07),#436,
  'distance_accuracy_value','confusion accuracy');
#440 = CONTEXT_DEPENDENT_SHAPE_REPRESENTATION(#441,#443);
#441 = ( REPRESENTATION_RELATIONSHIP('','',#284,#52) 
REPRESENTATION_RELATIONSHIP_WITH_TRANSFORMATION(#442) 
SHAPE_REPRESENTATION_RELATIONSHIP() );
#442 = ITEM_DEFINED_TRANSFORMATION('','',#11,#57);
#443 = PRODUCT_DEFINITION_SHAPE('Placement','Placement of an item',#444
  );
#444 = NEXT_ASSEMBLY_USAGE_OCCURRENCE('2','battery_pack','',#47,#279,$);
#445 = PRODUCT_RELATED_PRODUCT_CATEGORY('part',$,(#281));
#446 = SHAPE_DEFINITION_REPRESENTATION(#447,#453);
#447 = PRODUCT_DEFINITION_SHAPE('','',#448);
#448 = PRODUCT_DEFINITION('design','',#449,#452);
#449 = PRODUCT_DEFINITION_FORMATION('','',#450);
#450 = PRODUCT('pdu','pdu','',(#451));
#451 = PRODUCT_CONTEXT('',#2,'mechanical');
#452 = PRODUCT_DEFINITION_CONTEXT('part definition',#2,'design');
#453 = ADVANCED_BREP_SHAPE_REPRESENTATION('',(#11,#454),#604);
#454 = MANIFOLD_SOLID_BREP('',#455);
#455 = CLOSED_SHELL('',(#456,#496,#536,#558,#580,#592));
#456 = ADVANCED_FACE('',(#457),#491,.F.);
#457 = FACE_BOUND('',#458,.F.);
#458 = EDGE_LOOP('',(#459,#469,#477,#485));
#459 = ORIENTED_EDGE('',*,*,#460,.F.);
#460 = EDGE_CURVE('',#461,#463,#465,.T.);
#461 = VERTEX_POINT('',#462);
#462 = CARTESIAN_POINT('',(-570.,-290.,835.));
#463 = VERTEX_POINT('',#464);
#464 = CARTESIAN_POINT('',(-570.,-290.,965.));
#465 = LINE('',#466,#467);
#466 = CARTESIAN_POINT('',(-570.,-290.,835.));
#467 = VECTOR('',#468,1.);
#468 = DIRECTION('',(0.,0.,1.));
#469 = ORIENTED_EDGE('',*,*,#470,.T.);
#470 = EDGE_CURVE('',#461,#471,#473,.T.);
#471 = VERTEX_POINT('',#472);
#472 = CARTESIAN_POINT('',(-570.,-90.,835.));
#473 = LINE('',#474,#475);
#474 = CARTESIAN_POINT('',(-570.,-290.,835.));
#475 = VECTOR('',#476,1.);
#476 = DIRECTION('',(-0.,1.,0.));
#477 = ORIENTED_EDGE('',*,*,#478,.T.);
#478 = EDGE_CURVE('',#471,#479,#481,.T.);
#479 = VERTEX_POINT('',#480);
#480 = CARTESIAN_POINT('',(-570.,-90.,965.));
#481 = LINE('',#482,#483);
#482 = CARTESIAN_POINT('',(-570.,-90.,835.));
#483 = VECTOR('',#484,1.);
#484 = DIRECTION('',(0.,0.,1.));
#485 = ORIENTED_EDGE('',*,*,#486,.F.);
#486 = EDGE_CURVE('',#463,#479,#487,.T.);
#487 = LINE('',#488,#489);
#488 = CARTESIAN_POINT('',(-570.,-290.,965.));
#489 = VECTOR('',#490,1.);
#490 = DIRECTION('',(-0.,1.,0.));
#491 = PLANE('',#492);
#492 = AXIS2_PLACEMENT_3D('',#493,#494,#495);
#493 = CARTESIAN_POINT('',(-570.,-290.,835.));
#494 = DIRECTION('',(1.,0.,-0.));
#495 = DIRECTION('',(0.,0.,1.));
#496 = ADVANCED_FACE('',(#497),#531,.T.);
#497 = FACE_BOUND('',#498,.T.);
#498 = EDGE_LOOP('',(#499,#509,#517,#525));
#499 = ORIENTED_EDGE('',*,*,#500,.F.);
#500 = EDGE_CURVE('',#501,#503,#505,.T.);
#501 = VERTEX_POINT('',#502);
#502 = CARTESIAN_POINT('',(-270.,-290.,835.));
#503 = VERTEX_POINT('',#504);
#504 = CARTESIAN_POINT('',(-270.,-290.,965.));
#505 = LINE('',#506,#507);
#506 = CARTESIAN_POINT('',(-270.,-290.,835.));
#507 = VECTOR('',#508,1.);
#508 = DIRECTION('',(0.,0.,1.));
#509 = ORIENTED_EDGE('',*,*,#510,.T.);
#510 = EDGE_CURVE('',#501,#511,#513,.T.);
#511 = VERTEX_POINT('',#512);
#512 = CARTESIAN_POINT('',(-270.,-90.,835.));
#513 = LINE('',#514,#515);
#514 = CARTESIAN_POINT('',(-270.,-290.,835.));
#515 = VECTOR('',#516,1.);
#516 = DIRECTION('',(-0.,1.,0.));
#517 = ORIENTED_EDGE('',*,*,#518,.T.);
#518 = EDGE_CURVE('',#511,#519,#521,.T.);
#519 = VERTEX_POINT('',#520);
#520 = CARTESIAN_POINT('',(-270.,-90.,965.));
#521 = LINE('',#522,#523);
#522 = CARTESIAN_POINT('',(-270.,-90.,835.));
#523 = VECTOR('',#524,1.);
#524 = DIRECTION('',(0.,0.,1.));
#525 = ORIENTED_EDGE('',*,*,#526,.F.);
#526 = EDGE_CURVE('',#503,#519,#527,.T.);
#527 = LINE('',#528,#529);
#528 = CARTESIAN_POINT('',(-270.,-290.,965.));
#529 = VECTOR('',#530,1.);
#530 = DIRECTION('',(-0.,1.,0.));
#531 = PLANE('',#532);
#532 = AXIS2_PLACEMENT_3D('',#533,#534,#535);
#533 = CARTESIAN_POINT('',(-270.,-290.,835.));
#534 = DIRECTION('',(1.,0.,-0.));
#535 = DIRECTION('',(0.,0.,1.));
#536 = ADVANCED_FACE('',(#537),#553,.F.);
#537 = FACE_BOUND('',#538,.F.);
#538 = EDGE_LOOP('',(#539,#545,#546,#552));
#539 = ORIENTED_EDGE('',*,*,#540,.F.);
#540 = EDGE_CURVE('',#461,#501,#541,.T.);
#541 = LINE('',#542,#543);
#542 = CARTESIAN_POINT('',(-570.,-290.,835.));
#543 = VECTOR('',#544,1.);
#544 = DIRECTION('',(1.,0.,-0.));
#545 = ORIENTED_EDGE('',*,*,#460,.T.);
#546 = ORIENTED_EDGE('',*,*,#547,.T.);
#547 = EDGE_CURVE('',#463,#503,#548,.T.);
#548 = LINE('',#549,#550);
#549 = CARTESIAN_POINT('',(-570.,-290.,965.));
#550 = VECTOR('',#551,1.);
#551 = DIRECTION('',(1.,0.,-0.));
#552 = ORIENTED_EDGE('',*,*,#500,.F.);
#553 = PLANE('',#554);
#554 = AXIS2_PLACEMENT_3D('',#555,#556,#557);
#555 = CARTESIAN_POINT('',(-570.,-290.,835.));
#556 = DIRECTION('',(-0.,1.,0.));
#557 = DIRECTION('',(0.,0.,1.));
#558 = ADVANCED_FACE('',(#559),#575,.T.);
#559 = FACE_BOUND('',#560,.T.);
#560 = EDGE_LOOP('',(#561,#567,#568,#574));
#561 = ORIENTED_EDGE('',*,*,#562,.F.);
#562 = EDGE_CURVE('',#471,#511,#563,.T.);
#563 = LINE('',#564,#565);
#564 = CARTESIAN_POINT('',(-570.,-90.,835.));
#565 = VECTOR('',#566,1.);
#566 = DIRECTION('',(1.,0.,-0.));
#567 = ORIENTED_EDGE('',*,*,#478,.T.);
#568 = ORIENTED_EDGE('',*,*,#569,.T.);
#569 = EDGE_CURVE('',#479,#519,#570,.T.);
#570 = LINE('',#571,#572);
#571 = CARTESIAN_POINT('',(-570.,-90.,965.));
#572 = VECTOR('',#573,1.);
#573 = DIRECTION('',(1.,0.,-0.));
#574 = ORIENTED_EDGE('',*,*,#518,.F.);
#575 = PLANE('',#576);
#576 = AXIS2_PLACEMENT_3D('',#577,#578,#579);
#577 = CARTESIAN_POINT('',(-570.,-90.,835.));
#578 = DIRECTION('',(-0.,1.,0.));
#579 = DIRECTION('',(0.,0.,1.));
#580 = ADVANCED_FACE('',(#581),#587,.F.);
#581 = FACE_BOUND('',#582,.F.);
#582 = EDGE_LOOP('',(#583,#584,#585,#586));
#583 = ORIENTED_EDGE('',*,*,#470,.F.);
#584 = ORIENTED_EDGE('',*,*,#540,.T.);
#585 = ORIENTED_EDGE('',*,*,#510,.T.);
#586 = ORIENTED_EDGE('',*,*,#562,.F.);
#587 = PLANE('',#588);
#588 = AXIS2_PLACEMENT_3D('',#589,#590,#591);
#589 = CARTESIAN_POINT('',(-570.,-290.,835.));
#590 = DIRECTION('',(0.,0.,1.));
#591 = DIRECTION('',(1.,0.,-0.));
#592 = ADVANCED_FACE('',(#593),#599,.T.);
#593 = FACE_BOUND('',#594,.T.);
#594 = EDGE_LOOP('',(#595,#596,#597,#598));
#595 = ORIENTED_EDGE('',*,*,#486,.F.);
#596 = ORIENTED_EDGE('',*,*,#547,.T.);
#597 = ORIENTED_EDGE('',*,*,#526,.T.);
#598 = ORIENTED_EDGE('',*,*,#569,.F.);
#599 = PLANE('',#600);
#600 = AXIS2_PLACEMENT_3D('',#601,#602,#603);
#601 = CARTESIAN_POINT('',(-570.,-290.,965.));
#602 = DIRECTION('',(0.,0.,1.));
#603 = DIRECTION('',(1.,0.,-0.));
#604 = ( GEOMETRIC_REPRESENTATION_CONTEXT(3) 
GLOBAL_UNCERTAINTY_ASSIGNED_CONTEXT((#608)) GLOBAL_UNIT_ASSIGNED_CONTEXT
((#605,#606,#607)) REPRESENTATION_CONTEXT('Context #1',
  '3D Context with UNIT and UNCERTAINTY') );
#605 = ( LENGTH_UNIT() NAMED_UNIT(*) SI_UNIT(.MILLI.,.METRE.) );
#606 = ( NAMED_UNIT(*) PLANE_ANGLE_UNIT() SI_UNIT($,.RADIAN.) );
#607 = ( NAMED_UNIT(*) SI_UNIT($,.STERADIAN.) SOLID_ANGLE_UNIT() );
#608 = UNCERTAINTY_MEASURE_WITH_UNIT(LENGTH_MEASURE(1.E-07),#605,
  'distance_accuracy_value','confusion accuracy');
#609 = CONTEXT_DEPENDENT_SHAPE_REPRESENTATION(#610,#612);
#610 = ( REPRESENTATION_RELATIONSHIP('','',#453,#52) 
REPRESENTATION_RELATIONSHIP_WITH_TRANSFORMATION(#611) 
SHAPE_REPRESENTATION_RELATIONSHIP() );
#611 = ITEM_DEFINED_TRANSFORMATION('','',#11,#61);
#612 = PRODUCT_DEFINITION_SHAPE('Placement','Placement of an item',#613
  );
#613 = NEXT_ASSEMBLY_USAGE_OCCURRENCE('3','pdu','',#47,#448,$);
#614 = PRODUCT_RELATED_PRODUCT_CATEGORY('part',$,(#450));
#615 = SHAPE_DEFINITION_REPRESENTATION(#616,#622);
#616 = PRODUCT_DEFINITION_SHAPE('','',#617);
#617 = PRODUCT_DEFINITION('design','',#618,#621);
#618 = PRODUCT_DEFINITION_FORMATION('','',#619);
#619 = PRODUCT('main_contactor','main_contactor','',(#620));
#620 = PRODUCT_CONTEXT('',#2,'mechanical');
#621 = PRODUCT_DEFINITION_CONTEXT('part definition',#2,'design');
#622 = ADVANCED_BREP_SHAPE_REPRESENTATION('',(#11,#623),#773);
#623 = MANIFOLD_SOLID_BREP('',#624);
#624 = CLOSED_SHELL('',(#625,#665,#705,#727,#749,#761));
#625 = ADVANCED_FACE('',(#626),#660,.F.);
#626 = FACE_BOUND('',#627,.F.);
#627 = EDGE_LOOP('',(#628,#638,#646,#654));
#628 = ORIENTED_EDGE('',*,*,#629,.F.);
#629 = EDGE_CURVE('',#630,#632,#634,.T.);
#630 = VERTEX_POINT('',#631);
#631 = CARTESIAN_POINT('',(-463.,-226.,854.));
#632 = VERTEX_POINT('',#633);
#633 = CARTESIAN_POINT('',(-463.,-226.,946.));
#634 = LINE('',#635,#636);
#635 = CARTESIAN_POINT('',(-463.,-226.,854.));
#636 = VECTOR('',#637,1.);
#637 = DIRECTION('',(0.,0.,1.));
#638 = ORIENTED_EDGE('',*,*,#639,.T.);
#639 = EDGE_CURVE('',#630,#640,#642,.T.);
#640 = VERTEX_POINT('',#641);
#641 = CARTESIAN_POINT('',(-463.,-154.,854.));
#642 = LINE('',#643,#644);
#643 = CARTESIAN_POINT('',(-463.,-226.,854.));
#644 = VECTOR('',#645,1.);
#645 = DIRECTION('',(-0.,1.,0.));
#646 = ORIENTED_EDGE('',*,*,#647,.T.);
#647 = EDGE_CURVE('',#640,#648,#650,.T.);
#648 = VERTEX_POINT('',#649);
#649 = CARTESIAN_POINT('',(-463.,-154.,946.));
#650 = LINE('',#651,#652);
#651 = CARTESIAN_POINT('',(-463.,-154.,854.));
#652 = VECTOR('',#653,1.);
#653 = DIRECTION('',(0.,0.,1.));
#654 = ORIENTED_EDGE('',*,*,#655,.F.);
#655 = EDGE_CURVE('',#632,#648,#656,.T.);
#656 = LINE('',#657,#658);
#657 = CARTESIAN_POINT('',(-463.,-226.,946.));
#658 = VECTOR('',#659,1.);
#659 = DIRECTION('',(-0.,1.,0.));
#660 = PLANE('',#661);
#661 = AXIS2_PLACEMENT_3D('',#662,#663,#664);
#662 = CARTESIAN_POINT('',(-463.,-226.,854.));
#663 = DIRECTION('',(1.,0.,-0.));
#664 = DIRECTION('',(0.,0.,1.));
#665 = ADVANCED_FACE('',(#666),#700,.T.);
#666 = FACE_BOUND('',#667,.T.);
#667 = EDGE_LOOP('',(#668,#678,#686,#694));
#668 = ORIENTED_EDGE('',*,*,#669,.F.);
#669 = EDGE_CURVE('',#670,#672,#674,.T.);
#670 = VERTEX_POINT('',#671);
#671 = CARTESIAN_POINT('',(-377.,-226.,854.));
#672 = VERTEX_POINT('',#673);
#673 = CARTESIAN_POINT('',(-377.,-226.,946.));
#674 = LINE('',#675,#676);
#675 = CARTESIAN_POINT('',(-377.,-226.,854.));
#676 = VECTOR('',#677,1.);
#677 = DIRECTION('',(0.,0.,1.));
#678 = ORIENTED_EDGE('',*,*,#679,.T.);
#679 = EDGE_CURVE('',#670,#680,#682,.T.);
#680 = VERTEX_POINT('',#681);
#681 = CARTESIAN_POINT('',(-377.,-154.,854.));
#682 = LINE('',#683,#684);
#683 = CARTESIAN_POINT('',(-377.,-226.,854.));
#684 = VECTOR('',#685,1.);
#685 = DIRECTION('',(-0.,1.,0.));
#686 = ORIENTED_EDGE('',*,*,#687,.T.);
#687 = EDGE_CURVE('',#680,#688,#690,.T.);
#688 = VERTEX_POINT('',#689);
#689 = CARTESIAN_POINT('',(-377.,-154.,946.));
#690 = LINE('',#691,#692);
#691 = CARTESIAN_POINT('',(-377.,-154.,854.));
#692 = VECTOR('',#693,1.);
#693 = DIRECTION('',(0.,0.,1.));
#694 = ORIENTED_EDGE('',*,*,#695,.F.);
#695 = EDGE_CURVE('',#672,#688,#696,.T.);
#696 = LINE('',#697,#698);
#697 = CARTESIAN_POINT('',(-377.,-226.,946.));
#698 = VECTOR('',#699,1.);
#699 = DIRECTION('',(-0.,1.,0.));
#700 = PLANE('',#701);
#701 = AXIS2_PLACEMENT_3D('',#702,#703,#704);
#702 = CARTESIAN_POINT('',(-377.,-226.,854.));
#703 = DIRECTION('',(1.,0.,-0.));
#704 = DIRECTION('',(0.,0.,1.));
#705 = ADVANCED_FACE('',(#706),#722,.F.);
#706 = FACE_BOUND('',#707,.F.);
#707 = EDGE_LOOP('',(#708,#714,#715,#721));
#708 = ORIENTED_EDGE('',*,*,#709,.F.);
#709 = EDGE_CURVE('',#630,#670,#710,.T.);
#710 = LINE('',#711,#712);
#711 = CARTESIAN_POINT('',(-463.,-226.,854.));
#712 = VECTOR('',#713,1.);
#713 = DIRECTION('',(1.,0.,-0.));
#714 = ORIENTED_EDGE('',*,*,#629,.T.);
#715 = ORIENTED_EDGE('',*,*,#716,.T.);
#716 = EDGE_CURVE('',#632,#672,#717,.T.);
#717 = LINE('',#718,#719);
#718 = CARTESIAN_POINT('',(-463.,-226.,946.));
#719 = VECTOR('',#720,1.);
#720 = DIRECTION('',(1.,0.,-0.));
#721 = ORIENTED_EDGE('',*,*,#669,.F.);
#722 = PLANE('',#723);
#723 = AXIS2_PLACEMENT_3D('',#724,#725,#726);
#724 = CARTESIAN_POINT('',(-463.,-226.,854.));
#725 = DIRECTION('',(-0.,1.,0.));
#726 = DIRECTION('',(0.,0.,1.));
#727 = ADVANCED_FACE('',(#728),#744,.T.);
#728 = FACE_BOUND('',#729,.T.);
#729 = EDGE_LOOP('',(#730,#736,#737,#743));
#730 = ORIENTED_EDGE('',*,*,#731,.F.);
#731 = EDGE_CURVE('',#640,#680,#732,.T.);
#732 = LINE('',#733,#734);
#733 = CARTESIAN_POINT('',(-463.,-154.,854.));
#734 = VECTOR('',#735,1.);
#735 = DIRECTION('',(1.,0.,-0.));
#736 = ORIENTED_EDGE('',*,*,#647,.T.);
#737 = ORIENTED_EDGE('',*,*,#738,.T.);
#738 = EDGE_CURVE('',#648,#688,#739,.T.);
#739 = LINE('',#740,#741);
#740 = CARTESIAN_POINT('',(-463.,-154.,946.));
#741 = VECTOR('',#742,1.);
#742 = DIRECTION('',(1.,0.,-0.));
#743 = ORIENTED_EDGE('',*,*,#687,.F.);
#744 = PLANE('',#745);
#745 = AXIS2_PLACEMENT_3D('',#746,#747,#748);
#746 = CARTESIAN_POINT('',(-463.,-154.,854.));
#747 = DIRECTION('',(-0.,1.,0.));
#748 = DIRECTION('',(0.,0.,1.));
#749 = ADVANCED_FACE('',(#750),#756,.F.);
#750 = FACE_BOUND('',#751,.F.);
#751 = EDGE_LOOP('',(#752,#753,#754,#755));
#752 = ORIENTED_EDGE('',*,*,#639,.F.);
#753 = ORIENTED_EDGE('',*,*,#709,.T.);
#754 = ORIENTED_EDGE('',*,*,#679,.T.);
#755 = ORIENTED_EDGE('',*,*,#731,.F.);
#756 = PLANE('',#757);
#757 = AXIS2_PLACEMENT_3D('',#758,#759,#760);
#758 = CARTESIAN_POINT('',(-463.,-226.,854.));
#759 = DIRECTION('',(0.,0.,1.));
#760 = DIRECTION('',(1.,0.,-0.));
#761 = ADVANCED_FACE('',(#762),#768,.T.);
#762 = FACE_BOUND('',#763,.T.);
#763 = EDGE_LOOP('',(#764,#765,#766,#767));
#764 = ORIENTED_EDGE('',*,*,#655,.F.);
#765 = ORIENTED_EDGE('',*,*,#716,.T.);
#766 = ORIENTED_EDGE('',*,*,#695,.T.);
#767 = ORIENTED_EDGE('',*,*,#738,.F.);
#768 = PLANE('',#769);
#769 = AXIS2_PLACEMENT_3D('',#770,#771,#772);
#770 = CARTESIAN_POINT('',(-463.,-226.,946.));
#771 = DIRECTION('',(0.,0.,1.));
#772 = DIRECTION('',(1.,0.,-0.));
#773 = ( GEOMETRIC_REPRESENTATION_CONTEXT(3) 
GLOBAL_UNCERTAINTY_ASSIGNED_CONTEXT((#777)) GLOBAL_UNIT_ASSIGNED_CONTEXT
((#774,#775,#776)) REPRESENTATION_CONTEXT('Context #1',
  '3D Context with UNIT and UNCERTAINTY') );
#774 = ( LENGTH_UNIT() NAMED_UNIT(*) SI_UNIT(.MILLI.,.METRE.) );
#775 = ( NAMED_UNIT(*) PLANE_ANGLE_UNIT() SI_UNIT($,.RADIAN.) );
#776 = ( NAMED_UNIT(*) SI_UNIT($,.STERADIAN.) SOLID_ANGLE_UNIT() );
#777 = UNCERTAINTY_MEASURE_WITH_UNIT(LENGTH_MEASURE(1.E-07),#774,
  'distance_accuracy_value','confusion accuracy');
#778 = CONTEXT_DEPENDENT_SHAPE_REPRESENTATION(#779,#781);
#779 = ( REPRESENTATION_RELATIONSHIP('','',#622,#52) 
REPRESENTATION_RELATIONSHIP_WITH_TRANSFORMATION(#780) 
SHAPE_REPRESENTATION_RELATIONSHIP() );
#780 = ITEM_DEFINED_TRANSFORMATION('','',#11,#65);
#781 = PRODUCT_DEFINITION_SHAPE('Placement','Placement of an item',#782
  );
#782 = NEXT_ASSEMBLY_USAGE_OCCURRENCE('4','main_contactor','',#47,#617,$
  );
#783 = PRODUCT_RELATED_PRODUCT_CATEGORY('part',$,(#619));
#784 = SHAPE_DEFINITION_REPRESENTATION(#785,#791);
#785 = PRODUCT_DEFINITION_SHAPE('','',#786);
#786 = PRODUCT_DEFINITION('design','',#787,#790);
#787 = PRODUCT_DEFINITION_FORMATION('','',#788);
#788 = PRODUCT('precharge_contactor','precharge_contactor','',(#789));
#789 = PRODUCT_CONTEXT('',#2,'mechanical');
#790 = PRODUCT_DEFINITION_CONTEXT('part definition',#2,'design');
#791 = ADVANCED_BREP_SHAPE_REPRESENTATION('',(#11,#792),#942);
#792 = MANIFOLD_SOLID_BREP('',#793);
#793 = CLOSED_SHELL('',(#794,#834,#874,#896,#918,#930));
#794 = ADVANCED_FACE('',(#795),#829,.F.);
#795 = FACE_BOUND('',#796,.F.);
#796 = EDGE_LOOP('',(#797,#807,#815,#823));
#797 = ORIENTED_EDGE('',*,*,#798,.F.);
#798 = EDGE_CURVE('',#799,#801,#803,.T.);
#799 = VERTEX_POINT('',#800);
#800 = CARTESIAN_POINT('',(-362.,-211.,869.));
#801 = VERTEX_POINT('',#802);
#802 = CARTESIAN_POINT('',(-362.,-211.,931.));
#803 = LINE('',#804,#805);
#804 = CARTESIAN_POINT('',(-362.,-211.,869.));
#805 = VECTOR('',#806,1.);
#806 = DIRECTION('',(0.,0.,1.));
#807 = ORIENTED_EDGE('',*,*,#808,.T.);
#808 = EDGE_CURVE('',#799,#809,#811,.T.);
#809 = VERTEX_POINT('',#810);
#810 = CARTESIAN_POINT('',(-362.,-169.,869.));
#811 = LINE('',#812,#813);
#812 = CARTESIAN_POINT('',(-362.,-211.,869.));
#813 = VECTOR('',#814,1.);
#814 = DIRECTION('',(-0.,1.,0.));
#815 = ORIENTED_EDGE('',*,*,#816,.T.);
#816 = EDGE_CURVE('',#809,#817,#819,.T.);
#817 = VERTEX_POINT('',#818);
#818 = CARTESIAN_POINT('',(-362.,-169.,931.));
#819 = LINE('',#820,#821);
#820 = CARTESIAN_POINT('',(-362.,-169.,869.));
#821 = VECTOR('',#822,1.);
#822 = DIRECTION('',(0.,0.,1.));
#823 = ORIENTED_EDGE('',*,*,#824,.F.);
#824 = EDGE_CURVE('',#801,#817,#825,.T.);
#825 = LINE('',#826,#827);
#826 = CARTESIAN_POINT('',(-362.,-211.,931.));
#827 = VECTOR('',#828,1.);
#828 = DIRECTION('',(-0.,1.,0.));
#829 = PLANE('',#830);
#830 = AXIS2_PLACEMENT_3D('',#831,#832,#833);
#831 = CARTESIAN_POINT('',(-362.,-211.,869.));
#832 = DIRECTION('',(1.,0.,-0.));
#833 = DIRECTION('',(0.,0.,1.));
#834 = ADVANCED_FACE('',(#835),#869,.T.);
#835 = FACE_BOUND('',#836,.T.);
#836 = EDGE_LOOP('',(#837,#847,#855,#863));
#837 = ORIENTED_EDGE('',*,*,#838,.F.);
#838 = EDGE_CURVE('',#839,#841,#843,.T.);
#839 = VERTEX_POINT('',#840);
#840 = CARTESIAN_POINT('',(-310.,-211.,869.));
#841 = VERTEX_POINT('',#842);
#842 = CARTESIAN_POINT('',(-310.,-211.,931.));
#843 = LINE('',#844,#845);
#844 = CARTESIAN_POINT('',(-310.,-211.,869.));
#845 = VECTOR('',#846,1.);
#846 = DIRECTION('',(0.,0.,1.));
#847 = ORIENTED_EDGE('',*,*,#848,.T.);
#848 = EDGE_CURVE('',#839,#849,#851,.T.);
#849 = VERTEX_POINT('',#850);
#850 = CARTESIAN_POINT('',(-310.,-169.,869.));
#851 = LINE('',#852,#853);
#852 = CARTESIAN_POINT('',(-310.,-211.,869.));
#853 = VECTOR('',#854,1.);
#854 = DIRECTION('',(-0.,1.,0.));
#855 = ORIENTED_EDGE('',*,*,#856,.T.);
#856 = EDGE_CURVE('',#849,#857,#859,.T.);
#857 = VERTEX_POINT('',#858);
#858 = CARTESIAN_POINT('',(-310.,-169.,931.));
#859 = LINE('',#860,#861);
#860 = CARTESIAN_POINT('',(-310.,-169.,869.));
#861 = VECTOR('',#862,1.);
#862 = DIRECTION('',(0.,0.,1.));
#863 = ORIENTED_EDGE('',*,*,#864,.F.);
#864 = EDGE_CURVE('',#841,#857,#865,.T.);
#865 = LINE('',#866,#867);
#866 = CARTESIAN_POINT('',(-310.,-211.,931.));
#867 = VECTOR('',#868,1.);
#868 = DIRECTION('',(-0.,1.,0.));
#869 = PLANE('',#870);
#870 = AXIS2_PLACEMENT_3D('',#871,#872,#873);
#871 = CARTESIAN_POINT('',(-310.,-211.,869.));
#872 = DIRECTION('',(1.,0.,-0.));
#873 = DIRECTION('',(0.,0.,1.));
#874 = ADVANCED_FACE('',(#875),#891,.F.);
#875 = FACE_BOUND('',#876,.F.);
#876 = EDGE_LOOP('',(#877,#883,#884,#890));
#877 = ORIENTED_EDGE('',*,*,#878,.F.);
#878 = EDGE_CURVE('',#799,#839,#879,.T.);
#879 = LINE('',#880,#881);
#880 = CARTESIAN_POINT('',(-362.,-211.,869.));
#881 = VECTOR('',#882,1.);
#882 = DIRECTION('',(1.,0.,-0.));
#883 = ORIENTED_EDGE('',*,*,#798,.T.);
#884 = ORIENTED_EDGE('',*,*,#885,.T.);
#885 = EDGE_CURVE('',#801,#841,#886,.T.);
#886 = LINE('',#887,#888);
#887 = CARTESIAN_POINT('',(-362.,-211.,931.));
#888 = VECTOR('',#889,1.);
#889 = DIRECTION('',(1.,0.,-0.));
#890 = ORIENTED_EDGE('',*,*,#838,.F.);
#891 = PLANE('',#892);
#892 = AXIS2_PLACEMENT_3D('',#893,#894,#895);
#893 = CARTESIAN_POINT('',(-362.,-211.,869.));
#894 = DIRECTION('',(-0.,1.,0.));
#895 = DIRECTION('',(0.,0.,1.));
#896 = ADVANCED_FACE('',(#897),#913,.T.);
#897 = FACE_BOUND('',#898,.T.);
#898 = EDGE_LOOP('',(#899,#905,#906,#912));
#899 = ORIENTED_EDGE('',*,*,#900,.F.);
#900 = EDGE_CURVE('',#809,#849,#901,.T.);
#901 = LINE('',#902,#903);
#902 = CARTESIAN_POINT('',(-362.,-169.,869.));
#903 = VECTOR('',#904,1.);
#904 = DIRECTION('',(1.,0.,-0.));
#905 = ORIENTED_EDGE('',*,*,#816,.T.);
#906 = ORIENTED_EDGE('',*,*,#907,.T.);
#907 = EDGE_CURVE('',#817,#857,#908,.T.);
#908 = LINE('',#909,#910);
#909 = CARTESIAN_POINT('',(-362.,-169.,931.));
#910 = VECTOR('',#911,1.);
#911 = DIRECTION('',(1.,0.,-0.));
#912 = ORIENTED_EDGE('',*,*,#856,.F.);
#913 = PLANE('',#914);
#914 = AXIS2_PLACEMENT_3D('',#915,#916,#917);
#915 = CARTESIAN_POINT('',(-362.,-169.,869.));
#916 = DIRECTION('',(-0.,1.,0.));
#917 = DIRECTION('',(0.,0.,1.));
#918 = ADVANCED_FACE('',(#919),#925,.F.);
#919 = FACE_BOUND('',#920,.F.);
#920 = EDGE_LOOP('',(#921,#922,#923,#924));
#921 = ORIENTED_EDGE('',*,*,#808,.F.);
#922 = ORIENTED_EDGE('',*,*,#878,.T.);
#923 = ORIENTED_EDGE('',*,*,#848,.T.);
#924 = ORIENTED_EDGE('',*,*,#900,.F.);
#925 = PLANE('',#926);
#926 = AXIS2_PLACEMENT_3D('',#927,#928,#929);
#927 = CARTESIAN_POINT('',(-362.,-211.,869.));
#928 = DIRECTION('',(0.,0.,1.));
#929 = DIRECTION('',(1.,0.,-0.));
#930 = ADVANCED_FACE('',(#931),#937,.T.);
#931 = FACE_BOUND('',#932,.T.);
#932 = EDGE_LOOP('',(#933,#934,#935,#936));
#933 = ORIENTED_EDGE('',*,*,#824,.F.);
#934 = ORIENTED_EDGE('',*,*,#885,.T.);
#935 = ORIENTED_EDGE('',*,*,#864,.T.);
#936 = ORIENTED_EDGE('',*,*,#907,.F.);
#937 = PLANE('',#938);
#938 = AXIS2_PLACEMENT_3D('',#939,#940,#941);
#939 = CARTESIAN_POINT('',(-362.,-211.,931.));
#940 = DIRECTION('',(0.,0.,1.));
#941 = DIRECTION('',(1.,0.,-0.));
#942 = ( GEOMETRIC_REPRESENTATION_CONTEXT(3) 
GLOBAL_UNCERTAINTY_ASSIGNED_CONTEXT((#946)) GLOBAL_UNIT_ASSIGNED_CONTEXT
((#943,#944,#945)) REPRESENTATION_CONTEXT('Context #1',
  '3D Context with UNIT and UNCERTAINTY') );
#943 = ( LENGTH_UNIT() NAMED_UNIT(*) SI_UNIT(.MILLI.,.METRE.) );
#944 = ( NAMED_UNIT(*) PLANE_ANGLE_UNIT() SI_UNIT($,.RADIAN.) );
#945 = ( NAMED_UNIT(*) SI_UNIT($,.STERADIAN.) SOLID_ANGLE_UNIT() );
#946 = UNCERTAINTY_MEASURE_WITH_UNIT(LENGTH_MEASURE(1.E-07),#943,
  'distance_accuracy_value','confusion accuracy');
#947 = CONTEXT_DEPENDENT_SHAPE_REPRESENTATION(#948,#950);
#948 = ( REPRESENTATION_RELATIONSHIP('','',#791,#52) 
REPRESENTATION_RELATIONSHIP_WITH_TRANSFORMATION(#949) 
SHAPE_REPRESENTATION_RELATIONSHIP() );
#949 = ITEM_DEFINED_TRANSFORMATION('','',#11,#69);
#950 = PRODUCT_DEFINITION_SHAPE('Placement','Placement of an item',#951
  );
#951 = NEXT_ASSEMBLY_USAGE_OCCURRENCE('5','precharge_contactor','',#47,
  #786,$);
#952 = PRODUCT_RELATED_PRODUCT_CATEGORY('part',$,(#788));
#953 = SHAPE_DEFINITION_REPRESENTATION(#954,#960);
#954 = PRODUCT_DEFINITION_SHAPE('','',#955);
#955 = PRODUCT_DEFINITION('design','',#956,#959);
#956 = PRODUCT_DEFINITION_FORMATION('','',#957);
#957 = PRODUCT('terminal_box','terminal_box','',(#958));
#958 = PRODUCT_CONTEXT('',#2,'mechanical');
#959 = PRODUCT_DEFINITION_CONTEXT('part definition',#2,'design');
#960 = ADVANCED_BREP_SHAPE_REPRESENTATION('',(#11,#961),#1111);
#961 = MANIFOLD_SOLID_BREP('',#962);
#962 = CLOSED_SHELL('',(#963,#1003,#1043,#1065,#1087,#1099));
#963 = ADVANCED_FACE('',(#964),#998,.F.);
#964 = FACE_BOUND('',#965,.F.);
#965 = EDGE_LOOP('',(#966,#976,#984,#992));
#966 = ORIENTED_EDGE('',*,*,#967,.F.);
#967 = EDGE_CURVE('',#968,#970,#972,.T.);
#968 = VERTEX_POINT('',#969);
#969 = CARTESIAN_POINT('',(-660.,-75.,820.));
#970 = VERTEX_POINT('',#971);
#971 = CARTESIAN_POINT('',(-660.,-75.,940.));
#972 = LINE('',#973,#974);
#973 = CARTESIAN_POINT('',(-660.,-75.,820.));
#974 = VECTOR('',#975,1.);
#975 = DIRECTION('',(0.,0.,1.));
#976 = ORIENTED_EDGE('',*,*,#977,.T.);
#977 = EDGE_CURVE('',#968,#978,#980,.T.);
#978 = VERTEX_POINT('',#979);
#979 = CARTESIAN_POINT('',(-660.,75.,820.));
#980 = LINE('',#981,#982);
#981 = CARTESIAN_POINT('',(-660.,-75.,820.));
#982 = VECTOR('',#983,1.);
#983 = DIRECTION('',(-0.,1.,0.));
#984 = ORIENTED_EDGE('',*,*,#985,.T.);
#985 = EDGE_CURVE('',#978,#986,#988,.T.);
#986 = VERTEX_POINT('',#987);
#987 = CARTESIAN_POINT('',(-660.,75.,940.));
#988 = LINE('',#989,#990);
#989 = CARTESIAN_POINT('',(-660.,75.,820.));
#990 = VECTOR('',#991,1.);
#991 = DIRECTION('',(0.,0.,1.));
#992 = ORIENTED_EDGE('',*,*,#993,.F.);
#993 = EDGE_CURVE('',#970,#986,#994,.T.);
#994 = LINE('',#995,#996);
#995 = CARTESIAN_POINT('',(-660.,-75.,940.));
#996 = VECTOR('',#997,1.);
#997 = DIRECTION('',(-0.,1.,0.));
#998 = PLANE('',#999);
#999 = AXIS2_PLACEMENT_3D('',#1000,#1001,#1002);
#1000 = CARTESIAN_POINT('',(-660.,-75.,820.));
#1001 = DIRECTION('',(1.,0.,-0.));
#1002 = DIRECTION('',(0.,0.,1.));
#1003 = ADVANCED_FACE('',(#1004),#1038,.T.);
#1004 = FACE_BOUND('',#1005,.T.);
#1005 = EDGE_LOOP('',(#1006,#1016,#1024,#1032));
#1006 = ORIENTED_EDGE('',*,*,#1007,.F.);
#1007 = EDGE_CURVE('',#1008,#1010,#1012,.T.);
#1008 = VERTEX_POINT('',#1009);
#1009 = CARTESIAN_POINT('',(-460.,-75.,820.));
#1010 = VERTEX_POINT('',#1011);
#1011 = CARTESIAN_POINT('',(-460.,-75.,940.));
#1012 = LINE('',#1013,#1014);
#1013 = CARTESIAN_POINT('',(-460.,-75.,820.));
#1014 = VECTOR('',#1015,1.);
#1015 = DIRECTION('',(0.,0.,1.));
#1016 = ORIENTED_EDGE('',*,*,#1017,.T.);
#1017 = EDGE_CURVE('',#1008,#1018,#1020,.T.);
#1018 = VERTEX_POINT('',#1019);
#1019 = CARTESIAN_POINT('',(-460.,75.,820.));
#1020 = LINE('',#1021,#1022);
#1021 = CARTESIAN_POINT('',(-460.,-75.,820.));
#1022 = VECTOR('',#1023,1.);
#1023 = DIRECTION('',(-0.,1.,0.));
#1024 = ORIENTED_EDGE('',*,*,#1025,.T.);
#1025 = EDGE_CURVE('',#1018,#1026,#1028,.T.);
#1026 = VERTEX_POINT('',#1027);
#1027 = CARTESIAN_POINT('',(-460.,75.,940.));
#1028 = LINE('',#1029,#1030);
#1029 = CARTESIAN_POINT('',(-460.,75.,820.));
#1030 = VECTOR('',#1031,1.);
#1031 = DIRECTION('',(0.,0.,1.));
#1032 = ORIENTED_EDGE('',*,*,#1033,.F.);
#1033 = EDGE_CURVE('',#1010,#1026,#1034,.T.);
#1034 = LINE('',#1035,#1036);
#1035 = CARTESIAN_POINT('',(-460.,-75.,940.));
#1036 = VECTOR('',#1037,1.);
#1037 = DIRECTION('',(-0.,1.,0.));
#1038 = PLANE('',#1039);
#1039 = AXIS2_PLACEMENT_3D('',#1040,#1041,#1042);
#1040 = CARTESIAN_POINT('',(-460.,-75.,820.));
#1041 = DIRECTION('',(1.,0.,-0.));
#1042 = DIRECTION('',(0.,0.,1.));
#1043 = ADVANCED_FACE('',(#1044),#1060,.F.);
#1044 = FACE_BOUND('',#1045,.F.);
#1045 = EDGE_LOOP('',(#1046,#1052,#1053,#1059));
#1046 = ORIENTED_EDGE('',*,*,#1047,.F.);
#1047 = EDGE_CURVE('',#968,#1008,#1048,.T.);
#1048 = LINE('',#1049,#1050);
#1049 = CARTESIAN_POINT('',(-660.,-75.,820.));
#1050 = VECTOR('',#1051,1.);
#1051 = DIRECTION('',(1.,0.,-0.));
#1052 = ORIENTED_EDGE('',*,*,#967,.T.);
#1053 = ORIENTED_EDGE('',*,*,#1054,.T.);
#1054 = EDGE_CURVE('',#970,#1010,#1055,.T.);
#1055 = LINE('',#1056,#1057);
#1056 = CARTESIAN_POINT('',(-660.,-75.,940.));
#1057 = VECTOR('',#1058,1.);
#1058 = DIRECTION('',(1.,0.,-0.));
#1059 = ORIENTED_EDGE('',*,*,#1007,.F.);
#1060 = PLANE('',#1061);
#1061 = AXIS2_PLACEMENT_3D('',#1062,#1063,#1064);
#1062 = CARTESIAN_POINT('',(-660.,-75.,820.));
#1063 = DIRECTION('',(-0.,1.,0.));
#1064 = DIRECTION('',(0.,0.,1.));
#1065 = ADVANCED_FACE('',(#1066),#1082,.T.);
#1066 = FACE_BOUND('',#1067,.T.);
#1067 = EDGE_LOOP('',(#1068,#1074,#1075,#1081));
#1068 = ORIENTED_EDGE('',*,*,#1069,.F.);
#1069 = EDGE_CURVE('',#978,#1018,#1070,.T.);
#1070 = LINE('',#1071,#1072);
#1071 = CARTESIAN_POINT('',(-660.,75.,820.));
#1072 = VECTOR('',#1073,1.);
#1073 = DIRECTION('',(1.,0.,-0.));
#1074 = ORIENTED_EDGE('',*,*,#985,.T.);
#1075 = ORIENTED_EDGE('',*,*,#1076,.T.);
#1076 = EDGE_CURVE('',#986,#1026,#1077,.T.);
#1077 = LINE('',#1078,#1079);
#1078 = CARTESIAN_POINT('',(-660.,75.,940.));
#1079 = VECTOR('',#1080,1.);
#1080 = DIRECTION('',(1.,0.,-0.));
#1081 = ORIENTED_EDGE('',*,*,#1025,.F.);
#1082 = PLANE('',#1083);
#1083 = AXIS2_PLACEMENT_3D('',#1084,#1085,#1086);
#1084 = CARTESIAN_POINT('',(-660.,75.,820.));
#1085 = DIRECTION('',(-0.,1.,0.));
#1086 = DIRECTION('',(0.,0.,1.));
#1087 = ADVANCED_FACE('',(#1088),#1094,.F.);
#1088 = FACE_BOUND('',#1089,.F.);
#1089 = EDGE_LOOP('',(#1090,#1091,#1092,#1093));
#1090 = ORIENTED_EDGE('',*,*,#977,.F.);
#1091 = ORIENTED_EDGE('',*,*,#1047,.T.);
#1092 = ORIENTED_EDGE('',*,*,#1017,.T.);
#1093 = ORIENTED_EDGE('',*,*,#1069,.F.);
#1094 = PLANE('',#1095);
#1095 = AXIS2_PLACEMENT_3D('',#1096,#1097,#1098);
#1096 = CARTESIAN_POINT('',(-660.,-75.,820.));
#1097 = DIRECTION('',(0.,0.,1.));
#1098 = DIRECTION('',(1.,0.,-0.));
#1099 = ADVANCED_FACE('',(#1100),#1106,.T.);
#1100 = FACE_BOUND('',#1101,.T.);
#1101 = EDGE_LOOP('',(#1102,#1103,#1104,#1105));
#1102 = ORIENTED_EDGE('',*,*,#993,.F.);
#1103 = ORIENTED_EDGE('',*,*,#1054,.T.);
#1104 = ORIENTED_EDGE('',*,*,#1033,.T.);
#1105 = ORIENTED_EDGE('',*,*,#1076,.F.);
#1106 = PLANE('',#1107);
#1107 = AXIS2_PLACEMENT_3D('',#1108,#1109,#1110);
#1108 = CARTESIAN_POINT('',(-660.,-75.,940.));
#1109 = DIRECTION('',(0.,0.,1.));
#1110 = DIRECTION('',(1.,0.,-0.));
#1111 = ( GEOMETRIC_REPRESENTATION_CONTEXT(3) 
GLOBAL_UNCERTAINTY_ASSIGNED_CONTEXT((#1115)) 
GLOBAL_UNIT_ASSIGNED_CONTEXT((#1112,#1113,#1114)) REPRESENTATION_CONTEXT
('Context #1','3D Context with UNIT and UNCERTAINTY') );
#1112 = ( LENGTH_UNIT() NAMED_UNIT(*) SI_UNIT(.MILLI.,.METRE.) );
#1113 = ( NAMED_UNIT(*) PLANE_ANGLE_UNIT() SI_UNIT($,.RADIAN.) );
#1114 = ( NAMED_UNIT(*) SI_UNIT($,.STERADIAN.) SOLID_ANGLE_UNIT() );
#1115 = UNCERTAINTY_MEASURE_WITH_UNIT(LENGTH_MEASURE(1.E-07),#1112,
  'distance_accuracy_value','confusion accuracy');
#1116 = CONTEXT_DEPENDENT_SHAPE_REPRESENTATION(#1117,#1119);
#1117 = ( REPRESENTATION_RELATIONSHIP('','',#960,#52) 
REPRESENTATION_RELATIONSHIP_WITH_TRANSFORMATION(#1118) 
SHAPE_REPRESENTATION_RELATIONSHIP() );
#1118 = ITEM_DEFINED_TRANSFORMATION('','',#11,#73);
#1119 = PRODUCT_DEFINITION_SHAPE('Placement','Placement of an item',
  #1120);
#1120 = NEXT_ASSEMBLY_USAGE_OCCURRENCE('6','terminal_box','',#47,#955,$
  );
#1121 = PRODUCT_RELATED_PRODUCT_CATEGORY('part',$,(#957));
#1122 = SHAPE_DEFINITION_REPRESENTATION(#1123,#1129);
#1123 = PRODUCT_DEFINITION_SHAPE('','',#1124);
#1124 = PRODUCT_DEFINITION('design','',#1125,#1128);
#1125 = PRODUCT_DEFINITION_FORMATION('','',#1126);
#1126 = PRODUCT('main_fuse','main_fuse','',(#1127));
#1127 = PRODUCT_CONTEXT('',#2,'mechanical');
#1128 = PRODUCT_DEFINITION_CONTEXT('part definition',#2,'design');
#1129 = ADVANCED_BREP_SHAPE_REPRESENTATION('',(#11,#1130),#1280);
#1130 = MANIFOLD_SOLID_BREP('',#1131);
#1131 = CLOSED_SHELL('',(#1132,#1172,#1212,#1234,#1256,#1268));
#1132 = ADVANCED_FACE('',(#1133),#1167,.F.);
#1133 = FACE_BOUND('',#1134,.F.);
#1134 = EDGE_LOOP('',(#1135,#1145,#1153,#1161));
#1135 = ORIENTED_EDGE('',*,*,#1136,.F.);
#1136 = EDGE_CURVE('',#1137,#1139,#1141,.T.);
#1137 = VERTEX_POINT('',#1138);
#1138 = CARTESIAN_POINT('',(-557.,-21.,849.));
#1139 = VERTEX_POINT('',#1140);
#1140 = CARTESIAN_POINT('',(-557.,-21.,911.));
#1141 = LINE('',#1142,#1143);
#1142 = CARTESIAN_POINT('',(-557.,-21.,849.));
#1143 = VECTOR('',#1144,1.);
#1144 = DIRECTION('',(0.,0.,1.));
#1145 = ORIENTED_EDGE('',*,*,#1146,.T.);
#1146 = EDGE_CURVE('',#1137,#1147,#1149,.T.);
#1147 = VERTEX_POINT('',#1148);
#1148 = CARTESIAN_POINT('',(-557.,21.,849.));
#1149 = LINE('',#1150,#1151);
#1150 = CARTESIAN_POINT('',(-557.,-21.,849.));
#1151 = VECTOR('',#1152,1.);
#1152 = DIRECTION('',(-0.,1.,0.));
#1153 = ORIENTED_EDGE('',*,*,#1154,.T.);
#1154 = EDGE_CURVE('',#1147,#1155,#1157,.T.);
#1155 = VERTEX_POINT('',#1156);
#1156 = CARTESIAN_POINT('',(-557.,21.,911.));
#1157 = LINE('',#1158,#1159);
#1158 = CARTESIAN_POINT('',(-557.,21.,849.));
#1159 = VECTOR('',#1160,1.);
#1160 = DIRECTION('',(0.,0.,1.));
#1161 = ORIENTED_EDGE('',*,*,#1162,.F.);
#1162 = EDGE_CURVE('',#1139,#1155,#1163,.T.);
#1163 = LINE('',#1164,#1165);
#1164 = CARTESIAN_POINT('',(-557.,-21.,911.));
#1165 = VECTOR('',#1166,1.);
#1166 = DIRECTION('',(-0.,1.,0.));
#1167 = PLANE('',#1168);
#1168 = AXIS2_PLACEMENT_3D('',#1169,#1170,#1171);
#1169 = CARTESIAN_POINT('',(-557.,-21.,849.));
#1170 = DIRECTION('',(1.,0.,-0.));
#1171 = DIRECTION('',(0.,0.,1.));
#1172 = ADVANCED_FACE('',(#1173),#1207,.T.);
#1173 = FACE_BOUND('',#1174,.T.);
#1174 = EDGE_LOOP('',(#1175,#1185,#1193,#1201));
#1175 = ORIENTED_EDGE('',*,*,#1176,.F.);
#1176 = EDGE_CURVE('',#1177,#1179,#1181,.T.);
#1177 = VERTEX_POINT('',#1178);
#1178 = CARTESIAN_POINT('',(-475.,-21.,849.));
#1179 = VERTEX_POINT('',#1180);
#1180 = CARTESIAN_POINT('',(-475.,-21.,911.));
#1181 = LINE('',#1182,#1183);
#1182 = CARTESIAN_POINT('',(-475.,-21.,849.));
#1183 = VECTOR('',#1184,1.);
#1184 = DIRECTION('',(0.,0.,1.));
#1185 = ORIENTED_EDGE('',*,*,#1186,.T.);
#1186 = EDGE_CURVE('',#1177,#1187,#1189,.T.);
#1187 = VERTEX_POINT('',#1188);
#1188 = CARTESIAN_POINT('',(-475.,21.,849.));
#1189 = LINE('',#1190,#1191);
#1190 = CARTESIAN_POINT('',(-475.,-21.,849.));
#1191 = VECTOR('',#1192,1.);
#1192 = DIRECTION('',(-0.,1.,0.));
#1193 = ORIENTED_EDGE('',*,*,#1194,.T.);
#1194 = EDGE_CURVE('',#1187,#1195,#1197,.T.);
#1195 = VERTEX_POINT('',#1196);
#1196 = CARTESIAN_POINT('',(-475.,21.,911.));
#1197 = LINE('',#1198,#1199);
#1198 = CARTESIAN_POINT('',(-475.,21.,849.));
#1199 = VECTOR('',#1200,1.);
#1200 = DIRECTION('',(0.,0.,1.));
#1201 = ORIENTED_EDGE('',*,*,#1202,.F.);
#1202 = EDGE_CURVE('',#1179,#1195,#1203,.T.);
#1203 = LINE('',#1204,#1205);
#1204 = CARTESIAN_POINT('',(-475.,-21.,911.));
#1205 = VECTOR('',#1206,1.);
#1206 = DIRECTION('',(-0.,1.,0.));
#1207 = PLANE('',#1208);
#1208 = AXIS2_PLACEMENT_3D('',#1209,#1210,#1211);
#1209 = CARTESIAN_POINT('',(-475.,-21.,849.));
#1210 = DIRECTION('',(1.,0.,-0.));
#1211 = DIRECTION('',(0.,0.,1.));
#1212 = ADVANCED_FACE('',(#1213),#1229,.F.);
#1213 = FACE_BOUND('',#1214,.F.);
#1214 = EDGE_LOOP('',(#1215,#1221,#1222,#1228));
#1215 = ORIENTED_EDGE('',*,*,#1216,.F.);
#1216 = EDGE_CURVE('',#1137,#1177,#1217,.T.);
#1217 = LINE('',#1218,#1219);
#1218 = CARTESIAN_POINT('',(-557.,-21.,849.));
#1219 = VECTOR('',#1220,1.);
#1220 = DIRECTION('',(1.,0.,-0.));
#1221 = ORIENTED_EDGE('',*,*,#1136,.T.);
#1222 = ORIENTED_EDGE('',*,*,#1223,.T.);
#1223 = EDGE_CURVE('',#1139,#1179,#1224,.T.);
#1224 = LINE('',#1225,#1226);
#1225 = CARTESIAN_POINT('',(-557.,-21.,911.));
#1226 = VECTOR('',#1227,1.);
#1227 = DIRECTION('',(1.,0.,-0.));
#1228 = ORIENTED_EDGE('',*,*,#1176,.F.);
#1229 = PLANE('',#1230);
#1230 = AXIS2_PLACEMENT_3D('',#1231,#1232,#1233);
#1231 = CARTESIAN_POINT('',(-557.,-21.,849.));
#1232 = DIRECTION('',(-0.,1.,0.));
#1233 = DIRECTION('',(0.,0.,1.));
#1234 = ADVANCED_FACE('',(#1235),#1251,.T.);
#1235 = FACE_BOUND('',#1236,.T.);
#1236 = EDGE_LOOP('',(#1237,#1243,#1244,#1250));
#1237 = ORIENTED_EDGE('',*,*,#1238,.F.);
#1238 = EDGE_CURVE('',#1147,#1187,#1239,.T.);
#1239 = LINE('',#1240,#1241);
#1240 = CARTESIAN_POINT('',(-557.,21.,849.));
#1241 = VECTOR('',#1242,1.);
#1242 = DIRECTION('',(1.,0.,-0.));
#1243 = ORIENTED_EDGE('',*,*,#1154,.T.);
#1244 = ORIENTED_EDGE('',*,*,#1245,.T.);
#1245 = EDGE_CURVE('',#1155,#1195,#1246,.T.);
#1246 = LINE('',#1247,#1248);
#1247 = CARTESIAN_POINT('',(-557.,21.,911.));
#1248 = VECTOR('',#1249,1.);
#1249 = DIRECTION('',(1.,0.,-0.));
#1250 = ORIENTED_EDGE('',*,*,#1194,.F.);
#1251 = PLANE('',#1252);
#1252 = AXIS2_PLACEMENT_3D('',#1253,#1254,#1255);
#1253 = CARTESIAN_POINT('',(-557.,21.,849.));
#1254 = DIRECTION('',(-0.,1.,0.));
#1255 = DIRECTION('',(0.,0.,1.));
#1256 = ADVANCED_FACE('',(#1257),#1263,.F.);
#1257 = FACE_BOUND('',#1258,.F.);
#1258 = EDGE_LOOP('',(#1259,#1260,#1261,#1262));
#1259 = ORIENTED_EDGE('',*,*,#1146,.F.);
#1260 = ORIENTED_EDGE('',*,*,#1216,.T.);
#1261 = ORIENTED_EDGE('',*,*,#1186,.T.);
#1262 = ORIENTED_EDGE('',*,*,#1238,.F.);
#1263 = PLANE('',#1264);
#1264 = AXIS2_PLACEMENT_3D('',#1265,#1266,#1267);
#1265 = CARTESIAN_POINT('',(-557.,-21.,849.));
#1266 = DIRECTION('',(0.,0.,1.));
#1267 = DIRECTION('',(1.,0.,-0.));
#1268 = ADVANCED_FACE('',(#1269),#1275,.T.);
#1269 = FACE_BOUND('',#1270,.T.);
#1270 = EDGE_LOOP('',(#1271,#1272,#1273,#1274));
#1271 = ORIENTED_EDGE('',*,*,#1162,.F.);
#1272 = ORIENTED_EDGE('',*,*,#1223,.T.);
#1273 = ORIENTED_EDGE('',*,*,#1202,.T.);
#1274 = ORIENTED_EDGE('',*,*,#1245,.F.);
#1275 = PLANE('',#1276);
#1276 = AXIS2_PLACEMENT_3D('',#1277,#1278,#1279);
#1277 = CARTESIAN_POINT('',(-557.,-21.,911.));
#1278 = DIRECTION('',(0.,0.,1.));
#1279 = DIRECTION('',(1.,0.,-0.));
#1280 = ( GEOMETRIC_REPRESENTATION_CONTEXT(3) 
GLOBAL_UNCERTAINTY_ASSIGNED_CONTEXT((#1284)) 
GLOBAL_UNIT_ASSIGNED_CONTEXT((#1281,#1282,#1283)) REPRESENTATION_CONTEXT
('Context #1','3D Context with UNIT and UNCERTAINTY') );
#1281 = ( LENGTH_UNIT() NAMED_UNIT(*) SI_UNIT(.MILLI.,.METRE.) );
#1282 = ( NAMED_UNIT(*) PLANE_ANGLE_UNIT() SI_UNIT($,.RADIAN.) );
#1283 = ( NAMED_UNIT(*) SI_UNIT($,.STERADIAN.) SOLID_ANGLE_UNIT() );
#1284 = UNCERTAINTY_MEASURE_WITH_UNIT(LENGTH_MEASURE(1.E-07),#1281,
  'distance_accuracy_value','confusion accuracy');
#1285 = CONTEXT_DEPENDENT_SHAPE_REPRESENTATION(#1286,#1288);
#1286 = ( REPRESENTATION_RELATIONSHIP('','',#1129,#52) 
REPRESENTATION_RELATIONSHIP_WITH_TRANSFORMATION(#1287) 
SHAPE_REPRESENTATION_RELATIONSHIP() );
#1287 = ITEM_DEFINED_TRANSFORMATION('','',#11,#77);
#1288 = PRODUCT_DEFINITION_SHAPE('Placement','Placement of an item',
  #1289);
#1289 = NEXT_ASSEMBLY_USAGE_OCCURRENCE('7','main_fuse','',#47,#1124,$);
#1290 = PRODUCT_RELATED_PRODUCT_CATEGORY('part',$,(#1126));
#1291 = SHAPE_DEFINITION_REPRESENTATION(#1292,#1298);
#1292 = PRODUCT_DEFINITION_SHAPE('','',#1293);
#1293 = PRODUCT_DEFINITION('design','',#1294,#1297);
#1294 = PRODUCT_DEFINITION_FORMATION('','',#1295);
#1295 = PRODUCT('current_shunt','current_shunt','',(#1296));
#1296 = PRODUCT_CONTEXT('',#2,'mechanical');
#1297 = PRODUCT_DEFINITION_CONTEXT('part definition',#2,'design');
#1298 = ADVANCED_BREP_SHAPE_REPRESENTATION('',(#11,#1299),#1449);
#1299 = MANIFOLD_SOLID_BREP('',#1300);
#1300 = CLOSED_SHELL('',(#1301,#1341,#1381,#1403,#1425,#1437));
#1301 = ADVANCED_FACE('',(#1302),#1336,.F.);
#1302 = FACE_BOUND('',#1303,.F.);
#1303 = EDGE_LOOP('',(#1304,#1314,#1322,#1330));
#1304 = ORIENTED_EDGE('',*,*,#1305,.F.);
#1305 = EDGE_CURVE('',#1306,#1308,#1310,.T.);
#1306 = VERTEX_POINT('',#1307);
#1307 = CARTESIAN_POINT('',(-655.,-20.,860.));
#1308 = VERTEX_POINT('',#1309);
#1309 = CARTESIAN_POINT('',(-655.,-20.,900.));
#1310 = LINE('',#1311,#1312);
#1311 = CARTESIAN_POINT('',(-655.,-20.,860.));
#1312 = VECTOR('',#1313,1.);
#1313 = DIRECTION('',(0.,0.,1.));
#1314 = ORIENTED_EDGE('',*,*,#1315,.T.);
#1315 = EDGE_CURVE('',#1306,#1316,#1318,.T.);
#1316 = VERTEX_POINT('',#1317);
#1317 = CARTESIAN_POINT('',(-655.,20.,860.));
#1318 = LINE('',#1319,#1320);
#1319 = CARTESIAN_POINT('',(-655.,-20.,860.));
#1320 = VECTOR('',#1321,1.);
#1321 = DIRECTION('',(-0.,1.,0.));
#1322 = ORIENTED_EDGE('',*,*,#1323,.T.);
#1323 = EDGE_CURVE('',#1316,#1324,#1326,.T.);
#1324 = VERTEX_POINT('',#1325);
#1325 = CARTESIAN_POINT('',(-655.,20.,900.));
#1326 = LINE('',#1327,#1328);
#1327 = CARTESIAN_POINT('',(-655.,20.,860.));
#1328 = VECTOR('',#1329,1.);
#1329 = DIRECTION('',(0.,0.,1.));
#1330 = ORIENTED_EDGE('',*,*,#1331,.F.);
#1331 = EDGE_CURVE('',#1308,#1324,#1332,.T.);
#1332 = LINE('',#1333,#1334);
#1333 = CARTESIAN_POINT('',(-655.,-20.,900.));
#1334 = VECTOR('',#1335,1.);
#1335 = DIRECTION('',(-0.,1.,0.));
#1336 = PLANE('',#1337);
#1337 = AXIS2_PLACEMENT_3D('',#1338,#1339,#1340);
#1338 = CARTESIAN_POINT('',(-655.,-20.,860.));
#1339 = DIRECTION('',(1.,0.,-0.));
#1340 = DIRECTION('',(0.,0.,1.));
#1341 = ADVANCED_FACE('',(#1342),#1376,.T.);
#1342 = FACE_BOUND('',#1343,.T.);
#1343 = EDGE_LOOP('',(#1344,#1354,#1362,#1370));
#1344 = ORIENTED_EDGE('',*,*,#1345,.F.);
#1345 = EDGE_CURVE('',#1346,#1348,#1350,.T.);
#1346 = VERTEX_POINT('',#1347);
#1347 = CARTESIAN_POINT('',(-565.,-20.,860.));
#1348 = VERTEX_POINT('',#1349);
#1349 = CARTESIAN_POINT('',(-565.,-20.,900.));
#1350 = LINE('',#1351,#1352);
#1351 = CARTESIAN_POINT('',(-565.,-20.,860.));
#1352 = VECTOR('',#1353,1.);
#1353 = DIRECTION('',(0.,0.,1.));
#1354 = ORIENTED_EDGE('',*,*,#1355,.T.);
#1355 = EDGE_CURVE('',#1346,#1356,#1358,.T.);
#1356 = VERTEX_POINT('',#1357);
#1357 = CARTESIAN_POINT('',(-565.,20.,860.));
#1358 = LINE('',#1359,#1360);
#1359 = CARTESIAN_POINT('',(-565.,-20.,860.));
#1360 = VECTOR('',#1361,1.);
#1361 = DIRECTION('',(-0.,1.,0.));
#1362 = ORIENTED_EDGE('',*,*,#1363,.T.);
#1363 = EDGE_CURVE('',#1356,#1364,#1366,.T.);
#1364 = VERTEX_POINT('',#1365);
#1365 = CARTESIAN_POINT('',(-565.,20.,900.));
#1366 = LINE('',#1367,#1368);
#1367 = CARTESIAN_POINT('',(-565.,20.,860.));
#1368 = VECTOR('',#1369,1.);
#1369 = DIRECTION('',(0.,0.,1.));
#1370 = ORIENTED_EDGE('',*,*,#1371,.F.);
#1371 = EDGE_CURVE('',#1348,#1364,#1372,.T.);
#1372 = LINE('',#1373,#1374);
#1373 = CARTESIAN_POINT('',(-565.,-20.,900.));
#1374 = VECTOR('',#1375,1.);
#1375 = DIRECTION('',(-0.,1.,0.));
#1376 = PLANE('',#1377);
#1377 = AXIS2_PLACEMENT_3D('',#1378,#1379,#1380);
#1378 = CARTESIAN_POINT('',(-565.,-20.,860.));
#1379 = DIRECTION('',(1.,0.,-0.));
#1380 = DIRECTION('',(0.,0.,1.));
#1381 = ADVANCED_FACE('',(#1382),#1398,.F.);
#1382 = FACE_BOUND('',#1383,.F.);
#1383 = EDGE_LOOP('',(#1384,#1390,#1391,#1397));
#1384 = ORIENTED_EDGE('',*,*,#1385,.F.);
#1385 = EDGE_CURVE('',#1306,#1346,#1386,.T.);
#1386 = LINE('',#1387,#1388);
#1387 = CARTESIAN_POINT('',(-655.,-20.,860.));
#1388 = VECTOR('',#1389,1.);
#1389 = DIRECTION('',(1.,0.,-0.));
#1390 = ORIENTED_EDGE('',*,*,#1305,.T.);
#1391 = ORIENTED_EDGE('',*,*,#1392,.T.);
#1392 = EDGE_CURVE('',#1308,#1348,#1393,.T.);
#1393 = LINE('',#1394,#1395);
#1394 = CARTESIAN_POINT('',(-655.,-20.,900.));
#1395 = VECTOR('',#1396,1.);
#1396 = DIRECTION('',(1.,0.,-0.));
#1397 = ORIENTED_EDGE('',*,*,#1345,.F.);
#1398 = PLANE('',#1399);
#1399 = AXIS2_PLACEMENT_3D('',#1400,#1401,#1402);
#1400 = CARTESIAN_POINT('',(-655.,-20.,860.));
#1401 = DIRECTION('',(-0.,1.,0.));
#1402 = DIRECTION('',(0.,0.,1.));
#1403 = ADVANCED_FACE('',(#1404),#1420,.T.);
#1404 = FACE_BOUND('',#1405,.T.);
#1405 = EDGE_LOOP('',(#1406,#1412,#1413,#1419));
#1406 = ORIENTED_EDGE('',*,*,#1407,.F.);
#1407 = EDGE_CURVE('',#1316,#1356,#1408,.T.);
#1408 = LINE('',#1409,#1410);
#1409 = CARTESIAN_POINT('',(-655.,20.,860.));
#1410 = VECTOR('',#1411,1.);
#1411 = DIRECTION('',(1.,0.,-0.));
#1412 = ORIENTED_EDGE('',*,*,#1323,.T.);
#1413 = ORIENTED_EDGE('',*,*,#1414,.T.);
#1414 = EDGE_CURVE('',#1324,#1364,#1415,.T.);
#1415 = LINE('',#1416,#1417);
#1416 = CARTESIAN_POINT('',(-655.,20.,900.));
#1417 = VECTOR('',#1418,1.);
#1418 = DIRECTION('',(1.,0.,-0.));
#1419 = ORIENTED_EDGE('',*,*,#1363,.F.);
#1420 = PLANE('',#1421);
#1421 = AXIS2_PLACEMENT_3D('',#1422,#1423,#1424);
#1422 = CARTESIAN_POINT('',(-655.,20.,860.));
#1423 = DIRECTION('',(-0.,1.,0.));
#1424 = DIRECTION('',(0.,0.,1.));
#1425 = ADVANCED_FACE('',(#1426),#1432,.F.);
#1426 = FACE_BOUND('',#1427,.F.);
#1427 = EDGE_LOOP('',(#1428,#1429,#1430,#1431));
#1428 = ORIENTED_EDGE('',*,*,#1315,.F.);
#1429 = ORIENTED_EDGE('',*,*,#1385,.T.);
#1430 = ORIENTED_EDGE('',*,*,#1355,.T.);
#1431 = ORIENTED_EDGE('',*,*,#1407,.F.);
#1432 = PLANE('',#1433);
#1433 = AXIS2_PLACEMENT_3D('',#1434,#1435,#1436);
#1434 = CARTESIAN_POINT('',(-655.,-20.,860.));
#1435 = DIRECTION('',(0.,0.,1.));
#1436 = DIRECTION('',(1.,0.,-0.));
#1437 = ADVANCED_FACE('',(#1438),#1444,.T.);
#1438 = FACE_BOUND('',#1439,.T.);
#1439 = EDGE_LOOP('',(#1440,#1441,#1442,#1443));
#1440 = ORIENTED_EDGE('',*,*,#1331,.F.);
#1441 = ORIENTED_EDGE('',*,*,#1392,.T.);
#1442 = ORIENTED_EDGE('',*,*,#1371,.T.);
#1443 = ORIENTED_EDGE('',*,*,#1414,.F.);
#1444 = PLANE('',#1445);
#1445 = AXIS2_PLACEMENT_3D('',#1446,#1447,#1448);
#1446 = CARTESIAN_POINT('',(-655.,-20.,900.));
#1447 = DIRECTION('',(0.,0.,1.));
#1448 = DIRECTION('',(1.,0.,-0.));
#1449 = ( GEOMETRIC_REPRESENTATION_CONTEXT(3) 
GLOBAL_UNCERTAINTY_ASSIGNED_CONTEXT((#1453)) 
GLOBAL_UNIT_ASSIGNED_CONTEXT((#1450,#1451,#1452)) REPRESENTATION_CONTEXT
('Context #1','3D Context with UNIT and UNCERTAINTY') );
#1450 = ( LENGTH_UNIT() NAMED_UNIT(*) SI_UNIT(.MILLI.,.METRE.) );
#1451 = ( NAMED_UNIT(*) PLANE_ANGLE_UNIT() SI_UNIT($,.RADIAN.) );
#1452 = ( NAMED_UNIT(*) SI_UNIT($,.STERADIAN.) SOLID_ANGLE_UNIT() );
#1453 = UNCERTAINTY_MEASURE_WITH_UNIT(LENGTH_MEASURE(1.E-07),#1450,
  'distance_accuracy_value','confusion accuracy');
#1454 = CONTEXT_DEPENDENT_SHAPE_REPRESENTATION(#1455,#1457);
#1455 = ( REPRESENTATION_RELATIONSHIP('','',#1298,#52) 
REPRESENTATION_RELATIONSHIP_WITH_TRANSFORMATION(#1456) 
SHAPE_REPRESENTATION_RELATIONSHIP() );
#1456 = ITEM_DEFINED_TRANSFORMATION('','',#11,#81);
#1457 = PRODUCT_DEFINITION_SHAPE('Placement','Placement of an item',
  #1458);
#1458 = NEXT_ASSEMBLY_USAGE_OCCURRENCE('8','current_shunt','',#47,#1293,
  $);
#1459 = PRODUCT_RELATED_PRODUCT_CATEGORY('part',$,(#1295));
#1460 = SHAPE_DEFINITION_REPRESENTATION(#1461,#1467);
#1461 = PRODUCT_DEFINITION_SHAPE('','',#1462);
#1462 = PRODUCT_DEFINITION('design','',#1463,#1466);
#1463 = PRODUCT_DEFINITION_FORMATION('','',#1464);
#1464 = PRODUCT('inverter','inverter','',(#1465));
#1465 = PRODUCT_CONTEXT('',#2,'mechanical');
#1466 = PRODUCT_DEFINITION_CONTEXT('part definition',#2,'design');
#1467 = ADVANCED_BREP_SHAPE_REPRESENTATION('',(#11,#1468),#1618);
#1468 = MANIFOLD_SOLID_BREP('',#1469);
#1469 = CLOSED_SHELL('',(#1470,#1510,#1550,#1572,#1594,#1606));
#1470 = ADVANCED_FACE('',(#1471),#1505,.F.);
#1471 = FACE_BOUND('',#1472,.F.);
#1472 = EDGE_LOOP('',(#1473,#1483,#1491,#1499));
#1473 = ORIENTED_EDGE('',*,*,#1474,.F.);
#1474 = EDGE_CURVE('',#1475,#1477,#1479,.T.);
#1475 = VERTEX_POINT('',#1476);
#1476 = CARTESIAN_POINT('',(-550.,90.,845.));
#1477 = VERTEX_POINT('',#1478);
#1478 = CARTESIAN_POINT('',(-550.,90.,955.));
#1479 = LINE('',#1480,#1481);
#1480 = CARTESIAN_POINT('',(-550.,90.,845.));
#1481 = VECTOR('',#1482,1.);
#1482 = DIRECTION('',(0.,0.,1.));
#1483 = ORIENTED_EDGE('',*,*,#1484,.T.);
#1484 = EDGE_CURVE('',#1475,#1485,#1487,.T.);
#1485 = VERTEX_POINT('',#1486);
#1486 = CARTESIAN_POINT('',(-550.,290.,845.));
#1487 = LINE('',#1488,#1489);
#1488 = CARTESIAN_POINT('',(-550.,90.,845.));
#1489 = VECTOR('',#1490,1.);
#1490 = DIRECTION('',(-0.,1.,0.));
#1491 = ORIENTED_EDGE('',*,*,#1492,.T.);
#1492 = EDGE_CURVE('',#1485,#1493,#1495,.T.);
#1493 = VERTEX_POINT('',#1494);
#1494 = CARTESIAN_POINT('',(-550.,290.,955.));
#1495 = LINE('',#1496,#1497);
#1496 = CARTESIAN_POINT('',(-550.,290.,845.));
#1497 = VECTOR('',#1498,1.);
#1498 = DIRECTION('',(0.,0.,1.));
#1499 = ORIENTED_EDGE('',*,*,#1500,.F.);
#1500 = EDGE_CURVE('',#1477,#1493,#1501,.T.);
#1501 = LINE('',#1502,#1503);
#1502 = CARTESIAN_POINT('',(-550.,90.,955.));
#1503 = VECTOR('',#1504,1.);
#1504 = DIRECTION('',(-0.,1.,0.));
#1505 = PLANE('',#1506);
#1506 = AXIS2_PLACEMENT_3D('',#1507,#1508,#1509);
#1507 = CARTESIAN_POINT('',(-550.,90.,845.));
#1508 = DIRECTION('',(1.,0.,-0.));
#1509 = DIRECTION('',(0.,0.,1.));
#1510 = ADVANCED_FACE('',(#1511),#1545,.T.);
#1511 = FACE_BOUND('',#1512,.T.);
#1512 = EDGE_LOOP('',(#1513,#1523,#1531,#1539));
#1513 = ORIENTED_EDGE('',*,*,#1514,.F.);
#1514 = EDGE_CURVE('',#1515,#1517,#1519,.T.);
#1515 = VERTEX_POINT('',#1516);
#1516 = CARTESIAN_POINT('',(-290.,90.,845.));
#1517 = VERTEX_POINT('',#1518);
#1518 = CARTESIAN_POINT('',(-290.,90.,955.));
#1519 = LINE('',#1520,#1521);
#1520 = CARTESIAN_POINT('',(-290.,90.,845.));
#1521 = VECTOR('',#1522,1.);
#1522 = DIRECTION('',(0.,0.,1.));
#1523 = ORIENTED_EDGE('',*,*,#1524,.T.);
#1524 = EDGE_CURVE('',#1515,#1525,#1527,.T.);
#1525 = VERTEX_POINT('',#1526);
#1526 = CARTESIAN_POINT('',(-290.,290.,845.));
#1527 = LINE('',#1528,#1529);
#1528 = CARTESIAN_POINT('',(-290.,90.,845.));
#1529 = VECTOR('',#1530,1.);
#1530 = DIRECTION('',(-0.,1.,0.));
#1531 = ORIENTED_EDGE('',*,*,#1532,.T.);
#1532 = EDGE_CURVE('',#1525,#1533,#1535,.T.);
#1533 = VERTEX_POINT('',#1534);
#1534 = CARTESIAN_POINT('',(-290.,290.,955.));
#1535 = LINE('',#1536,#1537);
#1536 = CARTESIAN_POINT('',(-290.,290.,845.));
#1537 = VECTOR('',#1538,1.);
#1538 = DIRECTION('',(0.,0.,1.));
#1539 = ORIENTED_EDGE('',*,*,#1540,.F.);
#1540 = EDGE_CURVE('',#1517,#1533,#1541,.T.);
#1541 = LINE('',#1542,#1543);
#1542 = CARTESIAN_POINT('',(-290.,90.,955.));
#1543 = VECTOR('',#1544,1.);
#1544 = DIRECTION('',(-0.,1.,0.));
#1545 = PLANE('',#1546);
#1546 = AXIS2_PLACEMENT_3D('',#1547,#1548,#1549);
#1547 = CARTESIAN_POINT('',(-290.,90.,845.));
#1548 = DIRECTION('',(1.,0.,-0.));
#1549 = DIRECTION('',(0.,0.,1.));
#1550 = ADVANCED_FACE('',(#1551),#1567,.F.);
#1551 = FACE_BOUND('',#1552,.F.);
#1552 = EDGE_LOOP('',(#1553,#1559,#1560,#1566));
#1553 = ORIENTED_EDGE('',*,*,#1554,.F.);
#1554 = EDGE_CURVE('',#1475,#1515,#1555,.T.);
#1555 = LINE('',#1556,#1557);
#1556 = CARTESIAN_POINT('',(-550.,90.,845.));
#1557 = VECTOR('',#1558,1.);
#1558 = DIRECTION('',(1.,0.,-0.));
#1559 = ORIENTED_EDGE('',*,*,#1474,.T.);
#1560 = ORIENTED_EDGE('',*,*,#1561,.T.);
#1561 = EDGE_CURVE('',#1477,#1517,#1562,.T.);
#1562 = LINE('',#1563,#1564);
#1563 = CARTESIAN_POINT('',(-550.,90.,955.));
#1564 = VECTOR('',#1565,1.);
#1565 = DIRECTION('',(1.,0.,-0.));
#1566 = ORIENTED_EDGE('',*,*,#1514,.F.);
#1567 = PLANE('',#1568);
#1568 = AXIS2_PLACEMENT_3D('',#1569,#1570,#1571);
#1569 = CARTESIAN_POINT('',(-550.,90.,845.));
#1570 = DIRECTION('',(-0.,1.,0.));
#1571 = DIRECTION('',(0.,0.,1.));
#1572 = ADVANCED_FACE('',(#1573),#1589,.T.);
#1573 = FACE_BOUND('',#1574,.T.);
#1574 = EDGE_LOOP('',(#1575,#1581,#1582,#1588));
#1575 = ORIENTED_EDGE('',*,*,#1576,.F.);
#1576 = EDGE_CURVE('',#1485,#1525,#1577,.T.);
#1577 = LINE('',#1578,#1579);
#1578 = CARTESIAN_POINT('',(-550.,290.,845.));
#1579 = VECTOR('',#1580,1.);
#1580 = DIRECTION('',(1.,0.,-0.));
#1581 = ORIENTED_EDGE('',*,*,#1492,.T.);
#1582 = ORIENTED_EDGE('',*,*,#1583,.T.);
#1583 = EDGE_CURVE('',#1493,#1533,#1584,.T.);
#1584 = LINE('',#1585,#1586);
#1585 = CARTESIAN_POINT('',(-550.,290.,955.));
#1586 = VECTOR('',#1587,1.);
#1587 = DIRECTION('',(1.,0.,-0.));
#1588 = ORIENTED_EDGE('',*,*,#1532,.F.);
#1589 = PLANE('',#1590);
#1590 = AXIS2_PLACEMENT_3D('',#1591,#1592,#1593);
#1591 = CARTESIAN_POINT('',(-550.,290.,845.));
#1592 = DIRECTION('',(-0.,1.,0.));
#1593 = DIRECTION('',(0.,0.,1.));
#1594 = ADVANCED_FACE('',(#1595),#1601,.F.);
#1595 = FACE_BOUND('',#1596,.F.);
#1596 = EDGE_LOOP('',(#1597,#1598,#1599,#1600));
#1597 = ORIENTED_EDGE('',*,*,#1484,.F.);
#1598 = ORIENTED_EDGE('',*,*,#1554,.T.);
#1599 = ORIENTED_EDGE('',*,*,#1524,.T.);
#1600 = ORIENTED_EDGE('',*,*,#1576,.F.);
#1601 = PLANE('',#1602);
#1602 = AXIS2_PLACEMENT_3D('',#1603,#1604,#1605);
#1603 = CARTESIAN_POINT('',(-550.,90.,845.));
#1604 = DIRECTION('',(0.,0.,1.));
#1605 = DIRECTION('',(1.,0.,-0.));
#1606 = ADVANCED_FACE('',(#1607),#1613,.T.);
#1607 = FACE_BOUND('',#1608,.T.);
#1608 = EDGE_LOOP('',(#1609,#1610,#1611,#1612));
#1609 = ORIENTED_EDGE('',*,*,#1500,.F.);
#1610 = ORIENTED_EDGE('',*,*,#1561,.T.);
#1611 = ORIENTED_EDGE('',*,*,#1540,.T.);
#1612 = ORIENTED_EDGE('',*,*,#1583,.F.);
#1613 = PLANE('',#1614);
#1614 = AXIS2_PLACEMENT_3D('',#1615,#1616,#1617);
#1615 = CARTESIAN_POINT('',(-550.,90.,955.));
#1616 = DIRECTION('',(0.,0.,1.));
#1617 = DIRECTION('',(1.,0.,-0.));
#1618 = ( GEOMETRIC_REPRESENTATION_CONTEXT(3) 
GLOBAL_UNCERTAINTY_ASSIGNED_CONTEXT((#1622)) 
GLOBAL_UNIT_ASSIGNED_CONTEXT((#1619,#1620,#1621)) REPRESENTATION_CONTEXT
('Context #1','3D Context with UNIT and UNCERTAINTY') );
#1619 = ( LENGTH_UNIT() NAMED_UNIT(*) SI_UNIT(.MILLI.,.METRE.) );
#1620 = ( NAMED_UNIT(*) PLANE_ANGLE_UNIT() SI_UNIT($,.RADIAN.) );
#1621 = ( NAMED_UNIT(*) SI_UNIT($,.STERADIAN.) SOLID_ANGLE_UNIT() );
#1622 = UNCERTAINTY_MEASURE_WITH_UNIT(LENGTH_MEASURE(1.E-07),#1619,
  'distance_accuracy_value','confusion accuracy');
#1623 = CONTEXT_DEPENDENT_SHAPE_REPRESENTATION(#1624,#1626);
#1624 = ( REPRESENTATION_RELATIONSHIP('','',#1467,#52) 
REPRESENTATION_RELATIONSHIP_WITH_TRANSFORMATION(#1625) 
SHAPE_REPRESENTATION_RELATIONSHIP() );
#1625 = ITEM_DEFINED_TRANSFORMATION('','',#11,#85);
#1626 = PRODUCT_DEFINITION_SHAPE('Placement','Placement of an item',
  #1627);
#1627 = NEXT_ASSEMBLY_USAGE_OCCURRENCE('9','inverter','',#47,#1462,$);
#1628 = PRODUCT_RELATED_PRODUCT_CATEGORY('part',$,(#1464));
#1629 = SHAPE_DEFINITION_REPRESENTATION(#1630,#1636);
#1630 = PRODUCT_DEFINITION_SHAPE('','',#1631);
#1631 = PRODUCT_DEFINITION('design','',#1632,#1635);
#1632 = PRODUCT_DEFINITION_FORMATION('','',#1633);
#1633 = PRODUCT('outboard','outboard','',(#1634));
#1634 = PRODUCT_CONTEXT('',#2,'mechanical');
#1635 = PRODUCT_DEFINITION_CONTEXT('part definition',#2,'design');
#1636 = ADVANCED_BREP_SHAPE_REPRESENTATION('',(#11,#1637),#1787);
#1637 = MANIFOLD_SOLID_BREP('',#1638);
#1638 = CLOSED_SHELL('',(#1639,#1679,#1719,#1741,#1763,#1775));
#1639 = ADVANCED_FACE('',(#1640),#1674,.F.);
#1640 = FACE_BOUND('',#1641,.F.);
#1641 = EDGE_LOOP('',(#1642,#1652,#1660,#1668));
#1642 = ORIENTED_EDGE('',*,*,#1643,.F.);
#1643 = EDGE_CURVE('',#1644,#1646,#1648,.T.);
#1644 = VERTEX_POINT('',#1645);
#1645 = CARTESIAN_POINT('',(-1.52E+03,-150.,535.));
#1646 = VERTEX_POINT('',#1647);
#1647 = CARTESIAN_POINT('',(-1.52E+03,-150.,745.));
#1648 = LINE('',#1649,#1650);
#1649 = CARTESIAN_POINT('',(-1.52E+03,-150.,535.));
#1650 = VECTOR('',#1651,1.);
#1651 = DIRECTION('',(0.,0.,1.));
#1652 = ORIENTED_EDGE('',*,*,#1653,.T.);
#1653 = EDGE_CURVE('',#1644,#1654,#1656,.T.);
#1654 = VERTEX_POINT('',#1655);
#1655 = CARTESIAN_POINT('',(-1.52E+03,150.,535.));
#1656 = LINE('',#1657,#1658);
#1657 = CARTESIAN_POINT('',(-1.52E+03,-150.,535.));
#1658 = VECTOR('',#1659,1.);
#1659 = DIRECTION('',(-0.,1.,0.));
#1660 = ORIENTED_EDGE('',*,*,#1661,.T.);
#1661 = EDGE_CURVE('',#1654,#1662,#1664,.T.);
#1662 = VERTEX_POINT('',#1663);
#1663 = CARTESIAN_POINT('',(-1.52E+03,150.,745.));
#1664 = LINE('',#1665,#1666);
#1665 = CARTESIAN_POINT('',(-1.52E+03,150.,535.));
#1666 = VECTOR('',#1667,1.);
#1667 = DIRECTION('',(0.,0.,1.));
#1668 = ORIENTED_EDGE('',*,*,#1669,.F.);
#1669 = EDGE_CURVE('',#1646,#1662,#1670,.T.);
#1670 = LINE('',#1671,#1672);
#1671 = CARTESIAN_POINT('',(-1.52E+03,-150.,745.));
#1672 = VECTOR('',#1673,1.);
#1673 = DIRECTION('',(-0.,1.,0.));
#1674 = PLANE('',#1675);
#1675 = AXIS2_PLACEMENT_3D('',#1676,#1677,#1678);
#1676 = CARTESIAN_POINT('',(-1.52E+03,-150.,535.));
#1677 = DIRECTION('',(1.,0.,-0.));
#1678 = DIRECTION('',(0.,0.,1.));
#1679 = ADVANCED_FACE('',(#1680),#1714,.T.);
#1680 = FACE_BOUND('',#1681,.T.);
#1681 = EDGE_LOOP('',(#1682,#1692,#1700,#1708));
#1682 = ORIENTED_EDGE('',*,*,#1683,.F.);
#1683 = EDGE_CURVE('',#1684,#1686,#1688,.T.);
#1684 = VERTEX_POINT('',#1685);
#1685 = CARTESIAN_POINT('',(-720.,-150.,535.));
#1686 = VERTEX_POINT('',#1687);
#1687 = CARTESIAN_POINT('',(-720.,-150.,745.));
#1688 = LINE('',#1689,#1690);
#1689 = CARTESIAN_POINT('',(-720.,-150.,535.));
#1690 = VECTOR('',#1691,1.);
#1691 = DIRECTION('',(0.,0.,1.));
#1692 = ORIENTED_EDGE('',*,*,#1693,.T.);
#1693 = EDGE_CURVE('',#1684,#1694,#1696,.T.);
#1694 = VERTEX_POINT('',#1695);
#1695 = CARTESIAN_POINT('',(-720.,150.,535.));
#1696 = LINE('',#1697,#1698);
#1697 = CARTESIAN_POINT('',(-720.,-150.,535.));
#1698 = VECTOR('',#1699,1.);
#1699 = DIRECTION('',(-0.,1.,0.));
#1700 = ORIENTED_EDGE('',*,*,#1701,.T.);
#1701 = EDGE_CURVE('',#1694,#1702,#1704,.T.);
#1702 = VERTEX_POINT('',#1703);
#1703 = CARTESIAN_POINT('',(-720.,150.,745.));
#1704 = LINE('',#1705,#1706);
#1705 = CARTESIAN_POINT('',(-720.,150.,535.));
#1706 = VECTOR('',#1707,1.);
#1707 = DIRECTION('',(0.,0.,1.));
#1708 = ORIENTED_EDGE('',*,*,#1709,.F.);
#1709 = EDGE_CURVE('',#1686,#1702,#1710,.T.);
#1710 = LINE('',#1711,#1712);
#1711 = CARTESIAN_POINT('',(-720.,-150.,745.));
#1712 = VECTOR('',#1713,1.);
#1713 = DIRECTION('',(-0.,1.,0.));
#1714 = PLANE('',#1715);
#1715 = AXIS2_PLACEMENT_3D('',#1716,#1717,#1718);
#1716 = CARTESIAN_POINT('',(-720.,-150.,535.));
#1717 = DIRECTION('',(1.,0.,-0.));
#1718 = DIRECTION('',(0.,0.,1.));
#1719 = ADVANCED_FACE('',(#1720),#1736,.F.);
#1720 = FACE_BOUND('',#1721,.F.);
#1721 = EDGE_LOOP('',(#1722,#1728,#1729,#1735));
#1722 = ORIENTED_EDGE('',*,*,#1723,.F.);
#1723 = EDGE_CURVE('',#1644,#1684,#1724,.T.);
#1724 = LINE('',#1725,#1726);
#1725 = CARTESIAN_POINT('',(-1.52E+03,-150.,535.));
#1726 = VECTOR('',#1727,1.);
#1727 = DIRECTION('',(1.,0.,-0.));
#1728 = ORIENTED_EDGE('',*,*,#1643,.T.);
#1729 = ORIENTED_EDGE('',*,*,#1730,.T.);
#1730 = EDGE_CURVE('',#1646,#1686,#1731,.T.);
#1731 = LINE('',#1732,#1733);
#1732 = CARTESIAN_POINT('',(-1.52E+03,-150.,745.));
#1733 = VECTOR('',#1734,1.);
#1734 = DIRECTION('',(1.,0.,-0.));
#1735 = ORIENTED_EDGE('',*,*,#1683,.F.);
#1736 = PLANE('',#1737);
#1737 = AXIS2_PLACEMENT_3D('',#1738,#1739,#1740);
#1738 = CARTESIAN_POINT('',(-1.52E+03,-150.,535.));
#1739 = DIRECTION('',(-0.,1.,0.));
#1740 = DIRECTION('',(0.,0.,1.));
#1741 = ADVANCED_FACE('',(#1742),#1758,.T.);
#1742 = FACE_BOUND('',#1743,.T.);
#1743 = EDGE_LOOP('',(#1744,#1750,#1751,#1757));
#1744 = ORIENTED_EDGE('',*,*,#1745,.F.);
#1745 = EDGE_CURVE('',#1654,#1694,#1746,.T.);
#1746 = LINE('',#1747,#1748);
#1747 = CARTESIAN_POINT('',(-1.52E+03,150.,535.));
#1748 = VECTOR('',#1749,1.);
#1749 = DIRECTION('',(1.,0.,-0.));
#1750 = ORIENTED_EDGE('',*,*,#1661,.T.);
#1751 = ORIENTED_EDGE('',*,*,#1752,.T.);
#1752 = EDGE_CURVE('',#1662,#1702,#1753,.T.);
#1753 = LINE('',#1754,#1755);
#1754 = CARTESIAN_POINT('',(-1.52E+03,150.,745.));
#1755 = VECTOR('',#1756,1.);
#1756 = DIRECTION('',(1.,0.,-0.));
#1757 = ORIENTED_EDGE('',*,*,#1701,.F.);
#1758 = PLANE('',#1759);
#1759 = AXIS2_PLACEMENT_3D('',#1760,#1761,#1762);
#1760 = CARTESIAN_POINT('',(-1.52E+03,150.,535.));
#1761 = DIRECTION('',(-0.,1.,0.));
#1762 = DIRECTION('',(0.,0.,1.));
#1763 = ADVANCED_FACE('',(#1764),#1770,.F.);
#1764 = FACE_BOUND('',#1765,.F.);
#1765 = EDGE_LOOP('',(#1766,#1767,#1768,#1769));
#1766 = ORIENTED_EDGE('',*,*,#1653,.F.);
#1767 = ORIENTED_EDGE('',*,*,#1723,.T.);
#1768 = ORIENTED_EDGE('',*,*,#1693,.T.);
#1769 = ORIENTED_EDGE('',*,*,#1745,.F.);
#1770 = PLANE('',#1771);
#1771 = AXIS2_PLACEMENT_3D('',#1772,#1773,#1774);
#1772 = CARTESIAN_POINT('',(-1.52E+03,-150.,535.));
#1773 = DIRECTION('',(0.,0.,1.));
#1774 = DIRECTION('',(1.,0.,-0.));
#1775 = ADVANCED_FACE('',(#1776),#1782,.T.);
#1776 = FACE_BOUND('',#1777,.T.);
#1777 = EDGE_LOOP('',(#1778,#1779,#1780,#1781));
#1778 = ORIENTED_EDGE('',*,*,#1669,.F.);
#1779 = ORIENTED_EDGE('',*,*,#1730,.T.);
#1780 = ORIENTED_EDGE('',*,*,#1709,.T.);
#1781 = ORIENTED_EDGE('',*,*,#1752,.F.);
#1782 = PLANE('',#1783);
#1783 = AXIS2_PLACEMENT_3D('',#1784,#1785,#1786);
#1784 = CARTESIAN_POINT('',(-1.52E+03,-150.,745.));
#1785 = DIRECTION('',(0.,0.,1.));
#1786 = DIRECTION('',(1.,0.,-0.));
#1787 = ( GEOMETRIC_REPRESENTATION_CONTEXT(3) 
GLOBAL_UNCERTAINTY_ASSIGNED_CONTEXT((#1791)) 
GLOBAL_UNIT_ASSIGNED_CONTEXT((#1788,#1789,#1790)) REPRESENTATION_CONTEXT
('Context #1','3D Context with UNIT and UNCERTAINTY') );
#1788 = ( LENGTH_UNIT() NAMED_UNIT(*) SI_UNIT(.MILLI.,.METRE.) );
#1789 = ( NAMED_UNIT(*) PLANE_ANGLE_UNIT() SI_UNIT($,.RADIAN.) );
#1790 = ( NAMED_UNIT(*) SI_UNIT($,.STERADIAN.) SOLID_ANGLE_UNIT() );
#1791 = UNCERTAINTY_MEASURE_WITH_UNIT(LENGTH_MEASURE(1.E-07),#1788,
  'distance_accuracy_value','confusion accuracy');
#1792 = CONTEXT_DEPENDENT_SHAPE_REPRESENTATION(#1793,#1795);
#1793 = ( REPRESENTATION_RELATIONSHIP('','',#1636,#52) 
REPRESENTATION_RELATIONSHIP_WITH_TRANSFORMATION(#1794) 
SHAPE_REPRESENTATION_RELATIONSHIP() );
#1794 = ITEM_DEFINED_TRANSFORMATION('','',#11,#89);
#1795 = PRODUCT_DEFINITION_SHAPE('Placement','Placement of an item',
  #1796);
#1796 = NEXT_ASSEMBLY_USAGE_OCCURRENCE('10','outboard','',#47,#1631,$);
#1797 = PRODUCT_RELATED_PRODUCT_CATEGORY('part',$,(#1633));
#1798 = SHAPE_DEFINITION_REPRESENTATION(#1799,#1805);
#1799 = PRODUCT_DEFINITION_SHAPE('','',#1800);
#1800 = PRODUCT_DEFINITION('design','',#1801,#1804);
#1801 = PRODUCT_DEFINITION_FORMATION('','',#1802);
#1802 = PRODUCT('drive_leg','drive_leg','',(#1803));
#1803 = PRODUCT_CONTEXT('',#2,'mechanical');
#1804 = PRODUCT_DEFINITION_CONTEXT('part definition',#2,'design');
#1805 = ADVANCED_BREP_SHAPE_REPRESENTATION('',(#11,#1806),#1956);
#1806 = MANIFOLD_SOLID_BREP('',#1807);
#1807 = CLOSED_SHELL('',(#1808,#1848,#1888,#1910,#1932,#1944));
#1808 = ADVANCED_FACE('',(#1809),#1843,.F.);
#1809 = FACE_BOUND('',#1810,.F.);
#1810 = EDGE_LOOP('',(#1811,#1821,#1829,#1837));
#1811 = ORIENTED_EDGE('',*,*,#1812,.F.);
#1812 = EDGE_CURVE('',#1813,#1815,#1817,.T.);
#1813 = VERTEX_POINT('',#1814);
#1814 = CARTESIAN_POINT('',(-1.18E+03,-45.,35.));
#1815 = VERTEX_POINT('',#1816);
#1816 = CARTESIAN_POINT('',(-1.18E+03,-45.,535.));
#1817 = LINE('',#1818,#1819);
#1818 = CARTESIAN_POINT('',(-1.18E+03,-45.,35.));
#1819 = VECTOR('',#1820,1.);
#1820 = DIRECTION('',(0.,0.,1.));
#1821 = ORIENTED_EDGE('',*,*,#1822,.T.);
#1822 = EDGE_CURVE('',#1813,#1823,#1825,.T.);
#1823 = VERTEX_POINT('',#1824);
#1824 = CARTESIAN_POINT('',(-1.18E+03,45.,35.));
#1825 = LINE('',#1826,#1827);
#1826 = CARTESIAN_POINT('',(-1.18E+03,-45.,35.));
#1827 = VECTOR('',#1828,1.);
#1828 = DIRECTION('',(-0.,1.,0.));
#1829 = ORIENTED_EDGE('',*,*,#1830,.T.);
#1830 = EDGE_CURVE('',#1823,#1831,#1833,.T.);
#1831 = VERTEX_POINT('',#1832);
#1832 = CARTESIAN_POINT('',(-1.18E+03,45.,535.));
#1833 = LINE('',#1834,#1835);
#1834 = CARTESIAN_POINT('',(-1.18E+03,45.,35.));
#1835 = VECTOR('',#1836,1.);
#1836 = DIRECTION('',(0.,0.,1.));
#1837 = ORIENTED_EDGE('',*,*,#1838,.F.);
#1838 = EDGE_CURVE('',#1815,#1831,#1839,.T.);
#1839 = LINE('',#1840,#1841);
#1840 = CARTESIAN_POINT('',(-1.18E+03,-45.,535.));
#1841 = VECTOR('',#1842,1.);
#1842 = DIRECTION('',(-0.,1.,0.));
#1843 = PLANE('',#1844);
#1844 = AXIS2_PLACEMENT_3D('',#1845,#1846,#1847);
#1845 = CARTESIAN_POINT('',(-1.18E+03,-45.,35.));
#1846 = DIRECTION('',(1.,0.,-0.));
#1847 = DIRECTION('',(0.,0.,1.));
#1848 = ADVANCED_FACE('',(#1849),#1883,.T.);
#1849 = FACE_BOUND('',#1850,.T.);
#1850 = EDGE_LOOP('',(#1851,#1861,#1869,#1877));
#1851 = ORIENTED_EDGE('',*,*,#1852,.F.);
#1852 = EDGE_CURVE('',#1853,#1855,#1857,.T.);
#1853 = VERTEX_POINT('',#1854);
#1854 = CARTESIAN_POINT('',(-1.06E+03,-45.,35.));
#1855 = VERTEX_POINT('',#1856);
#1856 = CARTESIAN_POINT('',(-1.06E+03,-45.,535.));
#1857 = LINE('',#1858,#1859);
#1858 = CARTESIAN_POINT('',(-1.06E+03,-45.,35.));
#1859 = VECTOR('',#1860,1.);
#1860 = DIRECTION('',(0.,0.,1.));
#1861 = ORIENTED_EDGE('',*,*,#1862,.T.);
#1862 = EDGE_CURVE('',#1853,#1863,#1865,.T.);
#1863 = VERTEX_POINT('',#1864);
#1864 = CARTESIAN_POINT('',(-1.06E+03,45.,35.));
#1865 = LINE('',#1866,#1867);
#1866 = CARTESIAN_POINT('',(-1.06E+03,-45.,35.));
#1867 = VECTOR('',#1868,1.);
#1868 = DIRECTION('',(-0.,1.,0.));
#1869 = ORIENTED_EDGE('',*,*,#1870,.T.);
#1870 = EDGE_CURVE('',#1863,#1871,#1873,.T.);
#1871 = VERTEX_POINT('',#1872);
#1872 = CARTESIAN_POINT('',(-1.06E+03,45.,535.));
#1873 = LINE('',#1874,#1875);
#1874 = CARTESIAN_POINT('',(-1.06E+03,45.,35.));
#1875 = VECTOR('',#1876,1.);
#1876 = DIRECTION('',(0.,0.,1.));
#1877 = ORIENTED_EDGE('',*,*,#1878,.F.);
#1878 = EDGE_CURVE('',#1855,#1871,#1879,.T.);
#1879 = LINE('',#1880,#1881);
#1880 = CARTESIAN_POINT('',(-1.06E+03,-45.,535.));
#1881 = VECTOR('',#1882,1.);
#1882 = DIRECTION('',(-0.,1.,0.));
#1883 = PLANE('',#1884);
#1884 = AXIS2_PLACEMENT_3D('',#1885,#1886,#1887);
#1885 = CARTESIAN_POINT('',(-1.06E+03,-45.,35.));
#1886 = DIRECTION('',(1.,0.,-0.));
#1887 = DIRECTION('',(0.,0.,1.));
#1888 = ADVANCED_FACE('',(#1889),#1905,.F.);
#1889 = FACE_BOUND('',#1890,.F.);
#1890 = EDGE_LOOP('',(#1891,#1897,#1898,#1904));
#1891 = ORIENTED_EDGE('',*,*,#1892,.F.);
#1892 = EDGE_CURVE('',#1813,#1853,#1893,.T.);
#1893 = LINE('',#1894,#1895);
#1894 = CARTESIAN_POINT('',(-1.18E+03,-45.,35.));
#1895 = VECTOR('',#1896,1.);
#1896 = DIRECTION('',(1.,0.,-0.));
#1897 = ORIENTED_EDGE('',*,*,#1812,.T.);
#1898 = ORIENTED_EDGE('',*,*,#1899,.T.);
#1899 = EDGE_CURVE('',#1815,#1855,#1900,.T.);
#1900 = LINE('',#1901,#1902);
#1901 = CARTESIAN_POINT('',(-1.18E+03,-45.,535.));
#1902 = VECTOR('',#1903,1.);
#1903 = DIRECTION('',(1.,0.,-0.));
#1904 = ORIENTED_EDGE('',*,*,#1852,.F.);
#1905 = PLANE('',#1906);
#1906 = AXIS2_PLACEMENT_3D('',#1907,#1908,#1909);
#1907 = CARTESIAN_POINT('',(-1.18E+03,-45.,35.));
#1908 = DIRECTION('',(-0.,1.,0.));
#1909 = DIRECTION('',(0.,0.,1.));
#1910 = ADVANCED_FACE('',(#1911),#1927,.T.);
#1911 = FACE_BOUND('',#1912,.T.);
#1912 = EDGE_LOOP('',(#1913,#1919,#1920,#1926));
#1913 = ORIENTED_EDGE('',*,*,#1914,.F.);
#1914 = EDGE_CURVE('',#1823,#1863,#1915,.T.);
#1915 = LINE('',#1916,#1917);
#1916 = CARTESIAN_POINT('',(-1.18E+03,45.,35.));
#1917 = VECTOR('',#1918,1.);
#1918 = DIRECTION('',(1.,0.,-0.));
#1919 = ORIENTED_EDGE('',*,*,#1830,.T.);
#1920 = ORIENTED_EDGE('',*,*,#1921,.T.);
#1921 = EDGE_CURVE('',#1831,#1871,#1922,.T.);
#1922 = LINE('',#1923,#1924);
#1923 = CARTESIAN_POINT('',(-1.18E+03,45.,535.));
#1924 = VECTOR('',#1925,1.);
#1925 = DIRECTION('',(1.,0.,-0.));
#1926 = ORIENTED_EDGE('',*,*,#1870,.F.);
#1927 = PLANE('',#1928);
#1928 = AXIS2_PLACEMENT_3D('',#1929,#1930,#1931);
#1929 = CARTESIAN_POINT('',(-1.18E+03,45.,35.));
#1930 = DIRECTION('',(-0.,1.,0.));
#1931 = DIRECTION('',(0.,0.,1.));
#1932 = ADVANCED_FACE('',(#1933),#1939,.F.);
#1933 = FACE_BOUND('',#1934,.F.);
#1934 = EDGE_LOOP('',(#1935,#1936,#1937,#1938));
#1935 = ORIENTED_EDGE('',*,*,#1822,.F.);
#1936 = ORIENTED_EDGE('',*,*,#1892,.T.);
#1937 = ORIENTED_EDGE('',*,*,#1862,.T.);
#1938 = ORIENTED_EDGE('',*,*,#1914,.F.);
#1939 = PLANE('',#1940);
#1940 = AXIS2_PLACEMENT_3D('',#1941,#1942,#1943);
#1941 = CARTESIAN_POINT('',(-1.18E+03,-45.,35.));
#1942 = DIRECTION('',(0.,0.,1.));
#1943 = DIRECTION('',(1.,0.,-0.));
#1944 = ADVANCED_FACE('',(#1945),#1951,.T.);
#1945 = FACE_BOUND('',#1946,.T.);
#1946 = EDGE_LOOP('',(#1947,#1948,#1949,#1950));
#1947 = ORIENTED_EDGE('',*,*,#1838,.F.);
#1948 = ORIENTED_EDGE('',*,*,#1899,.T.);
#1949 = ORIENTED_EDGE('',*,*,#1878,.T.);
#1950 = ORIENTED_EDGE('',*,*,#1921,.F.);
#1951 = PLANE('',#1952);
#1952 = AXIS2_PLACEMENT_3D('',#1953,#1954,#1955);
#1953 = CARTESIAN_POINT('',(-1.18E+03,-45.,535.));
#1954 = DIRECTION('',(0.,0.,1.));
#1955 = DIRECTION('',(1.,0.,-0.));
#1956 = ( GEOMETRIC_REPRESENTATION_CONTEXT(3) 
GLOBAL_UNCERTAINTY_ASSIGNED_CONTEXT((#1960)) 
GLOBAL_UNIT_ASSIGNED_CONTEXT((#1957,#1958,#1959)) REPRESENTATION_CONTEXT
('Context #1','3D Context with UNIT and UNCERTAINTY') );
#1957 = ( LENGTH_UNIT() NAMED_UNIT(*) SI_UNIT(.MILLI.,.METRE.) );
#1958 = ( NAMED_UNIT(*) PLANE_ANGLE_UNIT() SI_UNIT($,.RADIAN.) );
#1959 = ( NAMED_UNIT(*) SI_UNIT($,.STERADIAN.) SOLID_ANGLE_UNIT() );
#1960 = UNCERTAINTY_MEASURE_WITH_UNIT(LENGTH_MEASURE(1.E-07),#1957,
  'distance_accuracy_value','confusion accuracy');
#1961 = CONTEXT_DEPENDENT_SHAPE_REPRESENTATION(#1962,#1964);
#1962 = ( REPRESENTATION_RELATIONSHIP('','',#1805,#52) 
REPRESENTATION_RELATIONSHIP_WITH_TRANSFORMATION(#1963) 
SHAPE_REPRESENTATION_RELATIONSHIP() );
#1963 = ITEM_DEFINED_TRANSFORMATION('','',#11,#93);
#1964 = PRODUCT_DEFINITION_SHAPE('Placement','Placement of an item',
  #1965);
#1965 = NEXT_ASSEMBLY_USAGE_OCCURRENCE('11','drive_leg','',#47,#1800,$);
#1966 = PRODUCT_RELATED_PRODUCT_CATEGORY('part',$,(#1802));
#1967 = SHAPE_DEFINITION_REPRESENTATION(#1968,#1974);
#1968 = PRODUCT_DEFINITION_SHAPE('','',#1969);
#1969 = PRODUCT_DEFINITION('design','',#1970,#1973);
#1970 = PRODUCT_DEFINITION_FORMATION('','',#1971);
#1971 = PRODUCT('Powertrain Lv','Powertrain Lv','',(#1972));
#1972 = PRODUCT_CONTEXT('',#2,'mechanical');
#1973 = PRODUCT_DEFINITION_CONTEXT('part definition',#2,'design');
#1974 = SHAPE_REPRESENTATION('',(#11,#1975,#1979,#1983,#1987),#1991);
#1975 = AXIS2_PLACEMENT_3D('',#1976,#1977,#1978);
#1976 = CARTESIAN_POINT('',(0.,0.,0.));
#1977 = DIRECTION('',(0.,0.,1.));
#1978 = DIRECTION('',(1.,0.,0.));
#1979 = AXIS2_PLACEMENT_3D('',#1980,#1981,#1982);
#1980 = CARTESIAN_POINT('',(0.,0.,0.));
#1981 = DIRECTION('',(0.,0.,1.));
#1982 = DIRECTION('',(1.,0.,0.));
#1983 = AXIS2_PLACEMENT_3D('',#1984,#1985,#1986);
#1984 = CARTESIAN_POINT('',(0.,0.,0.));
#1985 = DIRECTION('',(0.,0.,1.));
#1986 = DIRECTION('',(1.,0.,0.));
#1987 = AXIS2_PLACEMENT_3D('',#1988,#1989,#1990);
#1988 = CARTESIAN_POINT('',(0.,0.,0.));
#1989 = DIRECTION('',(0.,0.,1.));
#1990 = DIRECTION('',(1.,0.,0.));
#1991 = ( GEOMETRIC_REPRESENTATION_CONTEXT(3) 
GLOBAL_UNCERTAINTY_ASSIGNED_CONTEXT((#1995)) 
GLOBAL_UNIT_ASSIGNED_CONTEXT((#1992,#1993,#1994)) REPRESENTATION_CONTEXT
('Context #1','3D Context with UNIT and UNCERTAINTY') );
#1992 = ( LENGTH_UNIT() NAMED_UNIT(*) SI_UNIT(.MILLI.,.METRE.) );
#1993 = ( NAMED_UNIT(*) PLANE_ANGLE_UNIT() SI_UNIT($,.RADIAN.) );
#1994 = ( NAMED_UNIT(*) SI_UNIT($,.STERADIAN.) SOLID_ANGLE_UNIT() );
#1995 = UNCERTAINTY_MEASURE_WITH_UNIT(LENGTH_MEASURE(1.E-07),#1992,
  'distance_accuracy_value','confusion accuracy');
#1996 = CONTEXT_DEPENDENT_SHAPE_REPRESENTATION(#1997,#1999);
#1997 = ( REPRESENTATION_RELATIONSHIP('','',#1974,#10) 
REPRESENTATION_RELATIONSHIP_WITH_TRANSFORMATION(#1998) 
SHAPE_REPRESENTATION_RELATIONSHIP() );
#1998 = ITEM_DEFINED_TRANSFORMATION('','',#11,#19);
#1999 = PRODUCT_DEFINITION_SHAPE('Placement','Placement of an item',
  #2000);
#2000 = NEXT_ASSEMBLY_USAGE_OCCURRENCE('17','Powertrain Lv','',#5,#1969,
  $);
#2001 = PRODUCT_RELATED_PRODUCT_CATEGORY('part',$,(#1971));
#2002 = SHAPE_DEFINITION_REPRESENTATION(#2003,#2009);
#2003 = PRODUCT_DEFINITION_SHAPE('','',#2004);
#2004 = PRODUCT_DEFINITION('design','',#2005,#2008);
#2005 = PRODUCT_DEFINITION_FORMATION('','',#2006);
#2006 = PRODUCT('dcdc','dcdc','',(#2007));
#2007 = PRODUCT_CONTEXT('',#2,'mechanical');
#2008 = PRODUCT_DEFINITION_CONTEXT('part definition',#2,'design');
#2009 = ADVANCED_BREP_SHAPE_REPRESENTATION('',(#11,#2010),#2160);
#2010 = MANIFOLD_SOLID_BREP('',#2011);
#2011 = CLOSED_SHELL('',(#2012,#2052,#2092,#2114,#2136,#2148));
#2012 = ADVANCED_FACE('',(#2013),#2047,.F.);
#2013 = FACE_BOUND('',#2014,.F.);
#2014 = EDGE_LOOP('',(#2015,#2025,#2033,#2041));
#2015 = ORIENTED_EDGE('',*,*,#2016,.F.);
#2016 = EDGE_CURVE('',#2017,#2019,#2021,.T.);
#2017 = VERTEX_POINT('',#2018);
#2018 = CARTESIAN_POINT('',(-220.,-255.,845.));
#2019 = VERTEX_POINT('',#2020);
#2020 = CARTESIAN_POINT('',(-220.,-255.,915.));
#2021 = LINE('',#2022,#2023);
#2022 = CARTESIAN_POINT('',(-220.,-255.,845.));
#2023 = VECTOR('',#2024,1.);
#2024 = DIRECTION('',(0.,0.,1.));
#2025 = ORIENTED_EDGE('',*,*,#2026,.T.);
#2026 = EDGE_CURVE('',#2017,#2027,#2029,.T.);
#2027 = VERTEX_POINT('',#2028);
#2028 = CARTESIAN_POINT('',(-220.,-105.,845.));
#2029 = LINE('',#2030,#2031);
#2030 = CARTESIAN_POINT('',(-220.,-255.,845.));
#2031 = VECTOR('',#2032,1.);
#2032 = DIRECTION('',(-0.,1.,0.));
#2033 = ORIENTED_EDGE('',*,*,#2034,.T.);
#2034 = EDGE_CURVE('',#2027,#2035,#2037,.T.);
#2035 = VERTEX_POINT('',#2036);
#2036 = CARTESIAN_POINT('',(-220.,-105.,915.));
#2037 = LINE('',#2038,#2039);
#2038 = CARTESIAN_POINT('',(-220.,-105.,845.));
#2039 = VECTOR('',#2040,1.);
#2040 = DIRECTION('',(0.,0.,1.));
#2041 = ORIENTED_EDGE('',*,*,#2042,.F.);
#2042 = EDGE_CURVE('',#2019,#2035,#2043,.T.);
#2043 = LINE('',#2044,#2045);
#2044 = CARTESIAN_POINT('',(-220.,-255.,915.));
#2045 = VECTOR('',#2046,1.);
#2046 = DIRECTION('',(-0.,1.,0.));
#2047 = PLANE('',#2048);
#2048 = AXIS2_PLACEMENT_3D('',#2049,#2050,#2051);
#2049 = CARTESIAN_POINT('',(-220.,-255.,845.));
#2050 = DIRECTION('',(1.,0.,-0.));
#2051 = DIRECTION('',(0.,0.,1.));
#2052 = ADVANCED_FACE('',(#2053),#2087,.T.);
#2053 = FACE_BOUND('',#2054,.T.);
#2054 = EDGE_LOOP('',(#2055,#2065,#2073,#2081));
#2055 = ORIENTED_EDGE('',*,*,#2056,.F.);
#2056 = EDGE_CURVE('',#2057,#2059,#2061,.T.);
#2057 = VERTEX_POINT('',#2058);
#2058 = CARTESIAN_POINT('',(-20.,-255.,845.));
#2059 = VERTEX_POINT('',#2060);
#2060 = CARTESIAN_POINT('',(-20.,-255.,915.));
#2061 = LINE('',#2062,#2063);
#2062 = CARTESIAN_POINT('',(-20.,-255.,845.));
#2063 = VECTOR('',#2064,1.);
#2064 = DIRECTION('',(0.,0.,1.));
#2065 = ORIENTED_EDGE('',*,*,#2066,.T.);
#2066 = EDGE_CURVE('',#2057,#2067,#2069,.T.);
#2067 = VERTEX_POINT('',#2068);
#2068 = CARTESIAN_POINT('',(-20.,-105.,845.));
#2069 = LINE('',#2070,#2071);
#2070 = CARTESIAN_POINT('',(-20.,-255.,845.));
#2071 = VECTOR('',#2072,1.);
#2072 = DIRECTION('',(-0.,1.,0.));
#2073 = ORIENTED_EDGE('',*,*,#2074,.T.);
#2074 = EDGE_CURVE('',#2067,#2075,#2077,.T.);
#2075 = VERTEX_POINT('',#2076);
#2076 = CARTESIAN_POINT('',(-20.,-105.,915.));
#2077 = LINE('',#2078,#2079);
#2078 = CARTESIAN_POINT('',(-20.,-105.,845.));
#2079 = VECTOR('',#2080,1.);
#2080 = DIRECTION('',(0.,0.,1.));
#2081 = ORIENTED_EDGE('',*,*,#2082,.F.);
#2082 = EDGE_CURVE('',#2059,#2075,#2083,.T.);
#2083 = LINE('',#2084,#2085);
#2084 = CARTESIAN_POINT('',(-20.,-255.,915.));
#2085 = VECTOR('',#2086,1.);
#2086 = DIRECTION('',(-0.,1.,0.));
#2087 = PLANE('',#2088);
#2088 = AXIS2_PLACEMENT_3D('',#2089,#2090,#2091);
#2089 = CARTESIAN_POINT('',(-20.,-255.,845.));
#2090 = DIRECTION('',(1.,0.,-0.));
#2091 = DIRECTION('',(0.,0.,1.));
#2092 = ADVANCED_FACE('',(#2093),#2109,.F.);
#2093 = FACE_BOUND('',#2094,.F.);
#2094 = EDGE_LOOP('',(#2095,#2101,#2102,#2108));
#2095 = ORIENTED_EDGE('',*,*,#2096,.F.);
#2096 = EDGE_CURVE('',#2017,#2057,#2097,.T.);
#2097 = LINE('',#2098,#2099);
#2098 = CARTESIAN_POINT('',(-220.,-255.,845.));
#2099 = VECTOR('',#2100,1.);
#2100 = DIRECTION('',(1.,0.,-0.));
#2101 = ORIENTED_EDGE('',*,*,#2016,.T.);
#2102 = ORIENTED_EDGE('',*,*,#2103,.T.);
#2103 = EDGE_CURVE('',#2019,#2059,#2104,.T.);
#2104 = LINE('',#2105,#2106);
#2105 = CARTESIAN_POINT('',(-220.,-255.,915.));
#2106 = VECTOR('',#2107,1.);
#2107 = DIRECTION('',(1.,0.,-0.));
#2108 = ORIENTED_EDGE('',*,*,#2056,.F.);
#2109 = PLANE('',#2110);
#2110 = AXIS2_PLACEMENT_3D('',#2111,#2112,#2113);
#2111 = CARTESIAN_POINT('',(-220.,-255.,845.));
#2112 = DIRECTION('',(-0.,1.,0.));
#2113 = DIRECTION('',(0.,0.,1.));
#2114 = ADVANCED_FACE('',(#2115),#2131,.T.);
#2115 = FACE_BOUND('',#2116,.T.);
#2116 = EDGE_LOOP('',(#2117,#2123,#2124,#2130));
#2117 = ORIENTED_EDGE('',*,*,#2118,.F.);
#2118 = EDGE_CURVE('',#2027,#2067,#2119,.T.);
#2119 = LINE('',#2120,#2121);
#2120 = CARTESIAN_POINT('',(-220.,-105.,845.));
#2121 = VECTOR('',#2122,1.);
#2122 = DIRECTION('',(1.,0.,-0.));
#2123 = ORIENTED_EDGE('',*,*,#2034,.T.);
#2124 = ORIENTED_EDGE('',*,*,#2125,.T.);
#2125 = EDGE_CURVE('',#2035,#2075,#2126,.T.);
#2126 = LINE('',#2127,#2128);
#2127 = CARTESIAN_POINT('',(-220.,-105.,915.));
#2128 = VECTOR('',#2129,1.);
#2129 = DIRECTION('',(1.,0.,-0.));
#2130 = ORIENTED_EDGE('',*,*,#2074,.F.);
#2131 = PLANE('',#2132);
#2132 = AXIS2_PLACEMENT_3D('',#2133,#2134,#2135);
#2133 = CARTESIAN_POINT('',(-220.,-105.,845.));
#2134 = DIRECTION('',(-0.,1.,0.));
#2135 = DIRECTION('',(0.,0.,1.));
#2136 = ADVANCED_FACE('',(#2137),#2143,.F.);
#2137 = FACE_BOUND('',#2138,.F.);
#2138 = EDGE_LOOP('',(#2139,#2140,#2141,#2142));
#2139 = ORIENTED_EDGE('',*,*,#2026,.F.);
#2140 = ORIENTED_EDGE('',*,*,#2096,.T.);
#2141 = ORIENTED_EDGE('',*,*,#2066,.T.);
#2142 = ORIENTED_EDGE('',*,*,#2118,.F.);
#2143 = PLANE('',#2144);
#2144 = AXIS2_PLACEMENT_3D('',#2145,#2146,#2147);
#2145 = CARTESIAN_POINT('',(-220.,-255.,845.));
#2146 = DIRECTION('',(0.,0.,1.));
#2147 = DIRECTION('',(1.,0.,-0.));
#2148 = ADVANCED_FACE('',(#2149),#2155,.T.);
#2149 = FACE_BOUND('',#2150,.T.);
#2150 = EDGE_LOOP('',(#2151,#2152,#2153,#2154));
#2151 = ORIENTED_EDGE('',*,*,#2042,.F.);
#2152 = ORIENTED_EDGE('',*,*,#2103,.T.);
#2153 = ORIENTED_EDGE('',*,*,#2082,.T.);
#2154 = ORIENTED_EDGE('',*,*,#2125,.F.);
#2155 = PLANE('',#2156);
#2156 = AXIS2_PLACEMENT_3D('',#2157,#2158,#2159);
#2157 = CARTESIAN_POINT('',(-220.,-255.,915.));
#2158 = DIRECTION('',(0.,0.,1.));
#2159 = DIRECTION('',(1.,0.,-0.));
#2160 = ( GEOMETRIC_REPRESENTATION_CONTEXT(3) 
GLOBAL_UNCERTAINTY_ASSIGNED_CONTEXT((#2164)) 
GLOBAL_UNIT_ASSIGNED_CONTEXT((#2161,#2162,#2163)) REPRESENTATION_CONTEXT
('Context #1','3D Context with UNIT and UNCERTAINTY') );
#2161 = ( LENGTH_UNIT() NAMED_UNIT(*) SI_UNIT(.MILLI.,.METRE.) );
#2162 = ( NAMED_UNIT(*) PLANE_ANGLE_UNIT() SI_UNIT($,.RADIAN.) );
#2163 = ( NAMED_UNIT(*) SI_UNIT($,.STERADIAN.) SOLID_ANGLE_UNIT() );
#2164 = UNCERTAINTY_MEASURE_WITH_UNIT(LENGTH_MEASURE(1.E-07),#2161,
  'distance_accuracy_value','confusion accuracy');
#2165 = CONTEXT_DEPENDENT_SHAPE_REPRESENTATION(#2166,#2168);
#2166 = ( REPRESENTATION_RELATIONSHIP('','',#2009,#1974) 
REPRESENTATION_RELATIONSHIP_WITH_TRANSFORMATION(#2167) 
SHAPE_REPRESENTATION_RELATIONSHIP() );
#2167 = ITEM_DEFINED_TRANSFORMATION('','',#11,#1975);
#2168 = PRODUCT_DEFINITION_SHAPE('Placement','Placement of an item',
  #2169);
#2169 = NEXT_ASSEMBLY_USAGE_OCCURRENCE('13','dcdc','',#1969,#2004,$);
#2170 = PRODUCT_RELATED_PRODUCT_CATEGORY('part',$,(#2006));
#2171 = SHAPE_DEFINITION_REPRESENTATION(#2172,#2178);
#2172 = PRODUCT_DEFINITION_SHAPE('','',#2173);
#2173 = PRODUCT_DEFINITION('design','',#2174,#2177);
#2174 = PRODUCT_DEFINITION_FORMATION('','',#2175);
#2175 = PRODUCT('lv_battery','lv_battery','',(#2176));
#2176 = PRODUCT_CONTEXT('',#2,'mechanical');
#2177 = PRODUCT_DEFINITION_CONTEXT('part definition',#2,'design');
#2178 = ADVANCED_BREP_SHAPE_REPRESENTATION('',(#11,#2179),#2329);
#2179 = MANIFOLD_SOLID_BREP('',#2180);
#2180 = CLOSED_SHELL('',(#2181,#2221,#2261,#2283,#2305,#2317));
#2181 = ADVANCED_FACE('',(#2182),#2216,.F.);
#2182 = FACE_BOUND('',#2183,.F.);
#2183 = EDGE_LOOP('',(#2184,#2194,#2202,#2210));
#2184 = ORIENTED_EDGE('',*,*,#2185,.F.);
#2185 = EDGE_CURVE('',#2186,#2188,#2190,.T.);
#2186 = VERTEX_POINT('',#2187);
#2187 = CARTESIAN_POINT('',(344.5,-292.5,612.5));
#2188 = VERTEX_POINT('',#2189);
#2189 = CARTESIAN_POINT('',(344.5,-292.5,707.5));
#2190 = LINE('',#2191,#2192);
#2191 = CARTESIAN_POINT('',(344.5,-292.5,612.5));
#2192 = VECTOR('',#2193,1.);
#2193 = DIRECTION('',(0.,0.,1.));
#2194 = ORIENTED_EDGE('',*,*,#2195,.T.);
#2195 = EDGE_CURVE('',#2186,#2196,#2198,.T.);
#2196 = VERTEX_POINT('',#2197);
#2197 = CARTESIAN_POINT('',(344.5,-227.5,612.5));
#2198 = LINE('',#2199,#2200);
#2199 = CARTESIAN_POINT('',(344.5,-292.5,612.5));
#2200 = VECTOR('',#2201,1.);
#2201 = DIRECTION('',(-0.,1.,0.));
#2202 = ORIENTED_EDGE('',*,*,#2203,.T.);
#2203 = EDGE_CURVE('',#2196,#2204,#2206,.T.);
#2204 = VERTEX_POINT('',#2205);
#2205 = CARTESIAN_POINT('',(344.5,-227.5,707.5));
#2206 = LINE('',#2207,#2208);
#2207 = CARTESIAN_POINT('',(344.5,-227.5,612.5));
#2208 = VECTOR('',#2209,1.);
#2209 = DIRECTION('',(0.,0.,1.));
#2210 = ORIENTED_EDGE('',*,*,#2211,.F.);
#2211 = EDGE_CURVE('',#2188,#2204,#2212,.T.);
#2212 = LINE('',#2213,#2214);
#2213 = CARTESIAN_POINT('',(344.5,-292.5,707.5));
#2214 = VECTOR('',#2215,1.);
#2215 = DIRECTION('',(-0.,1.,0.));
#2216 = PLANE('',#2217);
#2217 = AXIS2_PLACEMENT_3D('',#2218,#2219,#2220);
#2218 = CARTESIAN_POINT('',(344.5,-292.5,612.5));
#2219 = DIRECTION('',(1.,0.,-0.));
#2220 = DIRECTION('',(0.,0.,1.));
#2221 = ADVANCED_FACE('',(#2222),#2256,.T.);
#2222 = FACE_BOUND('',#2223,.T.);
#2223 = EDGE_LOOP('',(#2224,#2234,#2242,#2250));
#2224 = ORIENTED_EDGE('',*,*,#2225,.F.);
#2225 = EDGE_CURVE('',#2226,#2228,#2230,.T.);
#2226 = VERTEX_POINT('',#2227);
#2227 = CARTESIAN_POINT('',(495.5,-292.5,612.5));
#2228 = VERTEX_POINT('',#2229);
#2229 = CARTESIAN_POINT('',(495.5,-292.5,707.5));
#2230 = LINE('',#2231,#2232);
#2231 = CARTESIAN_POINT('',(495.5,-292.5,612.5));
#2232 = VECTOR('',#2233,1.);
#2233 = DIRECTION('',(0.,0.,1.));
#2234 = ORIENTED_EDGE('',*,*,#2235,.T.);
#2235 = EDGE_CURVE('',#2226,#2236,#2238,.T.);
#2236 = VERTEX_POINT('',#2237);
#2237 = CARTESIAN_POINT('',(495.5,-227.5,612.5));
#2238 = LINE('',#2239,#2240);
#2239 = CARTESIAN_POINT('',(495.5,-292.5,612.5));
#2240 = VECTOR('',#2241,1.);
#2241 = DIRECTION('',(-0.,1.,0.));
#2242 = ORIENTED_EDGE('',*,*,#2243,.T.);
#2243 = EDGE_CURVE('',#2236,#2244,#2246,.T.);
#2244 = VERTEX_POINT('',#2245);
#2245 = CARTESIAN_POINT('',(495.5,-227.5,707.5));
#2246 = LINE('',#2247,#2248);
#2247 = CARTESIAN_POINT('',(495.5,-227.5,612.5));
#2248 = VECTOR('',#2249,1.);
#2249 = DIRECTION('',(0.,0.,1.));
#2250 = ORIENTED_EDGE('',*,*,#2251,.F.);
#2251 = EDGE_CURVE('',#2228,#2244,#2252,.T.);
#2252 = LINE('',#2253,#2254);
#2253 = CARTESIAN_POINT('',(495.5,-292.5,707.5));
#2254 = VECTOR('',#2255,1.);
#2255 = DIRECTION('',(-0.,1.,0.));
#2256 = PLANE('',#2257);
#2257 = AXIS2_PLACEMENT_3D('',#2258,#2259,#2260);
#2258 = CARTESIAN_POINT('',(495.5,-292.5,612.5));
#2259 = DIRECTION('',(1.,0.,-0.));
#2260 = DIRECTION('',(0.,0.,1.));
#2261 = ADVANCED_FACE('',(#2262),#2278,.F.);
#2262 = FACE_BOUND('',#2263,.F.);
#2263 = EDGE_LOOP('',(#2264,#2270,#2271,#2277));
#2264 = ORIENTED_EDGE('',*,*,#2265,.F.);
#2265 = EDGE_CURVE('',#2186,#2226,#2266,.T.);
#2266 = LINE('',#2267,#2268);
#2267 = CARTESIAN_POINT('',(344.5,-292.5,612.5));
#2268 = VECTOR('',#2269,1.);
#2269 = DIRECTION('',(1.,0.,-0.));
#2270 = ORIENTED_EDGE('',*,*,#2185,.T.);
#2271 = ORIENTED_EDGE('',*,*,#2272,.T.);
#2272 = EDGE_CURVE('',#2188,#2228,#2273,.T.);
#2273 = LINE('',#2274,#2275);
#2274 = CARTESIAN_POINT('',(344.5,-292.5,707.5));
#2275 = VECTOR('',#2276,1.);
#2276 = DIRECTION('',(1.,0.,-0.));
#2277 = ORIENTED_EDGE('',*,*,#2225,.F.);
#2278 = PLANE('',#2279);
#2279 = AXIS2_PLACEMENT_3D('',#2280,#2281,#2282);
#2280 = CARTESIAN_POINT('',(344.5,-292.5,612.5));
#2281 = DIRECTION('',(-0.,1.,0.));
#2282 = DIRECTION('',(0.,0.,1.));
#2283 = ADVANCED_FACE('',(#2284),#2300,.T.);
#2284 = FACE_BOUND('',#2285,.T.);
#2285 = EDGE_LOOP('',(#2286,#2292,#2293,#2299));
#2286 = ORIENTED_EDGE('',*,*,#2287,.F.);
#2287 = EDGE_CURVE('',#2196,#2236,#2288,.T.);
#2288 = LINE('',#2289,#2290);
#2289 = CARTESIAN_POINT('',(344.5,-227.5,612.5));
#2290 = VECTOR('',#2291,1.);
#2291 = DIRECTION('',(1.,0.,-0.));
#2292 = ORIENTED_EDGE('',*,*,#2203,.T.);
#2293 = ORIENTED_EDGE('',*,*,#2294,.T.);
#2294 = EDGE_CURVE('',#2204,#2244,#2295,.T.);
#2295 = LINE('',#2296,#2297);
#2296 = CARTESIAN_POINT('',(344.5,-227.5,707.5));
#2297 = VECTOR('',#2298,1.);
#2298 = DIRECTION('',(1.,0.,-0.));
#2299 = ORIENTED_EDGE('',*,*,#2243,.F.);
#2300 = PLANE('',#2301);
#2301 = AXIS2_PLACEMENT_3D('',#2302,#2303,#2304);
#2302 = CARTESIAN_POINT('',(344.5,-227.5,612.5));
#2303 = DIRECTION('',(-0.,1.,0.));
#2304 = DIRECTION('',(0.,0.,1.));
#2305 = ADVANCED_FACE('',(#2306),#2312,.F.);
#2306 = FACE_BOUND('',#2307,.F.);
#2307 = EDGE_LOOP('',(#2308,#2309,#2310,#2311));
#2308 = ORIENTED_EDGE('',*,*,#2195,.F.);
#2309 = ORIENTED_EDGE('',*,*,#2265,.T.);
#2310 = ORIENTED_EDGE('',*,*,#2235,.T.);
#2311 = ORIENTED_EDGE('',*,*,#2287,.F.);
#2312 = PLANE('',#2313);
#2313 = AXIS2_PLACEMENT_3D('',#2314,#2315,#2316);
#2314 = CARTESIAN_POINT('',(344.5,-292.5,612.5));
#2315 = DIRECTION('',(0.,0.,1.));
#2316 = DIRECTION('',(1.,0.,-0.));
#2317 = ADVANCED_FACE('',(#2318),#2324,.T.);
#2318 = FACE_BOUND('',#2319,.T.);
#2319 = EDGE_LOOP('',(#2320,#2321,#2322,#2323));
#2320 = ORIENTED_EDGE('',*,*,#2211,.F.);
#2321 = ORIENTED_EDGE('',*,*,#2272,.T.);
#2322 = ORIENTED_EDGE('',*,*,#2251,.T.);
#2323 = ORIENTED_EDGE('',*,*,#2294,.F.);
#2324 = PLANE('',#2325);
#2325 = AXIS2_PLACEMENT_3D('',#2326,#2327,#2328);
#2326 = CARTESIAN_POINT('',(344.5,-292.5,707.5));
#2327 = DIRECTION('',(0.,0.,1.));
#2328 = DIRECTION('',(1.,0.,-0.));
#2329 = ( GEOMETRIC_REPRESENTATION_CONTEXT(3) 
GLOBAL_UNCERTAINTY_ASSIGNED_CONTEXT((#2333)) 
GLOBAL_UNIT_ASSIGNED_CONTEXT((#2330,#2331,#2332)) REPRESENTATION_CONTEXT
('Context #1','3D Context with UNIT and UNCERTAINTY') );
#2330 = ( LENGTH_UNIT() NAMED_UNIT(*) SI_UNIT(.MILLI.,.METRE.) );
#2331 = ( NAMED_UNIT(*) PLANE_ANGLE_UNIT() SI_UNIT($,.RADIAN.) );
#2332 = ( NAMED_UNIT(*) SI_UNIT($,.STERADIAN.) SOLID_ANGLE_UNIT() );
#2333 = UNCERTAINTY_MEASURE_WITH_UNIT(LENGTH_MEASURE(1.E-07),#2330,
  'distance_accuracy_value','confusion accuracy');
#2334 = CONTEXT_DEPENDENT_SHAPE_REPRESENTATION(#2335,#2337);
#2335 = ( REPRESENTATION_RELATIONSHIP('','',#2178,#1974) 
REPRESENTATION_RELATIONSHIP_WITH_TRANSFORMATION(#2336) 
SHAPE_REPRESENTATION_RELATIONSHIP() );
#2336 = ITEM_DEFINED_TRANSFORMATION('','',#11,#1979);
#2337 = PRODUCT_DEFINITION_SHAPE('Placement','Placement of an item',
  #2338);
#2338 = NEXT_ASSEMBLY_USAGE_OCCURRENCE('14','lv_battery','',#1969,#2173,
  $);
#2339 = PRODUCT_RELATED_PRODUCT_CATEGORY('part',$,(#2175));
#2340 = SHAPE_DEFINITION_REPRESENTATION(#2341,#2347);
#2341 = PRODUCT_DEFINITION_SHAPE('','',#2342);
#2342 = PRODUCT_DEFINITION('design','',#2343,#2346);
#2343 = PRODUCT_DEFINITION_FORMATION('','',#2344);
#2344 = PRODUCT('vcu','vcu','',(#2345));
#2345 = PRODUCT_CONTEXT('',#2,'mechanical');
#2346 = PRODUCT_DEFINITION_CONTEXT('part definition',#2,'design');
#2347 = ADVANCED_BREP_SHAPE_REPRESENTATION('',(#11,#2348),#2498);
#2348 = MANIFOLD_SOLID_BREP('',#2349);
#2349 = CLOSED_SHELL('',(#2350,#2390,#2430,#2452,#2474,#2486));
#2350 = ADVANCED_FACE('',(#2351),#2385,.F.);
#2351 = FACE_BOUND('',#2352,.F.);
#2352 = EDGE_LOOP('',(#2353,#2363,#2371,#2379));
#2353 = ORIENTED_EDGE('',*,*,#2354,.F.);
#2354 = EDGE_CURVE('',#2355,#2357,#2359,.T.);
#2355 = VERTEX_POINT('',#2356);
#2356 = CARTESIAN_POINT('',(290.,180.,615.));
#2357 = VERTEX_POINT('',#2358);
#2358 = CARTESIAN_POINT('',(290.,180.,705.));
#2359 = LINE('',#2360,#2361);
#2360 = CARTESIAN_POINT('',(290.,180.,615.));
#2361 = VECTOR('',#2362,1.);
#2362 = DIRECTION('',(0.,0.,1.));
#2363 = ORIENTED_EDGE('',*,*,#2364,.T.);
#2364 = EDGE_CURVE('',#2355,#2365,#2367,.T.);
#2365 = VERTEX_POINT('',#2366);
#2366 = CARTESIAN_POINT('',(290.,340.,615.));
#2367 = LINE('',#2368,#2369);
#2368 = CARTESIAN_POINT('',(290.,180.,615.));
#2369 = VECTOR('',#2370,1.);
#2370 = DIRECTION('',(-0.,1.,0.));
#2371 = ORIENTED_EDGE('',*,*,#2372,.T.);
#2372 = EDGE_CURVE('',#2365,#2373,#2375,.T.);
#2373 = VERTEX_POINT('',#2374);
#2374 = CARTESIAN_POINT('',(290.,340.,705.));
#2375 = LINE('',#2376,#2377);
#2376 = CARTESIAN_POINT('',(290.,340.,615.));
#2377 = VECTOR('',#2378,1.);
#2378 = DIRECTION('',(0.,0.,1.));
#2379 = ORIENTED_EDGE('',*,*,#2380,.F.);
#2380 = EDGE_CURVE('',#2357,#2373,#2381,.T.);
#2381 = LINE('',#2382,#2383);
#2382 = CARTESIAN_POINT('',(290.,180.,705.));
#2383 = VECTOR('',#2384,1.);
#2384 = DIRECTION('',(-0.,1.,0.));
#2385 = PLANE('',#2386);
#2386 = AXIS2_PLACEMENT_3D('',#2387,#2388,#2389);
#2387 = CARTESIAN_POINT('',(290.,180.,615.));
#2388 = DIRECTION('',(1.,0.,-0.));
#2389 = DIRECTION('',(0.,0.,1.));
#2390 = ADVANCED_FACE('',(#2391),#2425,.T.);
#2391 = FACE_BOUND('',#2392,.T.);
#2392 = EDGE_LOOP('',(#2393,#2403,#2411,#2419));
#2393 = ORIENTED_EDGE('',*,*,#2394,.F.);
#2394 = EDGE_CURVE('',#2395,#2397,#2399,.T.);
#2395 = VERTEX_POINT('',#2396);
#2396 = CARTESIAN_POINT('',(550.,180.,615.));
#2397 = VERTEX_POINT('',#2398);
#2398 = CARTESIAN_POINT('',(550.,180.,705.));
#2399 = LINE('',#2400,#2401);
#2400 = CARTESIAN_POINT('',(550.,180.,615.));
#2401 = VECTOR('',#2402,1.);
#2402 = DIRECTION('',(0.,0.,1.));
#2403 = ORIENTED_EDGE('',*,*,#2404,.T.);
#2404 = EDGE_CURVE('',#2395,#2405,#2407,.T.);
#2405 = VERTEX_POINT('',#2406);
#2406 = CARTESIAN_POINT('',(550.,340.,615.));
#2407 = LINE('',#2408,#2409);
#2408 = CARTESIAN_POINT('',(550.,180.,615.));
#2409 = VECTOR('',#2410,1.);
#2410 = DIRECTION('',(-0.,1.,0.));
#2411 = ORIENTED_EDGE('',*,*,#2412,.T.);
#2412 = EDGE_CURVE('',#2405,#2413,#2415,.T.);
#2413 = VERTEX_POINT('',#2414);
#2414 = CARTESIAN_POINT('',(550.,340.,705.));
#2415 = LINE('',#2416,#2417);
#2416 = CARTESIAN_POINT('',(550.,340.,615.));
#2417 = VECTOR('',#2418,1.);
#2418 = DIRECTION('',(0.,0.,1.));
#2419 = ORIENTED_EDGE('',*,*,#2420,.F.);
#2420 = EDGE_CURVE('',#2397,#2413,#2421,.T.);
#2421 = LINE('',#2422,#2423);
#2422 = CARTESIAN_POINT('',(550.,180.,705.));
#2423 = VECTOR('',#2424,1.);
#2424 = DIRECTION('',(-0.,1.,0.));
#2425 = PLANE('',#2426);
#2426 = AXIS2_PLACEMENT_3D('',#2427,#2428,#2429);
#2427 = CARTESIAN_POINT('',(550.,180.,615.));
#2428 = DIRECTION('',(1.,0.,-0.));
#2429 = DIRECTION('',(0.,0.,1.));
#2430 = ADVANCED_FACE('',(#2431),#2447,.F.);
#2431 = FACE_BOUND('',#2432,.F.);
#2432 = EDGE_LOOP('',(#2433,#2439,#2440,#2446));
#2433 = ORIENTED_EDGE('',*,*,#2434,.F.);
#2434 = EDGE_CURVE('',#2355,#2395,#2435,.T.);
#2435 = LINE('',#2436,#2437);
#2436 = CARTESIAN_POINT('',(290.,180.,615.));
#2437 = VECTOR('',#2438,1.);
#2438 = DIRECTION('',(1.,0.,-0.));
#2439 = ORIENTED_EDGE('',*,*,#2354,.T.);
#2440 = ORIENTED_EDGE('',*,*,#2441,.T.);
#2441 = EDGE_CURVE('',#2357,#2397,#2442,.T.);
#2442 = LINE('',#2443,#2444);
#2443 = CARTESIAN_POINT('',(290.,180.,705.));
#2444 = VECTOR('',#2445,1.);
#2445 = DIRECTION('',(1.,0.,-0.));
#2446 = ORIENTED_EDGE('',*,*,#2394,.F.);
#2447 = PLANE('',#2448);
#2448 = AXIS2_PLACEMENT_3D('',#2449,#2450,#2451);
#2449 = CARTESIAN_POINT('',(290.,180.,615.));
#2450 = DIRECTION('',(-0.,1.,0.));
#2451 = DIRECTION('',(0.,0.,1.));
#2452 = ADVANCED_FACE('',(#2453),#2469,.T.);
#2453 = FACE_BOUND('',#2454,.T.);
#2454 = EDGE_LOOP('',(#2455,#2461,#2462,#2468));
#2455 = ORIENTED_EDGE('',*,*,#2456,.F.);
#2456 = EDGE_CURVE('',#2365,#2405,#2457,.T.);
#2457 = LINE('',#2458,#2459);
#2458 = CARTESIAN_POINT('',(290.,340.,615.));
#2459 = VECTOR('',#2460,1.);
#2460 = DIRECTION('',(1.,0.,-0.));
#2461 = ORIENTED_EDGE('',*,*,#2372,.T.);
#2462 = ORIENTED_EDGE('',*,*,#2463,.T.);
#2463 = EDGE_CURVE('',#2373,#2413,#2464,.T.);
#2464 = LINE('',#2465,#2466);
#2465 = CARTESIAN_POINT('',(290.,340.,705.));
#2466 = VECTOR('',#2467,1.);
#2467 = DIRECTION('',(1.,0.,-0.));
#2468 = ORIENTED_EDGE('',*,*,#2412,.F.);
#2469 = PLANE('',#2470);
#2470 = AXIS2_PLACEMENT_3D('',#2471,#2472,#2473);
#2471 = CARTESIAN_POINT('',(290.,340.,615.));
#2472 = DIRECTION('',(-0.,1.,0.));
#2473 = DIRECTION('',(0.,0.,1.));
#2474 = ADVANCED_FACE('',(#2475),#2481,.F.);
#2475 = FACE_BOUND('',#2476,.F.);
#2476 = EDGE_LOOP('',(#2477,#2478,#2479,#2480));
#2477 = ORIENTED_EDGE('',*,*,#2364,.F.);
#2478 = ORIENTED_EDGE('',*,*,#2434,.T.);
#2479 = ORIENTED_EDGE('',*,*,#2404,.T.);
#2480 = ORIENTED_EDGE('',*,*,#2456,.F.);
#2481 = PLANE('',#2482);
#2482 = AXIS2_PLACEMENT_3D('',#2483,#2484,#2485);
#2483 = CARTESIAN_POINT('',(290.,180.,615.));
#2484 = DIRECTION('',(0.,0.,1.));
#2485 = DIRECTION('',(1.,0.,-0.));
#2486 = ADVANCED_FACE('',(#2487),#2493,.T.);
#2487 = FACE_BOUND('',#2488,.T.);
#2488 = EDGE_LOOP('',(#2489,#2490,#2491,#2492));
#2489 = ORIENTED_EDGE('',*,*,#2380,.F.);
#2490 = ORIENTED_EDGE('',*,*,#2441,.T.);
#2491 = ORIENTED_EDGE('',*,*,#2420,.T.);
#2492 = ORIENTED_EDGE('',*,*,#2463,.F.);
#2493 = PLANE('',#2494);
#2494 = AXIS2_PLACEMENT_3D('',#2495,#2496,#2497);
#2495 = CARTESIAN_POINT('',(290.,180.,705.));
#2496 = DIRECTION('',(0.,0.,1.));
#2497 = DIRECTION('',(1.,0.,-0.));
#2498 = ( GEOMETRIC_REPRESENTATION_CONTEXT(3) 
GLOBAL_UNCERTAINTY_ASSIGNED_CONTEXT((#2502)) 
GLOBAL_UNIT_ASSIGNED_CONTEXT((#2499,#2500,#2501)) REPRESENTATION_CONTEXT
('Context #1','3D Context with UNIT and UNCERTAINTY') );
#2499 = ( LENGTH_UNIT() NAMED_UNIT(*) SI_UNIT(.MILLI.,.METRE.) );
#2500 = ( NAMED_UNIT(*) PLANE_ANGLE_UNIT() SI_UNIT($,.RADIAN.) );
#2501 = ( NAMED_UNIT(*) SI_UNIT($,.STERADIAN.) SOLID_ANGLE_UNIT() );
#2502 = UNCERTAINTY_MEASURE_WITH_UNIT(LENGTH_MEASURE(1.E-07),#2499,
  'distance_accuracy_value','confusion accuracy');
#2503 = CONTEXT_DEPENDENT_SHAPE_REPRESENTATION(#2504,#2506);
#2504 = ( REPRESENTATION_RELATIONSHIP('','',#2347,#1974) 
REPRESENTATION_RELATIONSHIP_WITH_TRANSFORMATION(#2505) 
SHAPE_REPRESENTATION_RELATIONSHIP() );
#2505 = ITEM_DEFINED_TRANSFORMATION('','',#11,#1983);
#2506 = PRODUCT_DEFINITION_SHAPE('Placement','Placement of an item',
  #2507);
#2507 = NEXT_ASSEMBLY_USAGE_OCCURRENCE('15','vcu','',#1969,#2342,$);
#2508 = PRODUCT_RELATED_PRODUCT_CATEGORY('part',$,(#2344));
#2509 = SHAPE_DEFINITION_REPRESENTATION(#2510,#2516);
#2510 = PRODUCT_DEFINITION_SHAPE('','',#2511);
#2511 = PRODUCT_DEFINITION('design','',#2512,#2515);
#2512 = PRODUCT_DEFINITION_FORMATION('','',#2513);
#2513 = PRODUCT('estop','estop','',(#2514));
#2514 = PRODUCT_CONTEXT('',#2,'mechanical');
#2515 = PRODUCT_DEFINITION_CONTEXT('part definition',#2,'design');
#2516 = ADVANCED_BREP_SHAPE_REPRESENTATION('',(#11,#2517),#2667);
#2517 = MANIFOLD_SOLID_BREP('',#2518);
#2518 = CLOSED_SHELL('',(#2519,#2559,#2599,#2621,#2643,#2655));
#2519 = ADVANCED_FACE('',(#2520),#2554,.F.);
#2520 = FACE_BOUND('',#2521,.F.);
#2521 = EDGE_LOOP('',(#2522,#2532,#2540,#2548));
#2522 = ORIENTED_EDGE('',*,*,#2523,.F.);
#2523 = EDGE_CURVE('',#2524,#2526,#2528,.T.);
#2524 = VERTEX_POINT('',#2525);
#2525 = CARTESIAN_POINT('',(530.,-395.,855.));
#2526 = VERTEX_POINT('',#2527);
#2527 = CARTESIAN_POINT('',(530.,-395.,945.));
#2528 = LINE('',#2529,#2530);
#2529 = CARTESIAN_POINT('',(530.,-395.,855.));
#2530 = VECTOR('',#2531,1.);
#2531 = DIRECTION('',(0.,0.,1.));
#2532 = ORIENTED_EDGE('',*,*,#2533,.T.);
#2533 = EDGE_CURVE('',#2524,#2534,#2536,.T.);
#2534 = VERTEX_POINT('',#2535);
#2535 = CARTESIAN_POINT('',(530.,-305.,855.));
#2536 = LINE('',#2537,#2538);
#2537 = CARTESIAN_POINT('',(530.,-395.,855.));
#2538 = VECTOR('',#2539,1.);
#2539 = DIRECTION('',(-0.,1.,0.));
#2540 = ORIENTED_EDGE('',*,*,#2541,.T.);
#2541 = EDGE_CURVE('',#2534,#2542,#2544,.T.);
#2542 = VERTEX_POINT('',#2543);
#2543 = CARTESIAN_POINT('',(530.,-305.,945.));
#2544 = LINE('',#2545,#2546);
#2545 = CARTESIAN_POINT('',(530.,-305.,855.));
#2546 = VECTOR('',#2547,1.);
#2547 = DIRECTION('',(0.,0.,1.));
#2548 = ORIENTED_EDGE('',*,*,#2549,.F.);
#2549 = EDGE_CURVE('',#2526,#2542,#2550,.T.);
#2550 = LINE('',#2551,#2552);
#2551 = CARTESIAN_POINT('',(530.,-395.,945.));
#2552 = VECTOR('',#2553,1.);
#2553 = DIRECTION('',(-0.,1.,0.));
#2554 = PLANE('',#2555);
#2555 = AXIS2_PLACEMENT_3D('',#2556,#2557,#2558);
#2556 = CARTESIAN_POINT('',(530.,-395.,855.));
#2557 = DIRECTION('',(1.,0.,-0.));
#2558 = DIRECTION('',(0.,0.,1.));
#2559 = ADVANCED_FACE('',(#2560),#2594,.T.);
#2560 = FACE_BOUND('',#2561,.T.);
#2561 = EDGE_LOOP('',(#2562,#2572,#2580,#2588));
#2562 = ORIENTED_EDGE('',*,*,#2563,.F.);
#2563 = EDGE_CURVE('',#2564,#2566,#2568,.T.);
#2564 = VERTEX_POINT('',#2565);
#2565 = CARTESIAN_POINT('',(590.,-395.,855.));
#2566 = VERTEX_POINT('',#2567);
#2567 = CARTESIAN_POINT('',(590.,-395.,945.));
#2568 = LINE('',#2569,#2570);
#2569 = CARTESIAN_POINT('',(590.,-395.,855.));
#2570 = VECTOR('',#2571,1.);
#2571 = DIRECTION('',(0.,0.,1.));
#2572 = ORIENTED_EDGE('',*,*,#2573,.T.);
#2573 = EDGE_CURVE('',#2564,#2574,#2576,.T.);
#2574 = VERTEX_POINT('',#2575);
#2575 = CARTESIAN_POINT('',(590.,-305.,855.));
#2576 = LINE('',#2577,#2578);
#2577 = CARTESIAN_POINT('',(590.,-395.,855.));
#2578 = VECTOR('',#2579,1.);
#2579 = DIRECTION('',(-0.,1.,0.));
#2580 = ORIENTED_EDGE('',*,*,#2581,.T.);
#2581 = EDGE_CURVE('',#2574,#2582,#2584,.T.);
#2582 = VERTEX_POINT('',#2583);
#2583 = CARTESIAN_POINT('',(590.,-305.,945.));
#2584 = LINE('',#2585,#2586);
#2585 = CARTESIAN_POINT('',(590.,-305.,855.));
#2586 = VECTOR('',#2587,1.);
#2587 = DIRECTION('',(0.,0.,1.));
#2588 = ORIENTED_EDGE('',*,*,#2589,.F.);
#2589 = EDGE_CURVE('',#2566,#2582,#2590,.T.);
#2590 = LINE('',#2591,#2592);
#2591 = CARTESIAN_POINT('',(590.,-395.,945.));
#2592 = VECTOR('',#2593,1.);
#2593 = DIRECTION('',(-0.,1.,0.));
#2594 = PLANE('',#2595);
#2595 = AXIS2_PLACEMENT_3D('',#2596,#2597,#2598);
#2596 = CARTESIAN_POINT('',(590.,-395.,855.));
#2597 = DIRECTION('',(1.,0.,-0.));
#2598 = DIRECTION('',(0.,0.,1.));
#2599 = ADVANCED_FACE('',(#2600),#2616,.F.);
#2600 = FACE_BOUND('',#2601,.F.);
#2601 = EDGE_LOOP('',(#2602,#2608,#2609,#2615));
#2602 = ORIENTED_EDGE('',*,*,#2603,.F.);
#2603 = EDGE_CURVE('',#2524,#2564,#2604,.T.);
#2604 = LINE('',#2605,#2606);
#2605 = CARTESIAN_POINT('',(530.,-395.,855.));
#2606 = VECTOR('',#2607,1.);
#2607 = DIRECTION('',(1.,0.,-0.));
#2608 = ORIENTED_EDGE('',*,*,#2523,.T.);
#2609 = ORIENTED_EDGE('',*,*,#2610,.T.);
#2610 = EDGE_CURVE('',#2526,#2566,#2611,.T.);
#2611 = LINE('',#2612,#2613);
#2612 = CARTESIAN_POINT('',(530.,-395.,945.));
#2613 = VECTOR('',#2614,1.);
#2614 = DIRECTION('',(1.,0.,-0.));
#2615 = ORIENTED_EDGE('',*,*,#2563,.F.);
#2616 = PLANE('',#2617);
#2617 = AXIS2_PLACEMENT_3D('',#2618,#2619,#2620);
#2618 = CARTESIAN_POINT('',(530.,-395.,855.));
#2619 = DIRECTION('',(-0.,1.,0.));
#2620 = DIRECTION('',(0.,0.,1.));
#2621 = ADVANCED_FACE('',(#2622),#2638,.T.);
#2622 = FACE_BOUND('',#2623,.T.);
#2623 = EDGE_LOOP('',(#2624,#2630,#2631,#2637));
#2624 = ORIENTED_EDGE('',*,*,#2625,.F.);
#2625 = EDGE_CURVE('',#2534,#2574,#2626,.T.);
#2626 = LINE('',#2627,#2628);
#2627 = CARTESIAN_POINT('',(530.,-305.,855.));
#2628 = VECTOR('',#2629,1.);
#2629 = DIRECTION('',(1.,0.,-0.));
#2630 = ORIENTED_EDGE('',*,*,#2541,.T.);
#2631 = ORIENTED_EDGE('',*,*,#2632,.T.);
#2632 = EDGE_CURVE('',#2542,#2582,#2633,.T.);
#2633 = LINE('',#2634,#2635);
#2634 = CARTESIAN_POINT('',(530.,-305.,945.));
#2635 = VECTOR('',#2636,1.);
#2636 = DIRECTION('',(1.,0.,-0.));
#2637 = ORIENTED_EDGE('',*,*,#2581,.F.);
#2638 = PLANE('',#2639);
#2639 = AXIS2_PLACEMENT_3D('',#2640,#2641,#2642);
#2640 = CARTESIAN_POINT('',(530.,-305.,855.));
#2641 = DIRECTION('',(-0.,1.,0.));
#2642 = DIRECTION('',(0.,0.,1.));
#2643 = ADVANCED_FACE('',(#2644),#2650,.F.);
#2644 = FACE_BOUND('',#2645,.F.);
#2645 = EDGE_LOOP('',(#2646,#2647,#2648,#2649));
#2646 = ORIENTED_EDGE('',*,*,#2533,.F.);
#2647 = ORIENTED_EDGE('',*,*,#2603,.T.);
#2648 = ORIENTED_EDGE('',*,*,#2573,.T.);
#2649 = ORIENTED_EDGE('',*,*,#2625,.F.);
#2650 = PLANE('',#2651);
#2651 = AXIS2_PLACEMENT_3D('',#2652,#2653,#2654);
#2652 = CARTESIAN_POINT('',(530.,-395.,855.));
#2653 = DIRECTION('',(0.,0.,1.));
#2654 = DIRECTION('',(1.,0.,-0.));
#2655 = ADVANCED_FACE('',(#2656),#2662,.T.);
#2656 = FACE_BOUND('',#2657,.T.);
#2657 = EDGE_LOOP('',(#2658,#2659,#2660,#2661));
#2658 = ORIENTED_EDGE('',*,*,#2549,.F.);
#2659 = ORIENTED_EDGE('',*,*,#2610,.T.);
#2660 = ORIENTED_EDGE('',*,*,#2589,.T.);
#2661 = ORIENTED_EDGE('',*,*,#2632,.F.);
#2662 = PLANE('',#2663);
#2663 = AXIS2_PLACEMENT_3D('',#2664,#2665,#2666);
#2664 = CARTESIAN_POINT('',(530.,-395.,945.));
#2665 = DIRECTION('',(0.,0.,1.));
#2666 = DIRECTION('',(1.,0.,-0.));
#2667 = ( GEOMETRIC_REPRESENTATION_CONTEXT(3) 
GLOBAL_UNCERTAINTY_ASSIGNED_CONTEXT((#2671)) 
GLOBAL_UNIT_ASSIGNED_CONTEXT((#2668,#2669,#2670)) REPRESENTATION_CONTEXT
('Context #1','3D Context with UNIT and UNCERTAINTY') );
#2668 = ( LENGTH_UNIT() NAMED_UNIT(*) SI_UNIT(.MILLI.,.METRE.) );
#2669 = ( NAMED_UNIT(*) PLANE_ANGLE_UNIT() SI_UNIT($,.RADIAN.) );
#2670 = ( NAMED_UNIT(*) SI_UNIT($,.STERADIAN.) SOLID_ANGLE_UNIT() );
#2671 = UNCERTAINTY_MEASURE_WITH_UNIT(LENGTH_MEASURE(1.E-07),#2668,
  'distance_accuracy_value','confusion accuracy');
#2672 = CONTEXT_DEPENDENT_SHAPE_REPRESENTATION(#2673,#2675);
#2673 = ( REPRESENTATION_RELATIONSHIP('','',#2516,#1974) 
REPRESENTATION_RELATIONSHIP_WITH_TRANSFORMATION(#2674) 
SHAPE_REPRESENTATION_RELATIONSHIP() );
#2674 = ITEM_DEFINED_TRANSFORMATION('','',#11,#1987);
#2675 = PRODUCT_DEFINITION_SHAPE('Placement','Placement of an item',
  #2676);
#2676 = NEXT_ASSEMBLY_USAGE_OCCURRENCE('16','estop','',#1969,#2511,$);
#2677 = PRODUCT_RELATED_PRODUCT_CATEGORY('part',$,(#2513));
#2678 = SHAPE_DEFINITION_REPRESENTATION(#2679,#2685);
#2679 = PRODUCT_DEFINITION_SHAPE('','',#2680);
#2680 = PRODUCT_DEFINITION('design','',#2681,#2684);
#2681 = PRODUCT_DEFINITION_FORMATION('','',#2682);
#2682 = PRODUCT('Powertrain Cooling','Powertrain Cooling','',(#2683));
#2683 = PRODUCT_CONTEXT('',#2,'mechanical');
#2684 = PRODUCT_DEFINITION_CONTEXT('part definition',#2,'design');
#2685 = SHAPE_REPRESENTATION('',(#11,#2686,#2690),#2694);
#2686 = AXIS2_PLACEMENT_3D('',#2687,#2688,#2689);
#2687 = CARTESIAN_POINT('',(0.,0.,0.));
#2688 = DIRECTION('',(0.,0.,1.));
#2689 = DIRECTION('',(1.,0.,0.));
#2690 = AXIS2_PLACEMENT_3D('',#2691,#2692,#2693);
#2691 = CARTESIAN_POINT('',(0.,0.,0.));
#2692 = DIRECTION('',(0.,0.,1.));
#2693 = DIRECTION('',(1.,0.,0.));
#2694 = ( GEOMETRIC_REPRESENTATION_CONTEXT(3) 
GLOBAL_UNCERTAINTY_ASSIGNED_CONTEXT((#2698)) 
GLOBAL_UNIT_ASSIGNED_CONTEXT((#2695,#2696,#2697)) REPRESENTATION_CONTEXT
('Context #1','3D Context with UNIT and UNCERTAINTY') );
#2695 = ( LENGTH_UNIT() NAMED_UNIT(*) SI_UNIT(.MILLI.,.METRE.) );
#2696 = ( NAMED_UNIT(*) PLANE_ANGLE_UNIT() SI_UNIT($,.RADIAN.) );
#2697 = ( NAMED_UNIT(*) SI_UNIT($,.STERADIAN.) SOLID_ANGLE_UNIT() );
#2698 = UNCERTAINTY_MEASURE_WITH_UNIT(LENGTH_MEASURE(1.E-07),#2695,
  'distance_accuracy_value','confusion accuracy');
#2699 = CONTEXT_DEPENDENT_SHAPE_REPRESENTATION(#2700,#2702);
#2700 = ( REPRESENTATION_RELATIONSHIP('','',#2685,#10) 
REPRESENTATION_RELATIONSHIP_WITH_TRANSFORMATION(#2701) 
SHAPE_REPRESENTATION_RELATIONSHIP() );
#2701 = ITEM_DEFINED_TRANSFORMATION('','',#11,#23);
#2702 = PRODUCT_DEFINITION_SHAPE('Placement','Placement of an item',
  #2703);
#2703 = NEXT_ASSEMBLY_USAGE_OCCURRENCE('20','Powertrain Cooling','',#5,
  #2680,$);
#2704 = PRODUCT_RELATED_PRODUCT_CATEGORY('part',$,(#2682));
#2705 = SHAPE_DEFINITION_REPRESENTATION(#2706,#2712);
#2706 = PRODUCT_DEFINITION_SHAPE('','',#2707);
#2707 = PRODUCT_DEFINITION('design','',#2708,#2711);
#2708 = PRODUCT_DEFINITION_FORMATION('','',#2709);
#2709 = PRODUCT('coolant_pump','coolant_pump','',(#2710));
#2710 = PRODUCT_CONTEXT('',#2,'mechanical');
#2711 = PRODUCT_DEFINITION_CONTEXT('part definition',#2,'design');
#2712 = ADVANCED_BREP_SHAPE_REPRESENTATION('',(#11,#2713),#2863);
#2713 = MANIFOLD_SOLID_BREP('',#2714);
#2714 = CLOSED_SHELL('',(#2715,#2755,#2795,#2817,#2839,#2851));
#2715 = ADVANCED_FACE('',(#2716),#2750,.F.);
#2716 = FACE_BOUND('',#2717,.F.);
#2717 = EDGE_LOOP('',(#2718,#2728,#2736,#2744));
#2718 = ORIENTED_EDGE('',*,*,#2719,.F.);
#2719 = EDGE_CURVE('',#2720,#2722,#2724,.T.);
#2720 = VERTEX_POINT('',#2721);
#2721 = CARTESIAN_POINT('',(-840.,260.,620.));
#2722 = VERTEX_POINT('',#2723);
#2723 = CARTESIAN_POINT('',(-840.,260.,700.));
#2724 = LINE('',#2725,#2726);
#2725 = CARTESIAN_POINT('',(-840.,260.,620.));
#2726 = VECTOR('',#2727,1.);
#2727 = DIRECTION('',(0.,0.,1.));
#2728 = ORIENTED_EDGE('',*,*,#2729,.T.);
#2729 = EDGE_CURVE('',#2720,#2730,#2732,.T.);
#2730 = VERTEX_POINT('',#2731);
#2731 = CARTESIAN_POINT('',(-840.,340.,620.));
#2732 = LINE('',#2733,#2734);
#2733 = CARTESIAN_POINT('',(-840.,260.,620.));
#2734 = VECTOR('',#2735,1.);
#2735 = DIRECTION('',(-0.,1.,0.));
#2736 = ORIENTED_EDGE('',*,*,#2737,.T.);
#2737 = EDGE_CURVE('',#2730,#2738,#2740,.T.);
#2738 = VERTEX_POINT('',#2739);
#2739 = CARTESIAN_POINT('',(-840.,340.,700.));
#2740 = LINE('',#2741,#2742);
#2741 = CARTESIAN_POINT('',(-840.,340.,620.));
#2742 = VECTOR('',#2743,1.);
#2743 = DIRECTION('',(0.,0.,1.));
#2744 = ORIENTED_EDGE('',*,*,#2745,.F.);
#2745 = EDGE_CURVE('',#2722,#2738,#2746,.T.);
#2746 = LINE('',#2747,#2748);
#2747 = CARTESIAN_POINT('',(-840.,260.,700.));
#2748 = VECTOR('',#2749,1.);
#2749 = DIRECTION('',(-0.,1.,0.));
#2750 = PLANE('',#2751);
#2751 = AXIS2_PLACEMENT_3D('',#2752,#2753,#2754);
#2752 = CARTESIAN_POINT('',(-840.,260.,620.));
#2753 = DIRECTION('',(1.,0.,-0.));
#2754 = DIRECTION('',(0.,0.,1.));
#2755 = ADVANCED_FACE('',(#2756),#2790,.T.);
#2756 = FACE_BOUND('',#2757,.T.);
#2757 = EDGE_LOOP('',(#2758,#2768,#2776,#2784));
#2758 = ORIENTED_EDGE('',*,*,#2759,.F.);
#2759 = EDGE_CURVE('',#2760,#2762,#2764,.T.);
#2760 = VERTEX_POINT('',#2761);
#2761 = CARTESIAN_POINT('',(-720.,260.,620.));
#2762 = VERTEX_POINT('',#2763);
#2763 = CARTESIAN_POINT('',(-720.,260.,700.));
#2764 = LINE('',#2765,#2766);
#2765 = CARTESIAN_POINT('',(-720.,260.,620.));
#2766 = VECTOR('',#2767,1.);
#2767 = DIRECTION('',(0.,0.,1.));
#2768 = ORIENTED_EDGE('',*,*,#2769,.T.);
#2769 = EDGE_CURVE('',#2760,#2770,#2772,.T.);
#2770 = VERTEX_POINT('',#2771);
#2771 = CARTESIAN_POINT('',(-720.,340.,620.));
#2772 = LINE('',#2773,#2774);
#2773 = CARTESIAN_POINT('',(-720.,260.,620.));
#2774 = VECTOR('',#2775,1.);
#2775 = DIRECTION('',(-0.,1.,0.));
#2776 = ORIENTED_EDGE('',*,*,#2777,.T.);
#2777 = EDGE_CURVE('',#2770,#2778,#2780,.T.);
#2778 = VERTEX_POINT('',#2779);
#2779 = CARTESIAN_POINT('',(-720.,340.,700.));
#2780 = LINE('',#2781,#2782);
#2781 = CARTESIAN_POINT('',(-720.,340.,620.));
#2782 = VECTOR('',#2783,1.);
#2783 = DIRECTION('',(0.,0.,1.));
#2784 = ORIENTED_EDGE('',*,*,#2785,.F.);
#2785 = EDGE_CURVE('',#2762,#2778,#2786,.T.);
#2786 = LINE('',#2787,#2788);
#2787 = CARTESIAN_POINT('',(-720.,260.,700.));
#2788 = VECTOR('',#2789,1.);
#2789 = DIRECTION('',(-0.,1.,0.));
#2790 = PLANE('',#2791);
#2791 = AXIS2_PLACEMENT_3D('',#2792,#2793,#2794);
#2792 = CARTESIAN_POINT('',(-720.,260.,620.));
#2793 = DIRECTION('',(1.,0.,-0.));
#2794 = DIRECTION('',(0.,0.,1.));
#2795 = ADVANCED_FACE('',(#2796),#2812,.F.);
#2796 = FACE_BOUND('',#2797,.F.);
#2797 = EDGE_LOOP('',(#2798,#2804,#2805,#2811));
#2798 = ORIENTED_EDGE('',*,*,#2799,.F.);
#2799 = EDGE_CURVE('',#2720,#2760,#2800,.T.);
#2800 = LINE('',#2801,#2802);
#2801 = CARTESIAN_POINT('',(-840.,260.,620.));
#2802 = VECTOR('',#2803,1.);
#2803 = DIRECTION('',(1.,0.,-0.));
#2804 = ORIENTED_EDGE('',*,*,#2719,.T.);
#2805 = ORIENTED_EDGE('',*,*,#2806,.T.);
#2806 = EDGE_CURVE('',#2722,#2762,#2807,.T.);
#2807 = LINE('',#2808,#2809);
#2808 = CARTESIAN_POINT('',(-840.,260.,700.));
#2809 = VECTOR('',#2810,1.);
#2810 = DIRECTION('',(1.,0.,-0.));
#2811 = ORIENTED_EDGE('',*,*,#2759,.F.);
#2812 = PLANE('',#2813);
#2813 = AXIS2_PLACEMENT_3D('',#2814,#2815,#2816);
#2814 = CARTESIAN_POINT('',(-840.,260.,620.));
#2815 = DIRECTION('',(-0.,1.,0.));
#2816 = DIRECTION('',(0.,0.,1.));
#2817 = ADVANCED_FACE('',(#2818),#2834,.T.);
#2818 = FACE_BOUND('',#2819,.T.);
#2819 = EDGE_LOOP('',(#2820,#2826,#2827,#2833));
#2820 = ORIENTED_EDGE('',*,*,#2821,.F.);
#2821 = EDGE_CURVE('',#2730,#2770,#2822,.T.);
#2822 = LINE('',#2823,#2824);
#2823 = CARTESIAN_POINT('',(-840.,340.,620.));
#2824 = VECTOR('',#2825,1.);
#2825 = DIRECTION('',(1.,0.,-0.));
#2826 = ORIENTED_EDGE('',*,*,#2737,.T.);
#2827 = ORIENTED_EDGE('',*,*,#2828,.T.);
#2828 = EDGE_CURVE('',#2738,#2778,#2829,.T.);
#2829 = LINE('',#2830,#2831);
#2830 = CARTESIAN_POINT('',(-840.,340.,700.));
#2831 = VECTOR('',#2832,1.);
#2832 = DIRECTION('',(1.,0.,-0.));
#2833 = ORIENTED_EDGE('',*,*,#2777,.F.);
#2834 = PLANE('',#2835);
#2835 = AXIS2_PLACEMENT_3D('',#2836,#2837,#2838);
#2836 = CARTESIAN_POINT('',(-840.,340.,620.));
#2837 = DIRECTION('',(-0.,1.,0.));
#2838 = DIRECTION('',(0.,0.,1.));
#2839 = ADVANCED_FACE('',(#2840),#2846,.F.);
#2840 = FACE_BOUND('',#2841,.F.);
#2841 = EDGE_LOOP('',(#2842,#2843,#2844,#2845));
#2842 = ORIENTED_EDGE('',*,*,#2729,.F.);
#2843 = ORIENTED_EDGE('',*,*,#2799,.T.);
#2844 = ORIENTED_EDGE('',*,*,#2769,.T.);
#2845 = ORIENTED_EDGE('',*,*,#2821,.F.);
#2846 = PLANE('',#2847);
#2847 = AXIS2_PLACEMENT_3D('',#2848,#2849,#2850);
#2848 = CARTESIAN_POINT('',(-840.,260.,620.));
#2849 = DIRECTION('',(0.,0.,1.));
#2850 = DIRECTION('',(1.,0.,-0.));
#2851 = ADVANCED_FACE('',(#2852),#2858,.T.);
#2852 = FACE_BOUND('',#2853,.T.);
#2853 = EDGE_LOOP('',(#2854,#2855,#2856,#2857));
#2854 = ORIENTED_EDGE('',*,*,#2745,.F.);
#2855 = ORIENTED_EDGE('',*,*,#2806,.T.);
#2856 = ORIENTED_EDGE('',*,*,#2785,.T.);
#2857 = ORIENTED_EDGE('',*,*,#2828,.F.);
#2858 = PLANE('',#2859);
#2859 = AXIS2_PLACEMENT_3D('',#2860,#2861,#2862);
#2860 = CARTESIAN_POINT('',(-840.,260.,700.));
#2861 = DIRECTION('',(0.,0.,1.));
#2862 = DIRECTION('',(1.,0.,-0.));
#2863 = ( GEOMETRIC_REPRESENTATION_CONTEXT(3) 
GLOBAL_UNCERTAINTY_ASSIGNED_CONTEXT((#2867)) 
GLOBAL_UNIT_ASSIGNED_CONTEXT((#2864,#2865,#2866)) REPRESENTATION_CONTEXT
('Context #1','3D Context with UNIT and UNCERTAINTY') );
#2864 = ( LENGTH_UNIT() NAMED_UNIT(*) SI_UNIT(.MILLI.,.METRE.) );
#2865 = ( NAMED_UNIT(*) PLANE_ANGLE_UNIT() SI_UNIT($,.RADIAN.) );
#2866 = ( NAMED_UNIT(*) SI_UNIT($,.STERADIAN.) SOLID_ANGLE_UNIT() );
#2867 = UNCERTAINTY_MEASURE_WITH_UNIT(LENGTH_MEASURE(1.E-07),#2864,
  'distance_accuracy_value','confusion accuracy');
#2868 = CONTEXT_DEPENDENT_SHAPE_REPRESENTATION(#2869,#2871);
#2869 = ( REPRESENTATION_RELATIONSHIP('','',#2712,#2685) 
REPRESENTATION_RELATIONSHIP_WITH_TRANSFORMATION(#2870) 
SHAPE_REPRESENTATION_RELATIONSHIP() );
#2870 = ITEM_DEFINED_TRANSFORMATION('','',#11,#2686);
#2871 = PRODUCT_DEFINITION_SHAPE('Placement','Placement of an item',
  #2872);
#2872 = NEXT_ASSEMBLY_USAGE_OCCURRENCE('18','coolant_pump','',#2680,
  #2707,$);
#2873 = PRODUCT_RELATED_PRODUCT_CATEGORY('part',$,(#2709));
#2874 = SHAPE_DEFINITION_REPRESENTATION(#2875,#2881);
#2875 = PRODUCT_DEFINITION_SHAPE('','',#2876);
#2876 = PRODUCT_DEFINITION('design','',#2877,#2880);
#2877 = PRODUCT_DEFINITION_FORMATION('','',#2878);
#2878 = PRODUCT('heat_exchanger','heat_exchanger','',(#2879));
#2879 = PRODUCT_CONTEXT('',#2,'mechanical');
#2880 = PRODUCT_DEFINITION_CONTEXT('part definition',#2,'design');
#2881 = ADVANCED_BREP_SHAPE_REPRESENTATION('',(#11,#2882),#3032);
#2882 = MANIFOLD_SOLID_BREP('',#2883);
#2883 = CLOSED_SHELL('',(#2884,#2924,#2964,#2986,#3008,#3020));
#2884 = ADVANCED_FACE('',(#2885),#2919,.F.);
#2885 = FACE_BOUND('',#2886,.F.);
#2886 = EDGE_LOOP('',(#2887,#2897,#2905,#2913));
#2887 = ORIENTED_EDGE('',*,*,#2888,.F.);
#2888 = EDGE_CURVE('',#2889,#2891,#2893,.T.);
#2889 = VERTEX_POINT('',#2890);
#2890 = CARTESIAN_POINT('',(-930.,-360.,610.));
#2891 = VERTEX_POINT('',#2892);
#2892 = CARTESIAN_POINT('',(-930.,-360.,670.));
#2893 = LINE('',#2894,#2895);
#2894 = CARTESIAN_POINT('',(-930.,-360.,610.));
#2895 = VECTOR('',#2896,1.);
#2896 = DIRECTION('',(0.,0.,1.));
#2897 = ORIENTED_EDGE('',*,*,#2898,.T.);
#2898 = EDGE_CURVE('',#2889,#2899,#2901,.T.);
#2899 = VERTEX_POINT('',#2900);
#2900 = CARTESIAN_POINT('',(-930.,-240.,610.));
#2901 = LINE('',#2902,#2903);
#2902 = CARTESIAN_POINT('',(-930.,-360.,610.));
#2903 = VECTOR('',#2904,1.);
#2904 = DIRECTION('',(-0.,1.,0.));
#2905 = ORIENTED_EDGE('',*,*,#2906,.T.);
#2906 = EDGE_CURVE('',#2899,#2907,#2909,.T.);
#2907 = VERTEX_POINT('',#2908);
#2908 = CARTESIAN_POINT('',(-930.,-240.,670.));
#2909 = LINE('',#2910,#2911);
#2910 = CARTESIAN_POINT('',(-930.,-240.,610.));
#2911 = VECTOR('',#2912,1.);
#2912 = DIRECTION('',(0.,0.,1.));
#2913 = ORIENTED_EDGE('',*,*,#2914,.F.);
#2914 = EDGE_CURVE('',#2891,#2907,#2915,.T.);
#2915 = LINE('',#2916,#2917);
#2916 = CARTESIAN_POINT('',(-930.,-360.,670.));
#2917 = VECTOR('',#2918,1.);
#2918 = DIRECTION('',(-0.,1.,0.));
#2919 = PLANE('',#2920);
#2920 = AXIS2_PLACEMENT_3D('',#2921,#2922,#2923);
#2921 = CARTESIAN_POINT('',(-930.,-360.,610.));
#2922 = DIRECTION('',(1.,0.,-0.));
#2923 = DIRECTION('',(0.,0.,1.));
#2924 = ADVANCED_FACE('',(#2925),#2959,.T.);
#2925 = FACE_BOUND('',#2926,.T.);
#2926 = EDGE_LOOP('',(#2927,#2937,#2945,#2953));
#2927 = ORIENTED_EDGE('',*,*,#2928,.F.);
#2928 = EDGE_CURVE('',#2929,#2931,#2933,.T.);
#2929 = VERTEX_POINT('',#2930);
#2930 = CARTESIAN_POINT('',(-630.,-360.,610.));
#2931 = VERTEX_POINT('',#2932);
#2932 = CARTESIAN_POINT('',(-630.,-360.,670.));
#2933 = LINE('',#2934,#2935);
#2934 = CARTESIAN_POINT('',(-630.,-360.,610.));
#2935 = VECTOR('',#2936,1.);
#2936 = DIRECTION('',(0.,0.,1.));
#2937 = ORIENTED_EDGE('',*,*,#2938,.T.);
#2938 = EDGE_CURVE('',#2929,#2939,#2941,.T.);
#2939 = VERTEX_POINT('',#2940);
#2940 = CARTESIAN_POINT('',(-630.,-240.,610.));
#2941 = LINE('',#2942,#2943);
#2942 = CARTESIAN_POINT('',(-630.,-360.,610.));
#2943 = VECTOR('',#2944,1.);
#2944 = DIRECTION('',(-0.,1.,0.));
#2945 = ORIENTED_EDGE('',*,*,#2946,.T.);
#2946 = EDGE_CURVE('',#2939,#2947,#2949,.T.);
#2947 = VERTEX_POINT('',#2948);
#2948 = CARTESIAN_POINT('',(-630.,-240.,670.));
#2949 = LINE('',#2950,#2951);
#2950 = CARTESIAN_POINT('',(-630.,-240.,610.));
#2951 = VECTOR('',#2952,1.);
#2952 = DIRECTION('',(0.,0.,1.));
#2953 = ORIENTED_EDGE('',*,*,#2954,.F.);
#2954 = EDGE_CURVE('',#2931,#2947,#2955,.T.);
#2955 = LINE('',#2956,#2957);
#2956 = CARTESIAN_POINT('',(-630.,-360.,670.));
#2957 = VECTOR('',#2958,1.);
#2958 = DIRECTION('',(-0.,1.,0.));
#2959 = PLANE('',#2960);
#2960 = AXIS2_PLACEMENT_3D('',#2961,#2962,#2963);
#2961 = CARTESIAN_POINT('',(-630.,-360.,610.));
#2962 = DIRECTION('',(1.,0.,-0.));
#2963 = DIRECTION('',(0.,0.,1.));
#2964 = ADVANCED_FACE('',(#2965),#2981,.F.);
#2965 = FACE_BOUND('',#2966,.F.);
#2966 = EDGE_LOOP('',(#2967,#2973,#2974,#2980));
#2967 = ORIENTED_EDGE('',*,*,#2968,.F.);
#2968 = EDGE_CURVE('',#2889,#2929,#2969,.T.);
#2969 = LINE('',#2970,#2971);
#2970 = CARTESIAN_POINT('',(-930.,-360.,610.));
#2971 = VECTOR('',#2972,1.);
#2972 = DIRECTION('',(1.,0.,-0.));
#2973 = ORIENTED_EDGE('',*,*,#2888,.T.);
#2974 = ORIENTED_EDGE('',*,*,#2975,.T.);
#2975 = EDGE_CURVE('',#2891,#2931,#2976,.T.);
#2976 = LINE('',#2977,#2978);
#2977 = CARTESIAN_POINT('',(-930.,-360.,670.));
#2978 = VECTOR('',#2979,1.);
#2979 = DIRECTION('',(1.,0.,-0.));
#2980 = ORIENTED_EDGE('',*,*,#2928,.F.);
#2981 = PLANE('',#2982);
#2982 = AXIS2_PLACEMENT_3D('',#2983,#2984,#2985);
#2983 = CARTESIAN_POINT('',(-930.,-360.,610.));
#2984 = DIRECTION('',(-0.,1.,0.));
#2985 = DIRECTION('',(0.,0.,1.));
#2986 = ADVANCED_FACE('',(#2987),#3003,.T.);
#2987 = FACE_BOUND('',#2988,.T.);
#2988 = EDGE_LOOP('',(#2989,#2995,#2996,#3002));
#2989 = ORIENTED_EDGE('',*,*,#2990,.F.);
#2990 = EDGE_CURVE('',#2899,#2939,#2991,.T.);
#2991 = LINE('',#2992,#2993);
#2992 = CARTESIAN_POINT('',(-930.,-240.,610.));
#2993 = VECTOR('',#2994,1.);
#2994 = DIRECTION('',(1.,0.,-0.));
#2995 = ORIENTED_EDGE('',*,*,#2906,.T.);
#2996 = ORIENTED_EDGE('',*,*,#2997,.T.);
#2997 = EDGE_CURVE('',#2907,#2947,#2998,.T.);
#2998 = LINE('',#2999,#3000);
#2999 = CARTESIAN_POINT('',(-930.,-240.,670.));
#3000 = VECTOR('',#3001,1.);
#3001 = DIRECTION('',(1.,0.,-0.));
#3002 = ORIENTED_EDGE('',*,*,#2946,.F.);
#3003 = PLANE('',#3004);
#3004 = AXIS2_PLACEMENT_3D('',#3005,#3006,#3007);
#3005 = CARTESIAN_POINT('',(-930.,-240.,610.));
#3006 = DIRECTION('',(-0.,1.,0.));
#3007 = DIRECTION('',(0.,0.,1.));
#3008 = ADVANCED_FACE('',(#3009),#3015,.F.);
#3009 = FACE_BOUND('',#3010,.F.);
#3010 = EDGE_LOOP('',(#3011,#3012,#3013,#3014));
#3011 = ORIENTED_EDGE('',*,*,#2898,.F.);
#3012 = ORIENTED_EDGE('',*,*,#2968,.T.);
#3013 = ORIENTED_EDGE('',*,*,#2938,.T.);
#3014 = ORIENTED_EDGE('',*,*,#2990,.F.);
#3015 = PLANE('',#3016);
#3016 = AXIS2_PLACEMENT_3D('',#3017,#3018,#3019);
#3017 = CARTESIAN_POINT('',(-930.,-360.,610.));
#3018 = DIRECTION('',(0.,0.,1.));
#3019 = DIRECTION('',(1.,0.,-0.));
#3020 = ADVANCED_FACE('',(#3021),#3027,.T.);
#3021 = FACE_BOUND('',#3022,.T.);
#3022 = EDGE_LOOP('',(#3023,#3024,#3025,#3026));
#3023 = ORIENTED_EDGE('',*,*,#2914,.F.);
#3024 = ORIENTED_EDGE('',*,*,#2975,.T.);
#3025 = ORIENTED_EDGE('',*,*,#2954,.T.);
#3026 = ORIENTED_EDGE('',*,*,#2997,.F.);
#3027 = PLANE('',#3028);
#3028 = AXIS2_PLACEMENT_3D('',#3029,#3030,#3031);
#3029 = CARTESIAN_POINT('',(-930.,-360.,670.));
#3030 = DIRECTION('',(0.,0.,1.));
#3031 = DIRECTION('',(1.,0.,-0.));
#3032 = ( GEOMETRIC_REPRESENTATION_CONTEXT(3) 
GLOBAL_UNCERTAINTY_ASSIGNED_CONTEXT((#3036)) 
GLOBAL_UNIT_ASSIGNED_CONTEXT((#3033,#3034,#3035)) REPRESENTATION_CONTEXT
('Context #1','3D Context with UNIT and UNCERTAINTY') );
#3033 = ( LENGTH_UNIT() NAMED_UNIT(*) SI_UNIT(.MILLI.,.METRE.) );
#3034 = ( NAMED_UNIT(*) PLANE_ANGLE_UNIT() SI_UNIT($,.RADIAN.) );
#3035 = ( NAMED_UNIT(*) SI_UNIT($,.STERADIAN.) SOLID_ANGLE_UNIT() );
#3036 = UNCERTAINTY_MEASURE_WITH_UNIT(LENGTH_MEASURE(1.E-07),#3033,
  'distance_accuracy_value','confusion accuracy');
#3037 = CONTEXT_DEPENDENT_SHAPE_REPRESENTATION(#3038,#3040);
#3038 = ( REPRESENTATION_RELATIONSHIP('','',#2881,#2685) 
REPRESENTATION_RELATIONSHIP_WITH_TRANSFORMATION(#3039) 
SHAPE_REPRESENTATION_RELATIONSHIP() );
#3039 = ITEM_DEFINED_TRANSFORMATION('','',#11,#2690);
#3040 = PRODUCT_DEFINITION_SHAPE('Placement','Placement of an item',
  #3041);
#3041 = NEXT_ASSEMBLY_USAGE_OCCURRENCE('19','heat_exchanger','',#2680,
  #2876,$);
#3042 = PRODUCT_RELATED_PRODUCT_CATEGORY('part',$,(#2878));
#3043 = SHAPE_DEFINITION_REPRESENTATION(#3044,#3050);
#3044 = PRODUCT_DEFINITION_SHAPE('','',#3045);
#3045 = PRODUCT_DEFINITION('design','',#3046,#3049);
#3046 = PRODUCT_DEFINITION_FORMATION('','',#3047);
#3047 = PRODUCT('Powertrain Structure','Powertrain Structure','',(#3048)
  );
#3048 = PRODUCT_CONTEXT('',#2,'mechanical');
#3049 = PRODUCT_DEFINITION_CONTEXT('part definition',#2,'design');
#3050 = SHAPE_REPRESENTATION('',(#11,#3051),#3055);
#3051 = AXIS2_PLACEMENT_3D('',#3052,#3053,#3054);
#3052 = CARTESIAN_POINT('',(0.,0.,0.));
#3053 = DIRECTION('',(0.,0.,1.));
#3054 = DIRECTION('',(1.,0.,0.));
#3055 = ( GEOMETRIC_REPRESENTATION_CONTEXT(3) 
GLOBAL_UNCERTAINTY_ASSIGNED_CONTEXT((#3059)) 
GLOBAL_UNIT_ASSIGNED_CONTEXT((#3056,#3057,#3058)) REPRESENTATION_CONTEXT
('Context #1','3D Context with UNIT and UNCERTAINTY') );
#3056 = ( LENGTH_UNIT() NAMED_UNIT(*) SI_UNIT(.MILLI.,.METRE.) );
#3057 = ( NAMED_UNIT(*) PLANE_ANGLE_UNIT() SI_UNIT($,.RADIAN.) );
#3058 = ( NAMED_UNIT(*) SI_UNIT($,.STERADIAN.) SOLID_ANGLE_UNIT() );
#3059 = UNCERTAINTY_MEASURE_WITH_UNIT(LENGTH_MEASURE(1.E-07),#3056,
  'distance_accuracy_value','confusion accuracy');
#3060 = CONTEXT_DEPENDENT_SHAPE_REPRESENTATION(#3061,#3063);
#3061 = ( REPRESENTATION_RELATIONSHIP('','',#3050,#10) 
REPRESENTATION_RELATIONSHIP_WITH_TRANSFORMATION(#3062) 
SHAPE_REPRESENTATION_RELATIONSHIP() );
#3062 = ITEM_DEFINED_TRANSFORMATION('','',#11,#27);
#3063 = PRODUCT_DEFINITION_SHAPE('Placement','Placement of an item',
  #3064);
#3064 = NEXT_ASSEMBLY_USAGE_OCCURRENCE('22','Powertrain Structure','',#5
  ,#3045,$);
#3065 = PRODUCT_RELATED_PRODUCT_CATEGORY('part',$,(#3047));
#3066 = SHAPE_DEFINITION_REPRESENTATION(#3067,#3073);
#3067 = PRODUCT_DEFINITION_SHAPE('','',#3068);
#3068 = PRODUCT_DEFINITION('design','',#3069,#3072);
#3069 = PRODUCT_DEFINITION_FORMATION('','',#3070);
#3070 = PRODUCT('bulkhead','bulkhead','',(#3071));
#3071 = PRODUCT_CONTEXT('',#2,'mechanical');
#3072 = PRODUCT_DEFINITION_CONTEXT('part definition',#2,'design');
#3073 = ADVANCED_BREP_SHAPE_REPRESENTATION('',(#11,#3074),#3224);
#3074 = MANIFOLD_SOLID_BREP('',#3075);
#3075 = CLOSED_SHELL('',(#3076,#3116,#3156,#3178,#3200,#3212));
#3076 = ADVANCED_FACE('',(#3077),#3111,.F.);
#3077 = FACE_BOUND('',#3078,.F.);
#3078 = EDGE_LOOP('',(#3079,#3089,#3097,#3105));
#3079 = ORIENTED_EDGE('',*,*,#3080,.F.);
#3080 = EDGE_CURVE('',#3081,#3083,#3085,.T.);
#3081 = VERTEX_POINT('',#3082);
#3082 = CARTESIAN_POINT('',(114.,-700.,577.7));
#3083 = VERTEX_POINT('',#3084);
#3084 = CARTESIAN_POINT('',(114.,-700.,1.0977E+03));
#3085 = LINE('',#3086,#3087);
#3086 = CARTESIAN_POINT('',(114.,-700.,577.7));
#3087 = VECTOR('',#3088,1.);
#3088 = DIRECTION('',(0.,0.,1.));
#3089 = ORIENTED_EDGE('',*,*,#3090,.T.);
#3090 = EDGE_CURVE('',#3081,#3091,#3093,.T.);
#3091 = VERTEX_POINT('',#3092);
#3092 = CARTESIAN_POINT('',(114.,700.,577.7));
#3093 = LINE('',#3094,#3095);
#3094 = CARTESIAN_POINT('',(114.,-700.,577.7));
#3095 = VECTOR('',#3096,1.);
#3096 = DIRECTION('',(-0.,1.,0.));
#3097 = ORIENTED_EDGE('',*,*,#3098,.T.);
#3098 = EDGE_CURVE('',#3091,#3099,#3101,.T.);
#3099 = VERTEX_POINT('',#3100);
#3100 = CARTESIAN_POINT('',(114.,700.,1.0977E+03));
#3101 = LINE('',#3102,#3103);
#3102 = CARTESIAN_POINT('',(114.,700.,577.7));
#3103 = VECTOR('',#3104,1.);
#3104 = DIRECTION('',(0.,0.,1.));
#3105 = ORIENTED_EDGE('',*,*,#3106,.F.);
#3106 = EDGE_CURVE('',#3083,#3099,#3107,.T.);
#3107 = LINE('',#3108,#3109);
#3108 = CARTESIAN_POINT('',(114.,-700.,1.0977E+03));
#3109 = VECTOR('',#3110,1.);
#3110 = DIRECTION('',(-0.,1.,0.));
#3111 = PLANE('',#3112);
#3112 = AXIS2_PLACEMENT_3D('',#3113,#3114,#3115);
#3113 = CARTESIAN_POINT('',(114.,-700.,577.7));
#3114 = DIRECTION('',(1.,0.,-0.));
#3115 = DIRECTION('',(0.,0.,1.));
#3116 = ADVANCED_FACE('',(#3117),#3151,.T.);
#3117 = FACE_BOUND('',#3118,.T.);
#3118 = EDGE_LOOP('',(#3119,#3129,#3137,#3145));
#3119 = ORIENTED_EDGE('',*,*,#3120,.F.);
#3120 = EDGE_CURVE('',#3121,#3123,#3125,.T.);
#3121 = VERTEX_POINT('',#3122);
#3122 = CARTESIAN_POINT('',(126.,-700.,577.7));
#3123 = VERTEX_POINT('',#3124);
#3124 = CARTESIAN_POINT('',(126.,-700.,1.0977E+03));
#3125 = LINE('',#3126,#3127);
#3126 = CARTESIAN_POINT('',(126.,-700.,577.7));
#3127 = VECTOR('',#3128,1.);
#3128 = DIRECTION('',(0.,0.,1.));
#3129 = ORIENTED_EDGE('',*,*,#3130,.T.);
#3130 = EDGE_CURVE('',#3121,#3131,#3133,.T.);
#3131 = VERTEX_POINT('',#3132);
#3132 = CARTESIAN_POINT('',(126.,700.,577.7));
#3133 = LINE('',#3134,#3135);
#3134 = CARTESIAN_POINT('',(126.,-700.,577.7));
#3135 = VECTOR('',#3136,1.);
#3136 = DIRECTION('',(-0.,1.,0.));
#3137 = ORIENTED_EDGE('',*,*,#3138,.T.);
#3138 = EDGE_CURVE('',#3131,#3139,#3141,.T.);
#3139 = VERTEX_POINT('',#3140);
#3140 = CARTESIAN_POINT('',(126.,700.,1.0977E+03));
#3141 = LINE('',#3142,#3143);
#3142 = CARTESIAN_POINT('',(126.,700.,577.7));
#3143 = VECTOR('',#3144,1.);
#3144 = DIRECTION('',(0.,0.,1.));
#3145 = ORIENTED_EDGE('',*,*,#3146,.F.);
#3146 = EDGE_CURVE('',#3123,#3139,#3147,.T.);
#3147 = LINE('',#3148,#3149);
#3148 = CARTESIAN_POINT('',(126.,-700.,1.0977E+03));
#3149 = VECTOR('',#3150,1.);
#3150 = DIRECTION('',(-0.,1.,0.));
#3151 = PLANE('',#3152);
#3152 = AXIS2_PLACEMENT_3D('',#3153,#3154,#3155);
#3153 = CARTESIAN_POINT('',(126.,-700.,577.7));
#3154 = DIRECTION('',(1.,0.,-0.));
#3155 = DIRECTION('',(0.,0.,1.));
#3156 = ADVANCED_FACE('',(#3157),#3173,.F.);
#3157 = FACE_BOUND('',#3158,.F.);
#3158 = EDGE_LOOP('',(#3159,#3165,#3166,#3172));
#3159 = ORIENTED_EDGE('',*,*,#3160,.F.);
#3160 = EDGE_CURVE('',#3081,#3121,#3161,.T.);
#3161 = LINE('',#3162,#3163);
#3162 = CARTESIAN_POINT('',(114.,-700.,577.7));
#3163 = VECTOR('',#3164,1.);
#3164 = DIRECTION('',(1.,0.,-0.));
#3165 = ORIENTED_EDGE('',*,*,#3080,.T.);
#3166 = ORIENTED_EDGE('',*,*,#3167,.T.);
#3167 = EDGE_CURVE('',#3083,#3123,#3168,.T.);
#3168 = LINE('',#3169,#3170);
#3169 = CARTESIAN_POINT('',(114.,-700.,1.0977E+03));
#3170 = VECTOR('',#3171,1.);
#3171 = DIRECTION('',(1.,0.,-0.));
#3172 = ORIENTED_EDGE('',*,*,#3120,.F.);
#3173 = PLANE('',#3174);
#3174 = AXIS2_PLACEMENT_3D('',#3175,#3176,#3177);
#3175 = CARTESIAN_POINT('',(114.,-700.,577.7));
#3176 = DIRECTION('',(-0.,1.,0.));
#3177 = DIRECTION('',(0.,0.,1.));
#3178 = ADVANCED_FACE('',(#3179),#3195,.T.);
#3179 = FACE_BOUND('',#3180,.T.);
#3180 = EDGE_LOOP('',(#3181,#3187,#3188,#3194));
#3181 = ORIENTED_EDGE('',*,*,#3182,.F.);
#3182 = EDGE_CURVE('',#3091,#3131,#3183,.T.);
#3183 = LINE('',#3184,#3185);
#3184 = CARTESIAN_POINT('',(114.,700.,577.7));
#3185 = VECTOR('',#3186,1.);
#3186 = DIRECTION('',(1.,0.,-0.));
#3187 = ORIENTED_EDGE('',*,*,#3098,.T.);
#3188 = ORIENTED_EDGE('',*,*,#3189,.T.);
#3189 = EDGE_CURVE('',#3099,#3139,#3190,.T.);
#3190 = LINE('',#3191,#3192);
#3191 = CARTESIAN_POINT('',(114.,700.,1.0977E+03));
#3192 = VECTOR('',#3193,1.);
#3193 = DIRECTION('',(1.,0.,-0.));
#3194 = ORIENTED_EDGE('',*,*,#3138,.F.);
#3195 = PLANE('',#3196);
#3196 = AXIS2_PLACEMENT_3D('',#3197,#3198,#3199);
#3197 = CARTESIAN_POINT('',(114.,700.,577.7));
#3198 = DIRECTION('',(-0.,1.,0.));
#3199 = DIRECTION('',(0.,0.,1.));
#3200 = ADVANCED_FACE('',(#3201),#3207,.F.);
#3201 = FACE_BOUND('',#3202,.F.);
#3202 = EDGE_LOOP('',(#3203,#3204,#3205,#3206));
#3203 = ORIENTED_EDGE('',*,*,#3090,.F.);
#3204 = ORIENTED_EDGE('',*,*,#3160,.T.);
#3205 = ORIENTED_EDGE('',*,*,#3130,.T.);
#3206 = ORIENTED_EDGE('',*,*,#3182,.F.);
#3207 = PLANE('',#3208);
#3208 = AXIS2_PLACEMENT_3D('',#3209,#3210,#3211);
#3209 = CARTESIAN_POINT('',(114.,-700.,577.7));
#3210 = DIRECTION('',(0.,0.,1.));
#3211 = DIRECTION('',(1.,0.,-0.));
#3212 = ADVANCED_FACE('',(#3213),#3219,.T.);
#3213 = FACE_BOUND('',#3214,.T.);
#3214 = EDGE_LOOP('',(#3215,#3216,#3217,#3218));
#3215 = ORIENTED_EDGE('',*,*,#3106,.F.);
#3216 = ORIENTED_EDGE('',*,*,#3167,.T.);
#3217 = ORIENTED_EDGE('',*,*,#3146,.T.);
#3218 = ORIENTED_EDGE('',*,*,#3189,.F.);
#3219 = PLANE('',#3220);
#3220 = AXIS2_PLACEMENT_3D('',#3221,#3222,#3223);
#3221 = CARTESIAN_POINT('',(114.,-700.,1.0977E+03));
#3222 = DIRECTION('',(0.,0.,1.));
#3223 = DIRECTION('',(1.,0.,-0.));
#3224 = ( GEOMETRIC_REPRESENTATION_CONTEXT(3) 
GLOBAL_UNCERTAINTY_ASSIGNED_CONTEXT((#3228)) 
GLOBAL_UNIT_ASSIGNED_CONTEXT((#3225,#3226,#3227)) REPRESENTATION_CONTEXT
('Context #1','3D Context with UNIT and UNCERTAINTY') );
#3225 = ( LENGTH_UNIT() NAMED_UNIT(*) SI_UNIT(.MILLI.,.METRE.) );
#3226 = ( NAMED_UNIT(*) PLANE_ANGLE_UNIT() SI_UNIT($,.RADIAN.) );
#3227 = ( NAMED_UNIT(*) SI_UNIT($,.STERADIAN.) SOLID_ANGLE_UNIT() );
#3228 = UNCERTAINTY_MEASURE_WITH_UNIT(LENGTH_MEASURE(1.E-07),#3225,
  'distance_accuracy_value','confusion accuracy');
#3229 = CONTEXT_DEPENDENT_SHAPE_REPRESENTATION(#3230,#3232);
#3230 = ( REPRESENTATION_RELATIONSHIP('','',#3073,#3050) 
REPRESENTATION_RELATIONSHIP_WITH_TRANSFORMATION(#3231) 
SHAPE_REPRESENTATION_RELATIONSHIP() );
#3231 = ITEM_DEFINED_TRANSFORMATION('','',#11,#3051);
#3232 = PRODUCT_DEFINITION_SHAPE('Placement','Placement of an item',
  #3233);
#3233 = NEXT_ASSEMBLY_USAGE_OCCURRENCE('21','bulkhead','',#3045,#3068,$
  );
#3234 = PRODUCT_RELATED_PRODUCT_CATEGORY('part',$,(#3070));
#3235 = SHAPE_DEFINITION_REPRESENTATION(#3236,#3242);
#3236 = PRODUCT_DEFINITION_SHAPE('','',#3237);
#3237 = PRODUCT_DEFINITION('design','',#3238,#3241);
#3238 = PRODUCT_DEFINITION_FORMATION('','',#3239);
#3239 = PRODUCT('Powertrain Organiser','Powertrain Organiser','',(#3240)
  );
#3240 = PRODUCT_CONTEXT('',#2,'mechanical');
#3241 = PRODUCT_DEFINITION_CONTEXT('part definition',#2,'design');
#3242 = SHAPE_REPRESENTATION('',(#11,#3243),#3247);
#3243 = AXIS2_PLACEMENT_3D('',#3244,#3245,#3246);
#3244 = CARTESIAN_POINT('',(0.,0.,0.));
#3245 = DIRECTION('',(0.,0.,1.));
#3246 = DIRECTION('',(1.,0.,0.));
#3247 = ( GEOMETRIC_REPRESENTATION_CONTEXT(3) 
GLOBAL_UNCERTAINTY_ASSIGNED_CONTEXT((#3251)) 
GLOBAL_UNIT_ASSIGNED_CONTEXT((#3248,#3249,#3250)) REPRESENTATION_CONTEXT
('Context #1','3D Context with UNIT and UNCERTAINTY') );
#3248 = ( LENGTH_UNIT() NAMED_UNIT(*) SI_UNIT(.MILLI.,.METRE.) );
#3249 = ( NAMED_UNIT(*) PLANE_ANGLE_UNIT() SI_UNIT($,.RADIAN.) );
#3250 = ( NAMED_UNIT(*) SI_UNIT($,.STERADIAN.) SOLID_ANGLE_UNIT() );
#3251 = UNCERTAINTY_MEASURE_WITH_UNIT(LENGTH_MEASURE(1.E-07),#3248,
  'distance_accuracy_value','confusion accuracy');
#3252 = CONTEXT_DEPENDENT_SHAPE_REPRESENTATION(#3253,#3255);
#3253 = ( REPRESENTATION_RELATIONSHIP('','',#3242,#10) 
REPRESENTATION_RELATIONSHIP_WITH_TRANSFORMATION(#3254) 
SHAPE_REPRESENTATION_RELATIONSHIP() );
#3254 = ITEM_DEFINED_TRANSFORMATION('','',#11,#31);
#3255 = PRODUCT_DEFINITION_SHAPE('Placement','Placement of an item',
  #3256);
#3256 = NEXT_ASSEMBLY_USAGE_OCCURRENCE('24','Powertrain Organiser','',#5
  ,#3237,$);
#3257 = PRODUCT_RELATED_PRODUCT_CATEGORY('part',$,(#3239));
#3258 = SHAPE_DEFINITION_REPRESENTATION(#3259,#3265);
#3259 = PRODUCT_DEFINITION_SHAPE('','',#3260);
#3260 = PRODUCT_DEFINITION('design','',#3261,#3264);
#3261 = PRODUCT_DEFINITION_FORMATION('','',#3262);
#3262 = PRODUCT('monitor_bay','monitor_bay','',(#3263));
#3263 = PRODUCT_CONTEXT('',#2,'mechanical');
#3264 = PRODUCT_DEFINITION_CONTEXT('part definition',#2,'design');
#3265 = ADVANCED_BREP_SHAPE_REPRESENTATION('',(#11,#3266),#3416);
#3266 = MANIFOLD_SOLID_BREP('',#3267);
#3267 = CLOSED_SHELL('',(#3268,#3308,#3348,#3370,#3392,#3404));
#3268 = ADVANCED_FACE('',(#3269),#3303,.F.);
#3269 = FACE_BOUND('',#3270,.F.);
#3270 = EDGE_LOOP('',(#3271,#3281,#3289,#3297));
#3271 = ORIENTED_EDGE('',*,*,#3272,.F.);
#3272 = EDGE_CURVE('',#3273,#3275,#3277,.T.);
#3273 = VERTEX_POINT('',#3274);
#3274 = CARTESIAN_POINT('',(-160.,-80.,945.));
#3275 = VERTEX_POINT('',#3276);
#3276 = CARTESIAN_POINT('',(-160.,-80.,1.075E+03));
#3277 = LINE('',#3278,#3279);
#3278 = CARTESIAN_POINT('',(-160.,-80.,945.));
#3279 = VECTOR('',#3280,1.);
#3280 = DIRECTION('',(0.,0.,1.));
#3281 = ORIENTED_EDGE('',*,*,#3282,.T.);
#3282 = EDGE_CURVE('',#3273,#3283,#3285,.T.);
#3283 = VERTEX_POINT('',#3284);
#3284 = CARTESIAN_POINT('',(-160.,80.,945.));
#3285 = LINE('',#3286,#3287);
#3286 = CARTESIAN_POINT('',(-160.,-80.,945.));
#3287 = VECTOR('',#3288,1.);
#3288 = DIRECTION('',(-0.,1.,0.));
#3289 = ORIENTED_EDGE('',*,*,#3290,.T.);
#3290 = EDGE_CURVE('',#3283,#3291,#3293,.T.);
#3291 = VERTEX_POINT('',#3292);
#3292 = CARTESIAN_POINT('',(-160.,80.,1.075E+03));
#3293 = LINE('',#3294,#3295);
#3294 = CARTESIAN_POINT('',(-160.,80.,945.));
#3295 = VECTOR('',#3296,1.);
#3296 = DIRECTION('',(0.,0.,1.));
#3297 = ORIENTED_EDGE('',*,*,#3298,.F.);
#3298 = EDGE_CURVE('',#3275,#3291,#3299,.T.);
#3299 = LINE('',#3300,#3301);
#3300 = CARTESIAN_POINT('',(-160.,-80.,1.075E+03));
#3301 = VECTOR('',#3302,1.);
#3302 = DIRECTION('',(-0.,1.,0.));
#3303 = PLANE('',#3304);
#3304 = AXIS2_PLACEMENT_3D('',#3305,#3306,#3307);
#3305 = CARTESIAN_POINT('',(-160.,-80.,945.));
#3306 = DIRECTION('',(1.,0.,-0.));
#3307 = DIRECTION('',(0.,0.,1.));
#3308 = ADVANCED_FACE('',(#3309),#3343,.T.);
#3309 = FACE_BOUND('',#3310,.T.);
#3310 = EDGE_LOOP('',(#3311,#3321,#3329,#3337));
#3311 = ORIENTED_EDGE('',*,*,#3312,.F.);
#3312 = EDGE_CURVE('',#3313,#3315,#3317,.T.);
#3313 = VERTEX_POINT('',#3314);
#3314 = CARTESIAN_POINT('',(40.,-80.,945.));
#3315 = VERTEX_POINT('',#3316);
#3316 = CARTESIAN_POINT('',(40.,-80.,1.075E+03));
#3317 = LINE('',#3318,#3319);
#3318 = CARTESIAN_POINT('',(40.,-80.,945.));
#3319 = VECTOR('',#3320,1.);
#3320 = DIRECTION('',(0.,0.,1.));
#3321 = ORIENTED_EDGE('',*,*,#3322,.T.);
#3322 = EDGE_CURVE('',#3313,#3323,#3325,.T.);
#3323 = VERTEX_POINT('',#3324);
#3324 = CARTESIAN_POINT('',(40.,80.,945.));
#3325 = LINE('',#3326,#3327);
#3326 = CARTESIAN_POINT('',(40.,-80.,945.));
#3327 = VECTOR('',#3328,1.);
#3328 = DIRECTION('',(-0.,1.,0.));
#3329 = ORIENTED_EDGE('',*,*,#3330,.T.);
#3330 = EDGE_CURVE('',#3323,#3331,#3333,.T.);
#3331 = VERTEX_POINT('',#3332);
#3332 = CARTESIAN_POINT('',(40.,80.,1.075E+03));
#3333 = LINE('',#3334,#3335);
#3334 = CARTESIAN_POINT('',(40.,80.,945.));
#3335 = VECTOR('',#3336,1.);
#3336 = DIRECTION('',(0.,0.,1.));
#3337 = ORIENTED_EDGE('',*,*,#3338,.F.);
#3338 = EDGE_CURVE('',#3315,#3331,#3339,.T.);
#3339 = LINE('',#3340,#3341);
#3340 = CARTESIAN_POINT('',(40.,-80.,1.075E+03));
#3341 = VECTOR('',#3342,1.);
#3342 = DIRECTION('',(-0.,1.,0.));
#3343 = PLANE('',#3344);
#3344 = AXIS2_PLACEMENT_3D('',#3345,#3346,#3347);
#3345 = CARTESIAN_POINT('',(40.,-80.,945.));
#3346 = DIRECTION('',(1.,0.,-0.));
#3347 = DIRECTION('',(0.,0.,1.));
#3348 = ADVANCED_FACE('',(#3349),#3365,.F.);
#3349 = FACE_BOUND('',#3350,.F.);
#3350 = EDGE_LOOP('',(#3351,#3357,#3358,#3364));
#3351 = ORIENTED_EDGE('',*,*,#3352,.F.);
#3352 = EDGE_CURVE('',#3273,#3313,#3353,.T.);
#3353 = LINE('',#3354,#3355);
#3354 = CARTESIAN_POINT('',(-160.,-80.,945.));
#3355 = VECTOR('',#3356,1.);
#3356 = DIRECTION('',(1.,0.,-0.));
#3357 = ORIENTED_EDGE('',*,*,#3272,.T.);
#3358 = ORIENTED_EDGE('',*,*,#3359,.T.);
#3359 = EDGE_CURVE('',#3275,#3315,#3360,.T.);
#3360 = LINE('',#3361,#3362);
#3361 = CARTESIAN_POINT('',(-160.,-80.,1.075E+03));
#3362 = VECTOR('',#3363,1.);
#3363 = DIRECTION('',(1.,0.,-0.));
#3364 = ORIENTED_EDGE('',*,*,#3312,.F.);
#3365 = PLANE('',#3366);
#3366 = AXIS2_PLACEMENT_3D('',#3367,#3368,#3369);
#3367 = CARTESIAN_POINT('',(-160.,-80.,945.));
#3368 = DIRECTION('',(-0.,1.,0.));
#3369 = DIRECTION('',(0.,0.,1.));
#3370 = ADVANCED_FACE('',(#3371),#3387,.T.);
#3371 = FACE_BOUND('',#3372,.T.);
#3372 = EDGE_LOOP('',(#3373,#3379,#3380,#3386));
#3373 = ORIENTED_EDGE('',*,*,#3374,.F.);
#3374 = EDGE_CURVE('',#3283,#3323,#3375,.T.);
#3375 = LINE('',#3376,#3377);
#3376 = CARTESIAN_POINT('',(-160.,80.,945.));
#3377 = VECTOR('',#3378,1.);
#3378 = DIRECTION('',(1.,0.,-0.));
#3379 = ORIENTED_EDGE('',*,*,#3290,.T.);
#3380 = ORIENTED_EDGE('',*,*,#3381,.T.);
#3381 = EDGE_CURVE('',#3291,#3331,#3382,.T.);
#3382 = LINE('',#3383,#3384);
#3383 = CARTESIAN_POINT('',(-160.,80.,1.075E+03));
#3384 = VECTOR('',#3385,1.);
#3385 = DIRECTION('',(1.,0.,-0.));
#3386 = ORIENTED_EDGE('',*,*,#3330,.F.);
#3387 = PLANE('',#3388);
#3388 = AXIS2_PLACEMENT_3D('',#3389,#3390,#3391);
#3389 = CARTESIAN_POINT('',(-160.,80.,945.));
#3390 = DIRECTION('',(-0.,1.,0.));
#3391 = DIRECTION('',(0.,0.,1.));
#3392 = ADVANCED_FACE('',(#3393),#3399,.F.);
#3393 = FACE_BOUND('',#3394,.F.);
#3394 = EDGE_LOOP('',(#3395,#3396,#3397,#3398));
#3395 = ORIENTED_EDGE('',*,*,#3282,.F.);
#3396 = ORIENTED_EDGE('',*,*,#3352,.T.);
#3397 = ORIENTED_EDGE('',*,*,#3322,.T.);
#3398 = ORIENTED_EDGE('',*,*,#3374,.F.);
#3399 = PLANE('',#3400);
#3400 = AXIS2_PLACEMENT_3D('',#3401,#3402,#3403);
#3401 = CARTESIAN_POINT('',(-160.,-80.,945.));
#3402 = DIRECTION('',(0.,0.,1.));
#3403 = DIRECTION('',(1.,0.,-0.));
#3404 = ADVANCED_FACE('',(#3405),#3411,.T.);
#3405 = FACE_BOUND('',#3406,.T.);
#3406 = EDGE_LOOP('',(#3407,#3408,#3409,#3410));
#3407 = ORIENTED_EDGE('',*,*,#3298,.F.);
#3408 = ORIENTED_EDGE('',*,*,#3359,.T.);
#3409 = ORIENTED_EDGE('',*,*,#3338,.T.);
#3410 = ORIENTED_EDGE('',*,*,#3381,.F.);
#3411 = PLANE('',#3412);
#3412 = AXIS2_PLACEMENT_3D('',#3413,#3414,#3415);
#3413 = CARTESIAN_POINT('',(-160.,-80.,1.075E+03));
#3414 = DIRECTION('',(0.,0.,1.));
#3415 = DIRECTION('',(1.,0.,-0.));
#3416 = ( GEOMETRIC_REPRESENTATION_CONTEXT(3) 
GLOBAL_UNCERTAINTY_ASSIGNED_CONTEXT((#3420)) 
GLOBAL_UNIT_ASSIGNED_CONTEXT((#3417,#3418,#3419)) REPRESENTATION_CONTEXT
('Context #1','3D Context with UNIT and UNCERTAINTY') );
#3417 = ( LENGTH_UNIT() NAMED_UNIT(*) SI_UNIT(.MILLI.,.METRE.) );
#3418 = ( NAMED_UNIT(*) PLANE_ANGLE_UNIT() SI_UNIT($,.RADIAN.) );
#3419 = ( NAMED_UNIT(*) SI_UNIT($,.STERADIAN.) SOLID_ANGLE_UNIT() );
#3420 = UNCERTAINTY_MEASURE_WITH_UNIT(LENGTH_MEASURE(1.E-07),#3417,
  'distance_accuracy_value','confusion accuracy');
#3421 = CONTEXT_DEPENDENT_SHAPE_REPRESENTATION(#3422,#3424);
#3422 = ( REPRESENTATION_RELATIONSHIP('','',#3265,#3242) 
REPRESENTATION_RELATIONSHIP_WITH_TRANSFORMATION(#3423) 
SHAPE_REPRESENTATION_RELATIONSHIP() );
#3423 = ITEM_DEFINED_TRANSFORMATION('','',#11,#3243);
#3424 = PRODUCT_DEFINITION_SHAPE('Placement','Placement of an item',
  #3425);
#3425 = NEXT_ASSEMBLY_USAGE_OCCURRENCE('23','monitor_bay','',#3237,#3260
  ,$);
#3426 = PRODUCT_RELATED_PRODUCT_CATEGORY('part',$,(#3262));
#3427 = SHAPE_DEFINITION_REPRESENTATION(#3428,#3434);
#3428 = PRODUCT_DEFINITION_SHAPE('','',#3429);
#3429 = PRODUCT_DEFINITION('design','',#3430,#3433);
#3430 = PRODUCT_DEFINITION_FORMATION('','',#3431);
#3431 = PRODUCT('Powertrain Cable','Powertrain Cable','',(#3432));
#3432 = PRODUCT_CONTEXT('',#2,'mechanical');
#3433 = PRODUCT_DEFINITION_CONTEXT('part definition',#2,'design');
#3434 = SHAPE_REPRESENTATION('',(#11,#3435,#3439,#3443,#3447,#3451,#3455
    ,#3459,#3463),#3467);
#3435 = AXIS2_PLACEMENT_3D('',#3436,#3437,#3438);
#3436 = CARTESIAN_POINT('',(0.,0.,0.));
#3437 = DIRECTION('',(0.,0.,1.));
#3438 = DIRECTION('',(1.,0.,0.));
#3439 = AXIS2_PLACEMENT_3D('',#3440,#3441,#3442);
#3440 = CARTESIAN_POINT('',(0.,0.,0.));
#3441 = DIRECTION('',(0.,0.,1.));
#3442 = DIRECTION('',(1.,0.,0.));
#3443 = AXIS2_PLACEMENT_3D('',#3444,#3445,#3446);
#3444 = CARTESIAN_POINT('',(0.,0.,0.));
#3445 = DIRECTION('',(0.,0.,1.));
#3446 = DIRECTION('',(1.,0.,0.));
#3447 = AXIS2_PLACEMENT_3D('',#3448,#3449,#3450);
#3448 = CARTESIAN_POINT('',(0.,0.,0.));
#3449 = DIRECTION('',(0.,0.,1.));
#3450 = DIRECTION('',(1.,0.,0.));
#3451 = AXIS2_PLACEMENT_3D('',#3452,#3453,#3454);
#3452 = CARTESIAN_POINT('',(0.,0.,0.));
#3453 = DIRECTION('',(0.,0.,1.));
#3454 = DIRECTION('',(1.,0.,0.));
#3455 = AXIS2_PLACEMENT_3D('',#3456,#3457,#3458);
#3456 = CARTESIAN_POINT('',(0.,0.,0.));
#3457 = DIRECTION('',(0.,0.,1.));
#3458 = DIRECTION('',(1.,0.,0.));
#3459 = AXIS2_PLACEMENT_3D('',#3460,#3461,#3462);
#3460 = CARTESIAN_POINT('',(0.,0.,0.));
#3461 = DIRECTION('',(0.,0.,1.));
#3462 = DIRECTION('',(1.,0.,0.));
#3463 = AXIS2_PLACEMENT_3D('',#3464,#3465,#3466);
#3464 = CARTESIAN_POINT('',(0.,0.,0.));
#3465 = DIRECTION('',(0.,0.,1.));
#3466 = DIRECTION('',(1.,0.,0.));
#3467 = ( GEOMETRIC_REPRESENTATION_CONTEXT(3) 
GLOBAL_UNCERTAINTY_ASSIGNED_CONTEXT((#3471)) 
GLOBAL_UNIT_ASSIGNED_CONTEXT((#3468,#3469,#3470)) REPRESENTATION_CONTEXT
('Context #1','3D Context with UNIT and UNCERTAINTY') );
#3468 = ( LENGTH_UNIT() NAMED_UNIT(*) SI_UNIT(.MILLI.,.METRE.) );
#3469 = ( NAMED_UNIT(*) PLANE_ANGLE_UNIT() SI_UNIT($,.RADIAN.) );
#3470 = ( NAMED_UNIT(*) SI_UNIT($,.STERADIAN.) SOLID_ANGLE_UNIT() );
#3471 = UNCERTAINTY_MEASURE_WITH_UNIT(LENGTH_MEASURE(1.E-07),#3468,
  'distance_accuracy_value','confusion accuracy');
#3472 = CONTEXT_DEPENDENT_SHAPE_REPRESENTATION(#3473,#3475);
#3473 = ( REPRESENTATION_RELATIONSHIP('','',#3434,#10) 
REPRESENTATION_RELATIONSHIP_WITH_TRANSFORMATION(#3474) 
SHAPE_REPRESENTATION_RELATIONSHIP() );
#3474 = ITEM_DEFINED_TRANSFORMATION('','',#11,#35);
#3475 = PRODUCT_DEFINITION_SHAPE('Placement','Placement of an item',
  #3476);
#3476 = NEXT_ASSEMBLY_USAGE_OCCURRENCE('33','Powertrain Cable','',#5,
  #3429,$);
#3477 = PRODUCT_RELATED_PRODUCT_CATEGORY('part',$,(#3431));
#3478 = SHAPE_DEFINITION_REPRESENTATION(#3479,#3485);
#3479 = PRODUCT_DEFINITION_SHAPE('','',#3480);
#3480 = PRODUCT_DEFINITION('design','',#3481,#3484);
#3481 = PRODUCT_DEFINITION_FORMATION('','',#3482);
#3482 = PRODUCT('hv_pack_pos','hv_pack_pos','',(#3483));
#3483 = PRODUCT_CONTEXT('',#2,'mechanical');
#3484 = PRODUCT_DEFINITION_CONTEXT('part definition',#2,'design');
#3485 = ADVANCED_BREP_SHAPE_REPRESENTATION('',(#11,#3486),#3539);
#3486 = MANIFOLD_SOLID_BREP('',#3487);
#3487 = CLOSED_SHELL('',(#3488,#3521,#3530));
#3488 = ADVANCED_FACE('',(#3489),#3516,.T.);
#3489 = FACE_BOUND('',#3490,.T.);
#3490 = EDGE_LOOP('',(#3491,#3501,#3508,#3509));
#3491 = ORIENTED_EDGE('',*,*,#3492,.T.);
#3492 = EDGE_CURVE('',#3493,#3495,#3497,.T.);
#3493 = VERTEX_POINT('',#3494);
#3494 = CARTESIAN_POINT('',(-517.3,60.,790.15));
#3495 = VERTEX_POINT('',#3496);
#3496 = CARTESIAN_POINT('',(-517.3,60.,820.));
#3497 = LINE('',#3498,#3499);
#3498 = CARTESIAN_POINT('',(-517.3,60.,790.15));
#3499 = VECTOR('',#3500,1.);
#3500 = DIRECTION('',(0.,0.,1.));
#3501 = ORIENTED_EDGE('',*,*,#3502,.F.);
#3502 = EDGE_CURVE('',#3495,#3495,#3503,.T.);
#3503 = CIRCLE('',#3504,12.7);
#3504 = AXIS2_PLACEMENT_3D('',#3505,#3506,#3507);
#3505 = CARTESIAN_POINT('',(-530.,60.,820.));
#3506 = DIRECTION('',(0.,0.,1.));
#3507 = DIRECTION('',(1.,0.,-0.));
#3508 = ORIENTED_EDGE('',*,*,#3492,.F.);
#3509 = ORIENTED_EDGE('',*,*,#3510,.T.);
#3510 = EDGE_CURVE('',#3493,#3493,#3511,.T.);
#3511 = CIRCLE('',#3512,12.7);
#3512 = AXIS2_PLACEMENT_3D('',#3513,#3514,#3515);
#3513 = CARTESIAN_POINT('',(-530.,60.,790.15));
#3514 = DIRECTION('',(0.,0.,1.));
#3515 = DIRECTION('',(1.,0.,-0.));
#3516 = CYLINDRICAL_SURFACE('',#3517,12.7);
#3517 = AXIS2_PLACEMENT_3D('',#3518,#3519,#3520);
#3518 = CARTESIAN_POINT('',(-530.,60.,790.15));
#3519 = DIRECTION('',(0.,0.,1.));
#3520 = DIRECTION('',(1.,0.,-0.));
#3521 = ADVANCED_FACE('',(#3522),#3525,.F.);
#3522 = FACE_BOUND('',#3523,.F.);
#3523 = EDGE_LOOP('',(#3524));
#3524 = ORIENTED_EDGE('',*,*,#3510,.T.);
#3525 = PLANE('',#3526);
#3526 = AXIS2_PLACEMENT_3D('',#3527,#3528,#3529);
#3527 = CARTESIAN_POINT('',(-530.,60.,790.15));
#3528 = DIRECTION('',(0.,0.,1.));
#3529 = DIRECTION('',(1.,0.,-0.));
#3530 = ADVANCED_FACE('',(#3531),#3534,.T.);
#3531 = FACE_BOUND('',#3532,.T.);
#3532 = EDGE_LOOP('',(#3533));
#3533 = ORIENTED_EDGE('',*,*,#3502,.T.);
#3534 = PLANE('',#3535);
#3535 = AXIS2_PLACEMENT_3D('',#3536,#3537,#3538);
#3536 = CARTESIAN_POINT('',(-530.,60.,820.));
#3537 = DIRECTION('',(0.,0.,1.));
#3538 = DIRECTION('',(1.,0.,-0.));
#3539 = ( GEOMETRIC_REPRESENTATION_CONTEXT(3) 
GLOBAL_UNCERTAINTY_ASSIGNED_CONTEXT((#3543)) 
GLOBAL_UNIT_ASSIGNED_CONTEXT((#3540,#3541,#3542)) REPRESENTATION_CONTEXT
('Context #1','3D Context with UNIT and UNCERTAINTY') );
#3540 = ( LENGTH_UNIT() NAMED_UNIT(*) SI_UNIT(.MILLI.,.METRE.) );
#3541 = ( NAMED_UNIT(*) PLANE_ANGLE_UNIT() SI_UNIT($,.RADIAN.) );
#3542 = ( NAMED_UNIT(*) SI_UNIT($,.STERADIAN.) SOLID_ANGLE_UNIT() );
#3543 = UNCERTAINTY_MEASURE_WITH_UNIT(LENGTH_MEASURE(1.E-07),#3540,
  'distance_accuracy_value','confusion accuracy');
#3544 = CONTEXT_DEPENDENT_SHAPE_REPRESENTATION(#3545,#3547);
#3545 = ( REPRESENTATION_RELATIONSHIP('','',#3485,#3434) 
REPRESENTATION_RELATIONSHIP_WITH_TRANSFORMATION(#3546) 
SHAPE_REPRESENTATION_RELATIONSHIP() );
#3546 = ITEM_DEFINED_TRANSFORMATION('','',#11,#3435);
#3547 = PRODUCT_DEFINITION_SHAPE('Placement','Placement of an item',
  #3548);
#3548 = NEXT_ASSEMBLY_USAGE_OCCURRENCE('25','hv_pack_pos','',#3429,#3480
  ,$);
#3549 = PRODUCT_RELATED_PRODUCT_CATEGORY('part',$,(#3482));
#3550 = SHAPE_DEFINITION_REPRESENTATION(#3551,#3557);
#3551 = PRODUCT_DEFINITION_SHAPE('','',#3552);
#3552 = PRODUCT_DEFINITION('design','',#3553,#3556);
#3553 = PRODUCT_DEFINITION_FORMATION('','',#3554);
#3554 = PRODUCT('hv_pack_neg','hv_pack_neg','',(#3555));
#3555 = PRODUCT_CONTEXT('',#2,'mechanical');
#3556 = PRODUCT_DEFINITION_CONTEXT('part definition',#2,'design');
#3557 = ADVANCED_BREP_SHAPE_REPRESENTATION('',(#11,#3558),#3611);
#3558 = MANIFOLD_SOLID_BREP('',#3559);
#3559 = CLOSED_SHELL('',(#3560,#3593,#3602));
#3560 = ADVANCED_FACE('',(#3561),#3588,.T.);
#3561 = FACE_BOUND('',#3562,.T.);
#3562 = EDGE_LOOP('',(#3563,#3573,#3580,#3581));
#3563 = ORIENTED_EDGE('',*,*,#3564,.T.);
#3564 = EDGE_CURVE('',#3565,#3567,#3569,.T.);
#3565 = VERTEX_POINT('',#3566);
#3566 = CARTESIAN_POINT('',(-577.3,-60.,790.15));
#3567 = VERTEX_POINT('',#3568);
#3568 = CARTESIAN_POINT('',(-577.3,-60.,820.));
#3569 = LINE('',#3570,#3571);
#3570 = CARTESIAN_POINT('',(-577.3,-60.,790.15));
#3571 = VECTOR('',#3572,1.);
#3572 = DIRECTION('',(0.,0.,1.));
#3573 = ORIENTED_EDGE('',*,*,#3574,.F.);
#3574 = EDGE_CURVE('',#3567,#3567,#3575,.T.);
#3575 = CIRCLE('',#3576,12.7);
#3576 = AXIS2_PLACEMENT_3D('',#3577,#3578,#3579);
#3577 = CARTESIAN_POINT('',(-590.,-60.,820.));
#3578 = DIRECTION('',(0.,0.,1.));
#3579 = DIRECTION('',(1.,0.,-0.));
#3580 = ORIENTED_EDGE('',*,*,#3564,.F.);
#3581 = ORIENTED_EDGE('',*,*,#3582,.T.);
#3582 = EDGE_CURVE('',#3565,#3565,#3583,.T.);
#3583 = CIRCLE('',#3584,12.7);
#3584 = AXIS2_PLACEMENT_3D('',#3585,#3586,#3587);
#3585 = CARTESIAN_POINT('',(-590.,-60.,790.15));
#3586 = DIRECTION('',(0.,0.,1.));
#3587 = DIRECTION('',(1.,0.,-0.));
#3588 = CYLINDRICAL_SURFACE('',#3589,12.7);
#3589 = AXIS2_PLACEMENT_3D('',#3590,#3591,#3592);
#3590 = CARTESIAN_POINT('',(-590.,-60.,790.15));
#3591 = DIRECTION('',(0.,0.,1.));
#3592 = DIRECTION('',(1.,0.,-0.));
#3593 = ADVANCED_FACE('',(#3594),#3597,.F.);
#3594 = FACE_BOUND('',#3595,.F.);
#3595 = EDGE_LOOP('',(#3596));
#3596 = ORIENTED_EDGE('',*,*,#3582,.T.);
#3597 = PLANE('',#3598);
#3598 = AXIS2_PLACEMENT_3D('',#3599,#3600,#3601);
#3599 = CARTESIAN_POINT('',(-590.,-60.,790.15));
#3600 = DIRECTION('',(0.,0.,1.));
#3601 = DIRECTION('',(1.,0.,-0.));
#3602 = ADVANCED_FACE('',(#3603),#3606,.T.);
#3603 = FACE_BOUND('',#3604,.T.);
#3604 = EDGE_LOOP('',(#3605));
#3605 = ORIENTED_EDGE('',*,*,#3574,.T.);
#3606 = PLANE('',#3607);
#3607 = AXIS2_PLACEMENT_3D('',#3608,#3609,#3610);
#3608 = CARTESIAN_POINT('',(-590.,-60.,820.));
#3609 = DIRECTION('',(0.,0.,1.));
#3610 = DIRECTION('',(1.,0.,-0.));
#3611 = ( GEOMETRIC_REPRESENTATION_CONTEXT(3) 
GLOBAL_UNCERTAINTY_ASSIGNED_CONTEXT((#3615)) 
GLOBAL_UNIT_ASSIGNED_CONTEXT((#3612,#3613,#3614)) REPRESENTATION_CONTEXT
('Context #1','3D Context with UNIT and UNCERTAINTY') );
#3612 = ( LENGTH_UNIT() NAMED_UNIT(*) SI_UNIT(.MILLI.,.METRE.) );
#3613 = ( NAMED_UNIT(*) PLANE_ANGLE_UNIT() SI_UNIT($,.RADIAN.) );
#3614 = ( NAMED_UNIT(*) SI_UNIT($,.STERADIAN.) SOLID_ANGLE_UNIT() );
#3615 = UNCERTAINTY_MEASURE_WITH_UNIT(LENGTH_MEASURE(1.E-07),#3612,
  'distance_accuracy_value','confusion accuracy');
#3616 = CONTEXT_DEPENDENT_SHAPE_REPRESENTATION(#3617,#3619);
#3617 = ( REPRESENTATION_RELATIONSHIP('','',#3557,#3434) 
REPRESENTATION_RELATIONSHIP_WITH_TRANSFORMATION(#3618) 
SHAPE_REPRESENTATION_RELATIONSHIP() );
#3618 = ITEM_DEFINED_TRANSFORMATION('','',#11,#3439);
#3619 = PRODUCT_DEFINITION_SHAPE('Placement','Placement of an item',
  #3620);
#3620 = NEXT_ASSEMBLY_USAGE_OCCURRENCE('26','hv_pack_neg','',#3429,#3552
  ,$);
#3621 = PRODUCT_RELATED_PRODUCT_CATEGORY('part',$,(#3554));
#3622 = SHAPE_DEFINITION_REPRESENTATION(#3623,#3629);
#3623 = PRODUCT_DEFINITION_SHAPE('','',#3624);
#3624 = PRODUCT_DEFINITION('design','',#3625,#3628);
#3625 = PRODUCT_DEFINITION_FORMATION('','',#3626);
#3626 = PRODUCT('hv_fused_pos','hv_fused_pos','',(#3627));
#3627 = PRODUCT_CONTEXT('',#2,'mechanical');
#3628 = PRODUCT_DEFINITION_CONTEXT('part definition',#2,'design');
#3629 = ADVANCED_BREP_SHAPE_REPRESENTATION('',(#11,#3630),#3683);
#3630 = MANIFOLD_SOLID_BREP('',#3631);
#3631 = CLOSED_SHELL('',(#3632,#3665,#3674));
#3632 = ADVANCED_FACE('',(#3633),#3660,.T.);
#3633 = FACE_BOUND('',#3634,.T.);
#3634 = EDGE_LOOP('',(#3635,#3645,#3652,#3653));
#3635 = ORIENTED_EDGE('',*,*,#3636,.T.);
#3636 = EDGE_CURVE('',#3637,#3639,#3641,.T.);
#3637 = VERTEX_POINT('',#3638);
#3638 = CARTESIAN_POINT('',(-500.,-75.,889.3));
#3639 = VERTEX_POINT('',#3640);
#3640 = CARTESIAN_POINT('',(-500.,-90.,889.3));
#3641 = LINE('',#3642,#3643);
#3642 = CARTESIAN_POINT('',(-500.,-75.,889.3));
#3643 = VECTOR('',#3644,1.);
#3644 = DIRECTION('',(0.,-1.,0.));
#3645 = ORIENTED_EDGE('',*,*,#3646,.F.);
#3646 = EDGE_CURVE('',#3639,#3639,#3647,.T.);
#3647 = CIRCLE('',#3648,12.7);
#3648 = AXIS2_PLACEMENT_3D('',#3649,#3650,#3651);
#3649 = CARTESIAN_POINT('',(-500.,-90.,902.));
#3650 = DIRECTION('',(0.,-1.,0.));
#3651 = DIRECTION('',(0.,0.,-1.));
#3652 = ORIENTED_EDGE('',*,*,#3636,.F.);
#3653 = ORIENTED_EDGE('',*,*,#3654,.T.);
#3654 = EDGE_CURVE('',#3637,#3637,#3655,.T.);
#3655 = CIRCLE('',#3656,12.7);
#3656 = AXIS2_PLACEMENT_3D('',#3657,#3658,#3659);
#3657 = CARTESIAN_POINT('',(-500.,-75.,902.));
#3658 = DIRECTION('',(0.,-1.,0.));
#3659 = DIRECTION('',(0.,0.,-1.));
#3660 = CYLINDRICAL_SURFACE('',#3661,12.7);
#3661 = AXIS2_PLACEMENT_3D('',#3662,#3663,#3664);
#3662 = CARTESIAN_POINT('',(-500.,-75.,902.));
#3663 = DIRECTION('',(0.,-1.,0.));
#3664 = DIRECTION('',(0.,0.,-1.));
#3665 = ADVANCED_FACE('',(#3666),#3669,.F.);
#3666 = FACE_BOUND('',#3667,.F.);
#3667 = EDGE_LOOP('',(#3668));
#3668 = ORIENTED_EDGE('',*,*,#3654,.T.);
#3669 = PLANE('',#3670);
#3670 = AXIS2_PLACEMENT_3D('',#3671,#3672,#3673);
#3671 = CARTESIAN_POINT('',(-500.,-75.,902.));
#3672 = DIRECTION('',(-0.,-1.,-0.));
#3673 = DIRECTION('',(0.,0.,-1.));
#3674 = ADVANCED_FACE('',(#3675),#3678,.T.);
#3675 = FACE_BOUND('',#3676,.T.);
#3676 = EDGE_LOOP('',(#3677));
#3677 = ORIENTED_EDGE('',*,*,#3646,.T.);
#3678 = PLANE('',#3679);
#3679 = AXIS2_PLACEMENT_3D('',#3680,#3681,#3682);
#3680 = CARTESIAN_POINT('',(-500.,-90.,902.));
#3681 = DIRECTION('',(-0.,-1.,-0.));
#3682 = DIRECTION('',(0.,0.,-1.));
#3683 = ( GEOMETRIC_REPRESENTATION_CONTEXT(3) 
GLOBAL_UNCERTAINTY_ASSIGNED_CONTEXT((#3687)) 
GLOBAL_UNIT_ASSIGNED_CONTEXT((#3684,#3685,#3686)) REPRESENTATION_CONTEXT
('Context #1','3D Context with UNIT and UNCERTAINTY') );
#3684 = ( LENGTH_UNIT() NAMED_UNIT(*) SI_UNIT(.MILLI.,.METRE.) );
#3685 = ( NAMED_UNIT(*) PLANE_ANGLE_UNIT() SI_UNIT($,.RADIAN.) );
#3686 = ( NAMED_UNIT(*) SI_UNIT($,.STERADIAN.) SOLID_ANGLE_UNIT() );
#3687 = UNCERTAINTY_MEASURE_WITH_UNIT(LENGTH_MEASURE(1.E-07),#3684,
  'distance_accuracy_value','confusion accuracy');
#3688 = CONTEXT_DEPENDENT_SHAPE_REPRESENTATION(#3689,#3691);
#3689 = ( REPRESENTATION_RELATIONSHIP('','',#3629,#3434) 
REPRESENTATION_RELATIONSHIP_WITH_TRANSFORMATION(#3690) 
SHAPE_REPRESENTATION_RELATIONSHIP() );
#3690 = ITEM_DEFINED_TRANSFORMATION('','',#11,#3443);
#3691 = PRODUCT_DEFINITION_SHAPE('Placement','Placement of an item',
  #3692);
#3692 = NEXT_ASSEMBLY_USAGE_OCCURRENCE('27','hv_fused_pos','',#3429,
  #3624,$);
#3693 = PRODUCT_RELATED_PRODUCT_CATEGORY('part',$,(#3626));
#3694 = SHAPE_DEFINITION_REPRESENTATION(#3695,#3701);
#3695 = PRODUCT_DEFINITION_SHAPE('','',#3696);
#3696 = PRODUCT_DEFINITION('design','',#3697,#3700);
#3697 = PRODUCT_DEFINITION_FORMATION('','',#3698);
#3698 = PRODUCT('hv_fused_neg','hv_fused_neg','',(#3699));
#3699 = PRODUCT_CONTEXT('',#2,'mechanical');
#3700 = PRODUCT_DEFINITION_CONTEXT('part definition',#2,'design');
#3701 = ADVANCED_BREP_SHAPE_REPRESENTATION('',(#11,#3702),#3755);
#3702 = MANIFOLD_SOLID_BREP('',#3703);
#3703 = CLOSED_SHELL('',(#3704,#3737,#3746));
#3704 = ADVANCED_FACE('',(#3705),#3732,.T.);
#3705 = FACE_BOUND('',#3706,.T.);
#3706 = EDGE_LOOP('',(#3707,#3717,#3724,#3725));
#3707 = ORIENTED_EDGE('',*,*,#3708,.T.);
#3708 = EDGE_CURVE('',#3709,#3711,#3713,.T.);
#3709 = VERTEX_POINT('',#3710);
#3710 = CARTESIAN_POINT('',(-500.,-75.,845.3));
#3711 = VERTEX_POINT('',#3712);
#3712 = CARTESIAN_POINT('',(-500.,-90.,845.3));
#3713 = LINE('',#3714,#3715);
#3714 = CARTESIAN_POINT('',(-500.,-75.,845.3));
#3715 = VECTOR('',#3716,1.);
#3716 = DIRECTION('',(0.,-1.,0.));
#3717 = ORIENTED_EDGE('',*,*,#3718,.F.);
#3718 = EDGE_CURVE('',#3711,#3711,#3719,.T.);
#3719 = CIRCLE('',#3720,12.7);
#3720 = AXIS2_PLACEMENT_3D('',#3721,#3722,#3723);
#3721 = CARTESIAN_POINT('',(-500.,-90.,858.));
#3722 = DIRECTION('',(0.,-1.,0.));
#3723 = DIRECTION('',(0.,0.,-1.));
#3724 = ORIENTED_EDGE('',*,*,#3708,.F.);
#3725 = ORIENTED_EDGE('',*,*,#3726,.T.);
#3726 = EDGE_CURVE('',#3709,#3709,#3727,.T.);
#3727 = CIRCLE('',#3728,12.7);
#3728 = AXIS2_PLACEMENT_3D('',#3729,#3730,#3731);
#3729 = CARTESIAN_POINT('',(-500.,-75.,858.));
#3730 = DIRECTION('',(0.,-1.,0.));
#3731 = DIRECTION('',(0.,0.,-1.));
#3732 = CYLINDRICAL_SURFACE('',#3733,12.7);
#3733 = AXIS2_PLACEMENT_3D('',#3734,#3735,#3736);
#3734 = CARTESIAN_POINT('',(-500.,-75.,858.));
#3735 = DIRECTION('',(0.,-1.,0.));
#3736 = DIRECTION('',(0.,0.,-1.));
#3737 = ADVANCED_FACE('',(#3738),#3741,.F.);
#3738 = FACE_BOUND('',#3739,.F.);
#3739 = EDGE_LOOP('',(#3740));
#3740 = ORIENTED_EDGE('',*,*,#3726,.T.);
#3741 = PLANE('',#3742);
#3742 = AXIS2_PLACEMENT_3D('',#3743,#3744,#3745);
#3743 = CARTESIAN_POINT('',(-500.,-75.,858.));
#3744 = DIRECTION('',(-0.,-1.,-0.));
#3745 = DIRECTION('',(0.,0.,-1.));
#3746 = ADVANCED_FACE('',(#3747),#3750,.T.);
#3747 = FACE_BOUND('',#3748,.T.);
#3748 = EDGE_LOOP('',(#3749));
#3749 = ORIENTED_EDGE('',*,*,#3718,.T.);
#3750 = PLANE('',#3751);
#3751 = AXIS2_PLACEMENT_3D('',#3752,#3753,#3754);
#3752 = CARTESIAN_POINT('',(-500.,-90.,858.));
#3753 = DIRECTION('',(-0.,-1.,-0.));
#3754 = DIRECTION('',(0.,0.,-1.));
#3755 = ( GEOMETRIC_REPRESENTATION_CONTEXT(3) 
GLOBAL_UNCERTAINTY_ASSIGNED_CONTEXT((#3759)) 
GLOBAL_UNIT_ASSIGNED_CONTEXT((#3756,#3757,#3758)) REPRESENTATION_CONTEXT
('Context #1','3D Context with UNIT and UNCERTAINTY') );
#3756 = ( LENGTH_UNIT() NAMED_UNIT(*) SI_UNIT(.MILLI.,.METRE.) );
#3757 = ( NAMED_UNIT(*) PLANE_ANGLE_UNIT() SI_UNIT($,.RADIAN.) );
#3758 = ( NAMED_UNIT(*) SI_UNIT($,.STERADIAN.) SOLID_ANGLE_UNIT() );
#3759 = UNCERTAINTY_MEASURE_WITH_UNIT(LENGTH_MEASURE(1.E-07),#3756,
  'distance_accuracy_value','confusion accuracy');
#3760 = CONTEXT_DEPENDENT_SHAPE_REPRESENTATION(#3761,#3763);
#3761 = ( REPRESENTATION_RELATIONSHIP('','',#3701,#3434) 
REPRESENTATION_RELATIONSHIP_WITH_TRANSFORMATION(#3762) 
SHAPE_REPRESENTATION_RELATIONSHIP() );
#3762 = ITEM_DEFINED_TRANSFORMATION('','',#11,#3447);
#3763 = PRODUCT_DEFINITION_SHAPE('Placement','Placement of an item',
  #3764);
#3764 = NEXT_ASSEMBLY_USAGE_OCCURRENCE('28','hv_fused_neg','',#3429,
  #3696,$);
#3765 = PRODUCT_RELATED_PRODUCT_CATEGORY('part',$,(#3698));
#3766 = SHAPE_DEFINITION_REPRESENTATION(#3767,#3773);
#3767 = PRODUCT_DEFINITION_SHAPE('','',#3768);
#3768 = PRODUCT_DEFINITION('design','',#3769,#3772);
#3769 = PRODUCT_DEFINITION_FORMATION('','',#3770);
#3770 = PRODUCT('hv_pdu_to_inverter','hv_pdu_to_inverter','',(#3771));
#3771 = PRODUCT_CONTEXT('',#2,'mechanical');
#3772 = PRODUCT_DEFINITION_CONTEXT('part definition',#2,'design');
#3773 = ADVANCED_BREP_SHAPE_REPRESENTATION('',(#11,#3774),#3852);
#3774 = MANIFOLD_SOLID_BREP('',#3775);
#3775 = CLOSED_SHELL('',(#3776,#3809,#3834,#3843));
#3776 = ADVANCED_FACE('',(#3777),#3804,.T.);
#3777 = FACE_BOUND('',#3778,.T.);
#3778 = EDGE_LOOP('',(#3779,#3789,#3796,#3797));
#3779 = ORIENTED_EDGE('',*,*,#3780,.T.);
#3780 = EDGE_CURVE('',#3781,#3783,#3785,.T.);
#3781 = VERTEX_POINT('',#3782);
#3782 = CARTESIAN_POINT('',(-420.,-90.,912.7));
#3783 = VERTEX_POINT('',#3784);
#3784 = CARTESIAN_POINT('',(-420.,10.,912.7));
#3785 = LINE('',#3786,#3787);
#3786 = CARTESIAN_POINT('',(-420.,-90.,912.7));
#3787 = VECTOR('',#3788,1.);
#3788 = DIRECTION('',(0.,1.,0.));
#3789 = ORIENTED_EDGE('',*,*,#3790,.F.);
#3790 = EDGE_CURVE('',#3783,#3783,#3791,.T.);
#3791 = CIRCLE('',#3792,12.7);
#3792 = AXIS2_PLACEMENT_3D('',#3793,#3794,#3795);
#3793 = CARTESIAN_POINT('',(-420.,10.,900.));
#3794 = DIRECTION('',(0.,1.,0.));
#3795 = DIRECTION('',(0.,-0.,1.));
#3796 = ORIENTED_EDGE('',*,*,#3780,.F.);
#3797 = ORIENTED_EDGE('',*,*,#3798,.T.);
#3798 = EDGE_CURVE('',#3781,#3781,#3799,.T.);
#3799 = CIRCLE('',#3800,12.7);
#3800 = AXIS2_PLACEMENT_3D('',#3801,#3802,#3803);
#3801 = CARTESIAN_POINT('',(-420.,-90.,900.));
#3802 = DIRECTION('',(0.,1.,0.));
#3803 = DIRECTION('',(0.,-0.,1.));
#3804 = CYLINDRICAL_SURFACE('',#3805,12.7);
#3805 = AXIS2_PLACEMENT_3D('',#3806,#3807,#3808);
#3806 = CARTESIAN_POINT('',(-420.,-90.,900.));
#3807 = DIRECTION('',(0.,1.,0.));
#3808 = DIRECTION('',(0.,-0.,1.));
#3809 = ADVANCED_FACE('',(#3810),#3829,.T.);
#3810 = FACE_BOUND('',#3811,.T.);
#3811 = EDGE_LOOP('',(#3812,#3820,#3827,#3828));
#3812 = ORIENTED_EDGE('',*,*,#3813,.T.);
#3813 = EDGE_CURVE('',#3783,#3814,#3816,.T.);
#3814 = VERTEX_POINT('',#3815);
#3815 = CARTESIAN_POINT('',(-420.,90.,912.7));
#3816 = LINE('',#3817,#3818);
#3817 = CARTESIAN_POINT('',(-420.,10.,912.7));
#3818 = VECTOR('',#3819,1.);
#3819 = DIRECTION('',(0.,1.,0.));
#3820 = ORIENTED_EDGE('',*,*,#3821,.F.);
#3821 = EDGE_CURVE('',#3814,#3814,#3822,.T.);
#3822 = CIRCLE('',#3823,12.7);
#3823 = AXIS2_PLACEMENT_3D('',#3824,#3825,#3826);
#3824 = CARTESIAN_POINT('',(-420.,90.,900.));
#3825 = DIRECTION('',(0.,1.,0.));
#3826 = DIRECTION('',(0.,-0.,1.));
#3827 = ORIENTED_EDGE('',*,*,#3813,.F.);
#3828 = ORIENTED_EDGE('',*,*,#3790,.T.);
#3829 = CYLINDRICAL_SURFACE('',#3830,12.7);
#3830 = AXIS2_PLACEMENT_3D('',#3831,#3832,#3833);
#3831 = CARTESIAN_POINT('',(-420.,10.,900.));
#3832 = DIRECTION('',(0.,1.,0.));
#3833 = DIRECTION('',(0.,-0.,1.));
#3834 = ADVANCED_FACE('',(#3835),#3838,.F.);
#3835 = FACE_BOUND('',#3836,.F.);
#3836 = EDGE_LOOP('',(#3837));
#3837 = ORIENTED_EDGE('',*,*,#3798,.T.);
#3838 = PLANE('',#3839);
#3839 = AXIS2_PLACEMENT_3D('',#3840,#3841,#3842);
#3840 = CARTESIAN_POINT('',(-420.,-90.,900.));
#3841 = DIRECTION('',(0.,1.,0.));
#3842 = DIRECTION('',(0.,-0.,1.));
#3843 = ADVANCED_FACE('',(#3844),#3847,.T.);
#3844 = FACE_BOUND('',#3845,.T.);
#3845 = EDGE_LOOP('',(#3846));
#3846 = ORIENTED_EDGE('',*,*,#3821,.T.);
#3847 = PLANE('',#3848);
#3848 = AXIS2_PLACEMENT_3D('',#3849,#3850,#3851);
#3849 = CARTESIAN_POINT('',(-420.,90.,900.));
#3850 = DIRECTION('',(0.,1.,0.));
#3851 = DIRECTION('',(0.,-0.,1.));
#3852 = ( GEOMETRIC_REPRESENTATION_CONTEXT(3) 
GLOBAL_UNCERTAINTY_ASSIGNED_CONTEXT((#3856)) 
GLOBAL_UNIT_ASSIGNED_CONTEXT((#3853,#3854,#3855)) REPRESENTATION_CONTEXT
('Context #1','3D Context with UNIT and UNCERTAINTY') );
#3853 = ( LENGTH_UNIT() NAMED_UNIT(*) SI_UNIT(.MILLI.,.METRE.) );
#3854 = ( NAMED_UNIT(*) PLANE_ANGLE_UNIT() SI_UNIT($,.RADIAN.) );
#3855 = ( NAMED_UNIT(*) SI_UNIT($,.STERADIAN.) SOLID_ANGLE_UNIT() );
#3856 = UNCERTAINTY_MEASURE_WITH_UNIT(LENGTH_MEASURE(1.E-07),#3853,
  'distance_accuracy_value','confusion accuracy');
#3857 = CONTEXT_DEPENDENT_SHAPE_REPRESENTATION(#3858,#3860);
#3858 = ( REPRESENTATION_RELATIONSHIP('','',#3773,#3434) 
REPRESENTATION_RELATIONSHIP_WITH_TRANSFORMATION(#3859) 
SHAPE_REPRESENTATION_RELATIONSHIP() );
#3859 = ITEM_DEFINED_TRANSFORMATION('','',#11,#3451);
#3860 = PRODUCT_DEFINITION_SHAPE('Placement','Placement of an item',
  #3861);
#3861 = NEXT_ASSEMBLY_USAGE_OCCURRENCE('29','hv_pdu_to_inverter','',
  #3429,#3768,$);
#3862 = PRODUCT_RELATED_PRODUCT_CATEGORY('part',$,(#3770));
#3863 = SHAPE_DEFINITION_REPRESENTATION(#3864,#3870);
#3864 = PRODUCT_DEFINITION_SHAPE('','',#3865);
#3865 = PRODUCT_DEFINITION('design','',#3866,#3869);
#3866 = PRODUCT_DEFINITION_FORMATION('','',#3867);
#3867 = PRODUCT('phase_U','phase_U','',(#3868));
#3868 = PRODUCT_CONTEXT('',#2,'mechanical');
#3869 = PRODUCT_DEFINITION_CONTEXT('part definition',#2,'design');
#3870 = ADVANCED_BREP_SHAPE_REPRESENTATION('',(#11,#3871),#4005);
#3871 = MANIFOLD_SOLID_BREP('',#3872);
#3872 = CLOSED_SHELL('',(#3873,#3906,#3934,#3959,#3987,#3996));
#3873 = ADVANCED_FACE('',(#3874),#3901,.T.);
#3874 = FACE_BOUND('',#3875,.T.);
#3875 = EDGE_LOOP('',(#3876,#3886,#3893,#3894));
#3876 = ORIENTED_EDGE('',*,*,#3877,.T.);
#3877 = EDGE_CURVE('',#3878,#3880,#3882,.T.);
#3878 = VERTEX_POINT('',#3879);
#3879 = CARTESIAN_POINT('',(-550.,150.,889.));
#3880 = VERTEX_POINT('',#3881);
#3881 = CARTESIAN_POINT('',(-722.,150.,889.));
#3882 = LINE('',#3883,#3884);
#3883 = CARTESIAN_POINT('',(-550.,150.,889.));
#3884 = VECTOR('',#3885,1.);
#3885 = DIRECTION('',(-1.,0.,0.));
#3886 = ORIENTED_EDGE('',*,*,#3887,.F.);
#3887 = EDGE_CURVE('',#3880,#3880,#3888,.T.);
#3888 = CIRCLE('',#3889,11.);
#3889 = AXIS2_PLACEMENT_3D('',#3890,#3891,#3892);
#3890 = CARTESIAN_POINT('',(-722.,150.,900.));
#3891 = DIRECTION('',(-1.,0.,0.));
#3892 = DIRECTION('',(0.,0.,-1.));
#3893 = ORIENTED_EDGE('',*,*,#3877,.F.);
#3894 = ORIENTED_EDGE('',*,*,#3895,.T.);
#3895 = EDGE_CURVE('',#3878,#3878,#3896,.T.);
#3896 = CIRCLE('',#3897,11.);
#3897 = AXIS2_PLACEMENT_3D('',#3898,#3899,#3900);
#3898 = CARTESIAN_POINT('',(-550.,150.,900.));
#3899 = DIRECTION('',(-1.,0.,0.));
#3900 = DIRECTION('',(0.,0.,-1.));
#3901 = CYLINDRICAL_SURFACE('',#3902,11.);
#3902 = AXIS2_PLACEMENT_3D('',#3903,#3904,#3905);
#3903 = CARTESIAN_POINT('',(-550.,150.,900.));
#3904 = DIRECTION('',(-1.,0.,0.));
#3905 = DIRECTION('',(0.,0.,-1.));
#3906 = ADVANCED_FACE('',(#3907),#3926,.T.);
#3907 = FACE_BOUND('',#3908,.T.);
#3908 = EDGE_LOOP('',(#3909,#3917,#3924,#3925));
#3909 = ORIENTED_EDGE('',*,*,#3910,.T.);
#3910 = EDGE_CURVE('',#3880,#3911,#3913,.T.);
#3911 = VERTEX_POINT('',#3912);
#3912 = CARTESIAN_POINT('',(-722.,-40.,934.));
#3913 = LINE('',#3914,#3915);
#3914 = CARTESIAN_POINT('',(-722.,150.,889.));
#3915 = VECTOR('',#3916,1.);
#3916 = DIRECTION('',(0.,-0.97308028749,0.230466383879));
#3917 = ORIENTED_EDGE('',*,*,#3918,.F.);
#3918 = EDGE_CURVE('',#3911,#3911,#3919,.T.);
#3919 = CIRCLE('',#3920,11.);
#3920 = AXIS2_PLACEMENT_3D('',#3921,#3922,#3923);
#3921 = CARTESIAN_POINT('',(-722.,-40.,944.99999999999));
#3922 = DIRECTION('',(-1.,-0.,-0.));
#3923 = DIRECTION('',(0.,0.,-1.));
#3924 = ORIENTED_EDGE('',*,*,#3910,.F.);
#3925 = ORIENTED_EDGE('',*,*,#3887,.T.);
#3926 = SURFACE_OF_LINEAR_EXTRUSION('',#3927,#3932);
#3927 = CIRCLE('',#3928,11.);
#3928 = AXIS2_PLACEMENT_3D('',#3929,#3930,#3931);
#3929 = CARTESIAN_POINT('',(-722.,150.,900.));
#3930 = DIRECTION('',(-1.,-0.,-0.));
#3931 = DIRECTION('',(0.,0.,-1.));
#3932 = VECTOR('',#3933,1.);
#3933 = DIRECTION('',(0.,-0.97308028749,0.230466383879));
#3934 = ADVANCED_FACE('',(#3935),#3954,.T.);
#3935 = FACE_BOUND('',#3936,.T.);
#3936 = EDGE_LOOP('',(#3937,#3945,#3952,#3953));
#3937 = ORIENTED_EDGE('',*,*,#3938,.T.);
#3938 = EDGE_CURVE('',#3911,#3939,#3941,.T.);
#3939 = VERTEX_POINT('',#3940);
#3940 = CARTESIAN_POINT('',(-1.12E+03,-40.,934.));
#3941 = LINE('',#3942,#3943);
#3942 = CARTESIAN_POINT('',(-722.,-40.,934.));
#3943 = VECTOR('',#3944,1.);
#3944 = DIRECTION('',(-1.,0.,0.));
#3945 = ORIENTED_EDGE('',*,*,#3946,.F.);
#3946 = EDGE_CURVE('',#3939,#3939,#3947,.T.);
#3947 = CIRCLE('',#3948,11.);
#3948 = AXIS2_PLACEMENT_3D('',#3949,#3950,#3951);
#3949 = CARTESIAN_POINT('',(-1.12E+03,-40.,945.));
#3950 = DIRECTION('',(-1.,0.,0.));
#3951 = DIRECTION('',(0.,0.,-1.));
#3952 = ORIENTED_EDGE('',*,*,#3938,.F.);
#3953 = ORIENTED_EDGE('',*,*,#3918,.T.);
#3954 = CYLINDRICAL_SURFACE('',#3955,11.);
#3955 = AXIS2_PLACEMENT_3D('',#3956,#3957,#3958);
#3956 = CARTESIAN_POINT('',(-722.,-40.,945.));
#3957 = DIRECTION('',(-1.,0.,0.));
#3958 = DIRECTION('',(0.,0.,-1.));
#3959 = ADVANCED_FACE('',(#3960),#3979,.T.);
#3960 = FACE_BOUND('',#3961,.T.);
#3961 = EDGE_LOOP('',(#3962,#3970,#3977,#3978));
#3962 = ORIENTED_EDGE('',*,*,#3963,.T.);
#3963 = EDGE_CURVE('',#3939,#3964,#3966,.T.);
#3964 = VERTEX_POINT('',#3965);
#3965 = CARTESIAN_POINT('',(-1.12E+03,-40.,734.));
#3966 = LINE('',#3967,#3968);
#3967 = CARTESIAN_POINT('',(-1.12E+03,-40.,934.));
#3968 = VECTOR('',#3969,1.);
#3969 = DIRECTION('',(0.,0.,-1.));
#3970 = ORIENTED_EDGE('',*,*,#3971,.F.);
#3971 = EDGE_CURVE('',#3964,#3964,#3972,.T.);
#3972 = CIRCLE('',#3973,11.);
#3973 = AXIS2_PLACEMENT_3D('',#3974,#3975,#3976);
#3974 = CARTESIAN_POINT('',(-1.12E+03,-40.,745.));
#3975 = DIRECTION('',(-1.,-0.,-0.));
#3976 = DIRECTION('',(0.,0.,-1.));
#3977 = ORIENTED_EDGE('',*,*,#3963,.F.);
#3978 = ORIENTED_EDGE('',*,*,#3946,.T.);
#3979 = SURFACE_OF_LINEAR_EXTRUSION('',#3980,#3985);
#3980 = CIRCLE('',#3981,11.);
#3981 = AXIS2_PLACEMENT_3D('',#3982,#3983,#3984);
#3982 = CARTESIAN_POINT('',(-1.12E+03,-40.,945.));
#3983 = DIRECTION('',(-1.,-0.,-0.));
#3984 = DIRECTION('',(0.,0.,-1.));
#3985 = VECTOR('',#3986,1.);
#3986 = DIRECTION('',(0.,0.,-1.));
#3987 = ADVANCED_FACE('',(#3988),#3991,.F.);
#3988 = FACE_BOUND('',#3989,.F.);
#3989 = EDGE_LOOP('',(#3990));
#3990 = ORIENTED_EDGE('',*,*,#3895,.T.);
#3991 = PLANE('',#3992);
#3992 = AXIS2_PLACEMENT_3D('',#3993,#3994,#3995);
#3993 = CARTESIAN_POINT('',(-550.,150.,900.));
#3994 = DIRECTION('',(-1.,-0.,-0.));
#3995 = DIRECTION('',(0.,0.,-1.));
#3996 = ADVANCED_FACE('',(#3997),#4000,.T.);
#3997 = FACE_BOUND('',#3998,.T.);
#3998 = EDGE_LOOP('',(#3999));
#3999 = ORIENTED_EDGE('',*,*,#3971,.T.);
#4000 = PLANE('',#4001);
#4001 = AXIS2_PLACEMENT_3D('',#4002,#4003,#4004);
#4002 = CARTESIAN_POINT('',(-1.12E+03,-40.,745.));
#4003 = DIRECTION('',(-1.,-0.,-0.));
#4004 = DIRECTION('',(0.,0.,-1.));
#4005 = ( GEOMETRIC_REPRESENTATION_CONTEXT(3) 
GLOBAL_UNCERTAINTY_ASSIGNED_CONTEXT((#4009)) 
GLOBAL_UNIT_ASSIGNED_CONTEXT((#4006,#4007,#4008)) REPRESENTATION_CONTEXT
('Context #1','3D Context with UNIT and UNCERTAINTY') );
#4006 = ( LENGTH_UNIT() NAMED_UNIT(*) SI_UNIT(.MILLI.,.METRE.) );
#4007 = ( NAMED_UNIT(*) PLANE_ANGLE_UNIT() SI_UNIT($,.RADIAN.) );
#4008 = ( NAMED_UNIT(*) SI_UNIT($,.STERADIAN.) SOLID_ANGLE_UNIT() );
#4009 = UNCERTAINTY_MEASURE_WITH_UNIT(LENGTH_MEASURE(1.E-07),#4006,
  'distance_accuracy_value','confusion accuracy');
#4010 = CONTEXT_DEPENDENT_SHAPE_REPRESENTATION(#4011,#4013);
#4011 = ( REPRESENTATION_RELATIONSHIP('','',#3870,#3434) 
REPRESENTATION_RELATIONSHIP_WITH_TRANSFORMATION(#4012) 
SHAPE_REPRESENTATION_RELATIONSHIP() );
#4012 = ITEM_DEFINED_TRANSFORMATION('','',#11,#3455);
#4013 = PRODUCT_DEFINITION_SHAPE('Placement','Placement of an item',
  #4014);
#4014 = NEXT_ASSEMBLY_USAGE_OCCURRENCE('30','phase_U','',#3429,#3865,$);
#4015 = PRODUCT_RELATED_PRODUCT_CATEGORY('part',$,(#3867));
#4016 = SHAPE_DEFINITION_REPRESENTATION(#4017,#4023);
#4017 = PRODUCT_DEFINITION_SHAPE('','',#4018);
#4018 = PRODUCT_DEFINITION('design','',#4019,#4022);
#4019 = PRODUCT_DEFINITION_FORMATION('','',#4020);
#4020 = PRODUCT('phase_V','phase_V','',(#4021));
#4021 = PRODUCT_CONTEXT('',#2,'mechanical');
#4022 = PRODUCT_DEFINITION_CONTEXT('part definition',#2,'design');
#4023 = ADVANCED_BREP_SHAPE_REPRESENTATION('',(#11,#4024),#4158);
#4024 = MANIFOLD_SOLID_BREP('',#4025);
#4025 = CLOSED_SHELL('',(#4026,#4059,#4087,#4112,#4140,#4149));
#4026 = ADVANCED_FACE('',(#4027),#4054,.T.);
#4027 = FACE_BOUND('',#4028,.T.);
#4028 = EDGE_LOOP('',(#4029,#4039,#4046,#4047));
#4029 = ORIENTED_EDGE('',*,*,#4030,.T.);
#4030 = EDGE_CURVE('',#4031,#4033,#4035,.T.);
#4031 = VERTEX_POINT('',#4032);
#4032 = CARTESIAN_POINT('',(-550.,190.,889.));
#4033 = VERTEX_POINT('',#4034);
#4034 = CARTESIAN_POINT('',(-722.,190.,889.));
#4035 = LINE('',#4036,#4037);
#4036 = CARTESIAN_POINT('',(-550.,190.,889.));
#4037 = VECTOR('',#4038,1.);
#4038 = DIRECTION('',(-1.,0.,0.));
#4039 = ORIENTED_EDGE('',*,*,#4040,.F.);
#4040 = EDGE_CURVE('',#4033,#4033,#4041,.T.);
#4041 = CIRCLE('',#4042,11.);
#4042 = AXIS2_PLACEMENT_3D('',#4043,#4044,#4045);
#4043 = CARTESIAN_POINT('',(-722.,190.,900.));
#4044 = DIRECTION('',(-1.,0.,0.));
#4045 = DIRECTION('',(0.,0.,-1.));
#4046 = ORIENTED_EDGE('',*,*,#4030,.F.);
#4047 = ORIENTED_EDGE('',*,*,#4048,.T.);
#4048 = EDGE_CURVE('',#4031,#4031,#4049,.T.);
#4049 = CIRCLE('',#4050,11.);
#4050 = AXIS2_PLACEMENT_3D('',#4051,#4052,#4053);
#4051 = CARTESIAN_POINT('',(-550.,190.,900.));
#4052 = DIRECTION('',(-1.,0.,0.));
#4053 = DIRECTION('',(0.,0.,-1.));
#4054 = CYLINDRICAL_SURFACE('',#4055,11.);
#4055 = AXIS2_PLACEMENT_3D('',#4056,#4057,#4058);
#4056 = CARTESIAN_POINT('',(-550.,190.,900.));
#4057 = DIRECTION('',(-1.,0.,0.));
#4058 = DIRECTION('',(0.,0.,-1.));
#4059 = ADVANCED_FACE('',(#4060),#4079,.T.);
#4060 = FACE_BOUND('',#4061,.T.);
#4061 = EDGE_LOOP('',(#4062,#4070,#4077,#4078));
#4062 = ORIENTED_EDGE('',*,*,#4063,.T.);
#4063 = EDGE_CURVE('',#4033,#4064,#4066,.T.);
#4064 = VERTEX_POINT('',#4065);
#4065 = CARTESIAN_POINT('',(-722.,0.,934.));
#4066 = LINE('',#4067,#4068);
#4067 = CARTESIAN_POINT('',(-722.,190.,889.));
#4068 = VECTOR('',#4069,1.);
#4069 = DIRECTION('',(0.,-0.97308028749,0.230466383879));
#4070 = ORIENTED_EDGE('',*,*,#4071,.F.);
#4071 = EDGE_CURVE('',#4064,#4064,#4072,.T.);
#4072 = CIRCLE('',#4073,11.);
#4073 = AXIS2_PLACEMENT_3D('',#4074,#4075,#4076);
#4074 = CARTESIAN_POINT('',(-722.,-2.245315045002E-12,944.99999999999));
#4075 = DIRECTION('',(-1.,-0.,-0.));
#4076 = DIRECTION('',(0.,0.,-1.));
#4077 = ORIENTED_EDGE('',*,*,#4063,.F.);
#4078 = ORIENTED_EDGE('',*,*,#4040,.T.);
#4079 = SURFACE_OF_LINEAR_EXTRUSION('',#4080,#4085);
#4080 = CIRCLE('',#4081,11.);
#4081 = AXIS2_PLACEMENT_3D('',#4082,#4083,#4084);
#4082 = CARTESIAN_POINT('',(-722.,190.,900.));
#4083 = DIRECTION('',(-1.,-0.,-0.));
#4084 = DIRECTION('',(0.,0.,-1.));
#4085 = VECTOR('',#4086,1.);
#4086 = DIRECTION('',(0.,-0.97308028749,0.230466383879));
#4087 = ADVANCED_FACE('',(#4088),#4107,.T.);
#4088 = FACE_BOUND('',#4089,.T.);
#4089 = EDGE_LOOP('',(#4090,#4098,#4105,#4106));
#4090 = ORIENTED_EDGE('',*,*,#4091,.T.);
#4091 = EDGE_CURVE('',#4064,#4092,#4094,.T.);
#4092 = VERTEX_POINT('',#4093);
#4093 = CARTESIAN_POINT('',(-1.12E+03,0.,934.));
#4094 = LINE('',#4095,#4096);
#4095 = CARTESIAN_POINT('',(-722.,0.,934.));
#4096 = VECTOR('',#4097,1.);
#4097 = DIRECTION('',(-1.,0.,0.));
#4098 = ORIENTED_EDGE('',*,*,#4099,.F.);
#4099 = EDGE_CURVE('',#4092,#4092,#4100,.T.);
#4100 = CIRCLE('',#4101,11.);
#4101 = AXIS2_PLACEMENT_3D('',#4102,#4103,#4104);
#4102 = CARTESIAN_POINT('',(-1.12E+03,0.,945.));
#4103 = DIRECTION('',(-1.,0.,0.));
#4104 = DIRECTION('',(0.,0.,-1.));
#4105 = ORIENTED_EDGE('',*,*,#4091,.F.);
#4106 = ORIENTED_EDGE('',*,*,#4071,.T.);
#4107 = CYLINDRICAL_SURFACE('',#4108,11.);
#4108 = AXIS2_PLACEMENT_3D('',#4109,#4110,#4111);
#4109 = CARTESIAN_POINT('',(-722.,0.,945.));
#4110 = DIRECTION('',(-1.,0.,0.));
#4111 = DIRECTION('',(0.,0.,-1.));
#4112 = ADVANCED_FACE('',(#4113),#4132,.T.);
#4113 = FACE_BOUND('',#4114,.T.);
#4114 = EDGE_LOOP('',(#4115,#4123,#4130,#4131));
#4115 = ORIENTED_EDGE('',*,*,#4116,.T.);
#4116 = EDGE_CURVE('',#4092,#4117,#4119,.T.);
#4117 = VERTEX_POINT('',#4118);
#4118 = CARTESIAN_POINT('',(-1.12E+03,2.694222958124E-15,734.));
#4119 = LINE('',#4120,#4121);
#4120 = CARTESIAN_POINT('',(-1.12E+03,0.,934.));
#4121 = VECTOR('',#4122,1.);
#4122 = DIRECTION('',(0.,0.,-1.));
#4123 = ORIENTED_EDGE('',*,*,#4124,.F.);
#4124 = EDGE_CURVE('',#4117,#4117,#4125,.T.);
#4125 = CIRCLE('',#4126,11.);
#4126 = AXIS2_PLACEMENT_3D('',#4127,#4128,#4129);
#4127 = CARTESIAN_POINT('',(-1.12E+03,0.,745.));
#4128 = DIRECTION('',(-1.,-0.,-0.));
#4129 = DIRECTION('',(0.,0.,-1.));
#4130 = ORIENTED_EDGE('',*,*,#4116,.F.);
#4131 = ORIENTED_EDGE('',*,*,#4099,.T.);
#4132 = SURFACE_OF_LINEAR_EXTRUSION('',#4133,#4138);
#4133 = CIRCLE('',#4134,11.);
#4134 = AXIS2_PLACEMENT_3D('',#4135,#4136,#4137);
#4135 = CARTESIAN_POINT('',(-1.12E+03,0.,945.));
#4136 = DIRECTION('',(-1.,-0.,-0.));
#4137 = DIRECTION('',(0.,0.,-1.));
#4138 = VECTOR('',#4139,1.);
#4139 = DIRECTION('',(0.,0.,-1.));
#4140 = ADVANCED_FACE('',(#4141),#4144,.F.);
#4141 = FACE_BOUND('',#4142,.F.);
#4142 = EDGE_LOOP('',(#4143));
#4143 = ORIENTED_EDGE('',*,*,#4048,.T.);
#4144 = PLANE('',#4145);
#4145 = AXIS2_PLACEMENT_3D('',#4146,#4147,#4148);
#4146 = CARTESIAN_POINT('',(-550.,190.,900.));
#4147 = DIRECTION('',(-1.,-0.,-0.));
#4148 = DIRECTION('',(0.,0.,-1.));
#4149 = ADVANCED_FACE('',(#4150),#4153,.T.);
#4150 = FACE_BOUND('',#4151,.T.);
#4151 = EDGE_LOOP('',(#4152));
#4152 = ORIENTED_EDGE('',*,*,#4124,.T.);
#4153 = PLANE('',#4154);
#4154 = AXIS2_PLACEMENT_3D('',#4155,#4156,#4157);
#4155 = CARTESIAN_POINT('',(-1.12E+03,-1.539966669461E-15,745.));
#4156 = DIRECTION('',(-1.,-0.,-0.));
#4157 = DIRECTION('',(0.,0.,-1.));
#4158 = ( GEOMETRIC_REPRESENTATION_CONTEXT(3) 
GLOBAL_UNCERTAINTY_ASSIGNED_CONTEXT((#4162)) 
GLOBAL_UNIT_ASSIGNED_CONTEXT((#4159,#4160,#4161)) REPRESENTATION_CONTEXT
('Context #1','3D Context with UNIT and UNCERTAINTY') );
#4159 = ( LENGTH_UNIT() NAMED_UNIT(*) SI_UNIT(.MILLI.,.METRE.) );
#4160 = ( NAMED_UNIT(*) PLANE_ANGLE_UNIT() SI_UNIT($,.RADIAN.) );
#4161 = ( NAMED_UNIT(*) SI_UNIT($,.STERADIAN.) SOLID_ANGLE_UNIT() );
#4162 = UNCERTAINTY_MEASURE_WITH_UNIT(LENGTH_MEASURE(1.E-07),#4159,
  'distance_accuracy_value','confusion accuracy');
#4163 = CONTEXT_DEPENDENT_SHAPE_REPRESENTATION(#4164,#4166);
#4164 = ( REPRESENTATION_RELATIONSHIP('','',#4023,#3434) 
REPRESENTATION_RELATIONSHIP_WITH_TRANSFORMATION(#4165) 
SHAPE_REPRESENTATION_RELATIONSHIP() );
#4165 = ITEM_DEFINED_TRANSFORMATION('','',#11,#3459);
#4166 = PRODUCT_DEFINITION_SHAPE('Placement','Placement of an item',
  #4167);
#4167 = NEXT_ASSEMBLY_USAGE_OCCURRENCE('31','phase_V','',#3429,#4018,$);
#4168 = PRODUCT_RELATED_PRODUCT_CATEGORY('part',$,(#4020));
#4169 = SHAPE_DEFINITION_REPRESENTATION(#4170,#4176);
#4170 = PRODUCT_DEFINITION_SHAPE('','',#4171);
#4171 = PRODUCT_DEFINITION('design','',#4172,#4175);
#4172 = PRODUCT_DEFINITION_FORMATION('','',#4173);
#4173 = PRODUCT('phase_W','phase_W','',(#4174));
#4174 = PRODUCT_CONTEXT('',#2,'mechanical');
#4175 = PRODUCT_DEFINITION_CONTEXT('part definition',#2,'design');
#4176 = ADVANCED_BREP_SHAPE_REPRESENTATION('',(#11,#4177),#4311);
#4177 = MANIFOLD_SOLID_BREP('',#4178);
#4178 = CLOSED_SHELL('',(#4179,#4212,#4240,#4265,#4293,#4302));
#4179 = ADVANCED_FACE('',(#4180),#4207,.T.);
#4180 = FACE_BOUND('',#4181,.T.);
#4181 = EDGE_LOOP('',(#4182,#4192,#4199,#4200));
#4182 = ORIENTED_EDGE('',*,*,#4183,.T.);
#4183 = EDGE_CURVE('',#4184,#4186,#4188,.T.);
#4184 = VERTEX_POINT('',#4185);
#4185 = CARTESIAN_POINT('',(-550.,230.,889.));
#4186 = VERTEX_POINT('',#4187);
#4187 = CARTESIAN_POINT('',(-722.,230.,889.));
#4188 = LINE('',#4189,#4190);
#4189 = CARTESIAN_POINT('',(-550.,230.,889.));
#4190 = VECTOR('',#4191,1.);
#4191 = DIRECTION('',(-1.,0.,0.));
#4192 = ORIENTED_EDGE('',*,*,#4193,.F.);
#4193 = EDGE_CURVE('',#4186,#4186,#4194,.T.);
#4194 = CIRCLE('',#4195,11.);
#4195 = AXIS2_PLACEMENT_3D('',#4196,#4197,#4198);
#4196 = CARTESIAN_POINT('',(-722.,230.,900.));
#4197 = DIRECTION('',(-1.,0.,0.));
#4198 = DIRECTION('',(0.,0.,-1.));
#4199 = ORIENTED_EDGE('',*,*,#4183,.F.);
#4200 = ORIENTED_EDGE('',*,*,#4201,.T.);
#4201 = EDGE_CURVE('',#4184,#4184,#4202,.T.);
#4202 = CIRCLE('',#4203,11.);
#4203 = AXIS2_PLACEMENT_3D('',#4204,#4205,#4206);
#4204 = CARTESIAN_POINT('',(-550.,230.,900.));
#4205 = DIRECTION('',(-1.,0.,0.));
#4206 = DIRECTION('',(0.,0.,-1.));
#4207 = CYLINDRICAL_SURFACE('',#4208,11.);
#4208 = AXIS2_PLACEMENT_3D('',#4209,#4210,#4211);
#4209 = CARTESIAN_POINT('',(-550.,230.,900.));
#4210 = DIRECTION('',(-1.,0.,0.));
#4211 = DIRECTION('',(0.,0.,-1.));
#4212 = ADVANCED_FACE('',(#4213),#4232,.T.);
#4213 = FACE_BOUND('',#4214,.T.);
#4214 = EDGE_LOOP('',(#4215,#4223,#4230,#4231));
#4215 = ORIENTED_EDGE('',*,*,#4216,.T.);
#4216 = EDGE_CURVE('',#4186,#4217,#4219,.T.);
#4217 = VERTEX_POINT('',#4218);
#4218 = CARTESIAN_POINT('',(-722.,40.,934.));
#4219 = LINE('',#4220,#4221);
#4220 = CARTESIAN_POINT('',(-722.,230.,889.));
#4221 = VECTOR('',#4222,1.);
#4222 = DIRECTION('',(0.,-0.97308028749,0.230466383879));
#4223 = ORIENTED_EDGE('',*,*,#4224,.F.);
#4224 = EDGE_CURVE('',#4217,#4217,#4225,.T.);
#4225 = CIRCLE('',#4226,11.);
#4226 = AXIS2_PLACEMENT_3D('',#4227,#4228,#4229);
#4227 = CARTESIAN_POINT('',(-722.,39.999999999998,944.99999999999));
#4228 = DIRECTION('',(-1.,-0.,-0.));
#4229 = DIRECTION('',(0.,0.,-1.));
#4230 = ORIENTED_EDGE('',*,*,#4216,.F.);
#4231 = ORIENTED_EDGE('',*,*,#4193,.T.);
#4232 = SURFACE_OF_LINEAR_EXTRUSION('',#4233,#4238);
#4233 = CIRCLE('',#4234,11.);
#4234 = AXIS2_PLACEMENT_3D('',#4235,#4236,#4237);
#4235 = CARTESIAN_POINT('',(-722.,230.,900.));
#4236 = DIRECTION('',(-1.,-0.,-0.));
#4237 = DIRECTION('',(0.,0.,-1.));
#4238 = VECTOR('',#4239,1.);
#4239 = DIRECTION('',(0.,-0.97308028749,0.230466383879));
#4240 = ADVANCED_FACE('',(#4241),#4260,.T.);
#4241 = FACE_BOUND('',#4242,.T.);
#4242 = EDGE_LOOP('',(#4243,#4251,#4258,#4259));
#4243 = ORIENTED_EDGE('',*,*,#4244,.T.);
#4244 = EDGE_CURVE('',#4217,#4245,#4247,.T.);
#4245 = VERTEX_POINT('',#4246);
#4246 = CARTESIAN_POINT('',(-1.12E+03,40.,934.));
#4247 = LINE('',#4248,#4249);
#4248 = CARTESIAN_POINT('',(-722.,40.,934.));
#4249 = VECTOR('',#4250,1.);
#4250 = DIRECTION('',(-1.,0.,0.));
#4251 = ORIENTED_EDGE('',*,*,#4252,.F.);
#4252 = EDGE_CURVE('',#4245,#4245,#4253,.T.);
#4253 = CIRCLE('',#4254,11.);
#4254 = AXIS2_PLACEMENT_3D('',#4255,#4256,#4257);
#4255 = CARTESIAN_POINT('',(-1.12E+03,40.,945.));
#4256 = DIRECTION('',(-1.,0.,0.));
#4257 = DIRECTION('',(0.,0.,-1.));
#4258 = ORIENTED_EDGE('',*,*,#4244,.F.);
#4259 = ORIENTED_EDGE('',*,*,#4224,.T.);
#4260 = CYLINDRICAL_SURFACE('',#4261,11.);
#4261 = AXIS2_PLACEMENT_3D('',#4262,#4263,#4264);
#4262 = CARTESIAN_POINT('',(-722.,40.,945.));
#4263 = DIRECTION('',(-1.,0.,0.));
#4264 = DIRECTION('',(0.,0.,-1.));
#4265 = ADVANCED_FACE('',(#4266),#4285,.T.);
#4266 = FACE_BOUND('',#4267,.T.);
#4267 = EDGE_LOOP('',(#4268,#4276,#4283,#4284));
#4268 = ORIENTED_EDGE('',*,*,#4269,.T.);
#4269 = EDGE_CURVE('',#4245,#4270,#4272,.T.);
#4270 = VERTEX_POINT('',#4271);
#4271 = CARTESIAN_POINT('',(-1.12E+03,40.,734.));
#4272 = LINE('',#4273,#4274);
#4273 = CARTESIAN_POINT('',(-1.12E+03,40.,934.));
#4274 = VECTOR('',#4275,1.);
#4275 = DIRECTION('',(0.,0.,-1.));
#4276 = ORIENTED_EDGE('',*,*,#4277,.F.);
#4277 = EDGE_CURVE('',#4270,#4270,#4278,.T.);
#4278 = CIRCLE('',#4279,11.);
#4279 = AXIS2_PLACEMENT_3D('',#4280,#4281,#4282);
#4280 = CARTESIAN_POINT('',(-1.12E+03,40.,745.));
#4281 = DIRECTION('',(-1.,-0.,-0.));
#4282 = DIRECTION('',(0.,0.,-1.));
#4283 = ORIENTED_EDGE('',*,*,#4269,.F.);
#4284 = ORIENTED_EDGE('',*,*,#4252,.T.);
#4285 = SURFACE_OF_LINEAR_EXTRUSION('',#4286,#4291);
#4286 = CIRCLE('',#4287,11.);
#4287 = AXIS2_PLACEMENT_3D('',#4288,#4289,#4290);
#4288 = CARTESIAN_POINT('',(-1.12E+03,40.,945.));
#4289 = DIRECTION('',(-1.,-0.,-0.));
#4290 = DIRECTION('',(0.,0.,-1.));
#4291 = VECTOR('',#4292,1.);
#4292 = DIRECTION('',(0.,0.,-1.));
#4293 = ADVANCED_FACE('',(#4294),#4297,.F.);
#4294 = FACE_BOUND('',#4295,.F.);
#4295 = EDGE_LOOP('',(#4296));
#4296 = ORIENTED_EDGE('',*,*,#4201,.T.);
#4297 = PLANE('',#4298);
#4298 = AXIS2_PLACEMENT_3D('',#4299,#4300,#4301);
#4299 = CARTESIAN_POINT('',(-550.,230.,900.));
#4300 = DIRECTION('',(-1.,-0.,-0.));
#4301 = DIRECTION('',(0.,0.,-1.));
#4302 = ADVANCED_FACE('',(#4303),#4306,.T.);
#4303 = FACE_BOUND('',#4304,.T.);
#4304 = EDGE_LOOP('',(#4305));
#4305 = ORIENTED_EDGE('',*,*,#4277,.T.);
#4306 = PLANE('',#4307);
#4307 = AXIS2_PLACEMENT_3D('',#4308,#4309,#4310);
#4308 = CARTESIAN_POINT('',(-1.12E+03,40.,745.));
#4309 = DIRECTION('',(-1.,-0.,-0.));
#4310 = DIRECTION('',(0.,0.,-1.));
#4311 = ( GEOMETRIC_REPRESENTATION_CONTEXT(3) 
GLOBAL_UNCERTAINTY_ASSIGNED_CONTEXT((#4315)) 
GLOBAL_UNIT_ASSIGNED_CONTEXT((#4312,#4313,#4314)) REPRESENTATION_CONTEXT
('Context #1','3D Context with UNIT and UNCERTAINTY') );
#4312 = ( LENGTH_UNIT() NAMED_UNIT(*) SI_UNIT(.MILLI.,.METRE.) );
#4313 = ( NAMED_UNIT(*) PLANE_ANGLE_UNIT() SI_UNIT($,.RADIAN.) );
#4314 = ( NAMED_UNIT(*) SI_UNIT($,.STERADIAN.) SOLID_ANGLE_UNIT() );
#4315 = UNCERTAINTY_MEASURE_WITH_UNIT(LENGTH_MEASURE(1.E-07),#4312,
  'distance_accuracy_value','confusion accuracy');
#4316 = CONTEXT_DEPENDENT_SHAPE_REPRESENTATION(#4317,#4319);
#4317 = ( REPRESENTATION_RELATIONSHIP('','',#4176,#3434) 
REPRESENTATION_RELATIONSHIP_WITH_TRANSFORMATION(#4318) 
SHAPE_REPRESENTATION_RELATIONSHIP() );
#4318 = ITEM_DEFINED_TRANSFORMATION('','',#11,#3463);
#4319 = PRODUCT_DEFINITION_SHAPE('Placement','Placement of an item',
  #4320);
#4320 = NEXT_ASSEMBLY_USAGE_OCCURRENCE('32','phase_W','',#3429,#4171,$);
#4321 = PRODUCT_RELATED_PRODUCT_CATEGORY('part',$,(#4173));
ENDSEC;
END-ISO-10303-21;
